key,extent,e_tcr_mhc,chain_balance,pitch,crossing,dock_d,dock_torsion,dock_tcr_uy,dock_tcr_uz,dock_mhc_uy,dock_mhc_uz,e_cdr12,e_cdr3a,e_cdr3b,F_tcr_pep,F_tcr_mhc,F_pep_mhc,dF_tcr_pep,dF_pep_mhc,n_contacts_tp,n_pep_contacted,n_contacts_tm,ct_tp_salt_bridge,ct_tm_salt_bridge,ct_tp_hydrogen_bond,ct_tm_hydrogen_bond,ct_tp_aromatic,ct_tm_aromatic,ct_tp_hydrophobic,ct_tm_hydrophobic,ct_tp_other,ct_tm_other,n_hbond,burial,species,mhc_class
1ao7,26.0,0.3,0.4827586206896552,6.421456730977538,52.43479948712677,31.30188466044828,3.3520085699429916,0.12512818896500275,0.030245072233679067,0.07952154037495143,-0.12595225176320593,-0.51365670882273,0.1550104885858619,-0.14293332846498763,-0.5015795487018558,0.3,-14.700000000000005,-3.0627321641019147,-13.020000000000003,29,8,41,0,2,8,8,0,0,1,1,20,30,8,1955.8964990501772,Human,MHCI
1bd2,24.0,1.35,0.47619047619047616,5.005189783403068,68.21977181045433,30.120088773332732,3.5969106106310855,0.08292869704306097,-0.04263620113657259,0.15241985126700322,-0.04376411773699603,-0.4080316778952664,-0.7113706726173536,0.7171906476839957,-0.4022117028286244,1.35,-13.510000000000003,-4.669406180621382,-12.270000000000003,21,6,43,0,0,3,3,2,0,1,1,15,39,3,1841.1836183484556,Human,MHCI
1d9k,29.0,0.3600000000000001,0.2222222222222222,1.3182783799866975,79.19128614873961,NaN,NaN,NaN,NaN,NaN,NaN,0.9230284081085676,-0.6749008902330198,-0.42941252843667377,-0.18128501056112606,0.3600000000000001,-6.579999999999999,-2.245385313480242,-3.0700000000000007,18,7,55,1,3,2,10,1,0,1,1,13,41,2,1981.782669595501,Mouse,MHCII
1fo0,21.0,0.9500000000000002,0.0,-11.357404576822697,60.818393193241306,31.404039108251208,3.326896238549616,-0.16197111240448206,0.12417890278042319,0.1507379496391304,0.08873719111501507,-0.173629285550024,0.0,-1.8156885248717203,-1.9893178104217444,0.9500000000000002,-10.12,-4.5614248037646234,-10.959999999999999,11,4,31,0,1,5,5,0,0,0,1,6,24,5,1351.4828620546214,Mouse,MHCI
1fyt,31.0,2.9199999999999986,0.4166666666666667,-1.0280501121104542,69.5710244728681,NaN,NaN,NaN,NaN,NaN,NaN,-2.7008469779133315,-1.731187966584305,1.7019054284952362,-2.1612970729620535,2.9199999999999986,-6.74,-7.06976199688386,1.0000000000000027,24,8,48,3,1,4,2,0,0,2,2,15,43,4,2059.2661568214935,Human,MHCII
1g6r,30.0,0.6299999999999999,0.42105263157894735,-7.968591174561132,43.41094373811859,28.874180766563903,3.073590690185579,-0.05251864290645653,0.09480826801584928,0.058819820208959143,0.0055409785953839065,-0.04003041701850602,-0.6741505257779027,-0.5567614568815078,-1.3211398035448298,0.6299999999999999,-12.39,-1.1383464738189981,-11.5,19,5,38,0,0,3,3,0,0,0,0,16,35,3,1789.338379742032,Mouse,MHCI
1j8h,29.0,2.93,0.43478260869565216,-1.616648786330854,69.26678424001335,NaN,NaN,NaN,NaN,NaN,NaN,-2.32615352847192,-1.729298540626984,1.810744208529387,-1.6758754175291712,2.93,-6.05,-5.979071506927264,-0.129999999999999,23,7,48,3,2,2,2,0,0,1,2,17,42,2,2033.4063505217418,Human,MHCII
1jtr,30.0,1.36,0.4444444444444444,-10.029499126205224,42.898024281369274,28.879619970290797,3.078718476035874,-0.02868563401625288,0.09726981470139842,0.06949165546963115,0.02019664152298028,1.5964393520687936,0.2569223583625658,-0.363326617877895,1.4900350925534644,1.36,-5.779999999999999,2.164848388714616,-6.589999999999999,18,6,46,0,1,5,4,0,0,0,1,13,40,5,2014.163793925407,Mouse,MHCI
1kj2,26.0,3.43,0.46153846153846156,-9.35079301008582,47.61071153228205,29.760026739817185,3.20463261598894,0.1238627492234348,0.034637500589573565,0.045623211532290465,0.14204016446941958,-0.2763625267191269,0.3669150181794271,0.2966060987427549,0.38715859020305515,3.43,-9.029999999999998,-3.4846228682478135,-8.11,13,6,45,1,1,2,4,0,0,1,1,9,39,2,1771.1509333218455,Mouse,MHCI
1lp9,26.0,-3.6199999999999988,0.3333333333333333,-4.061213467258903,87.99323488748078,30.608526735048457,3.913400901191577,0.04564136789666125,0.10872696537552833,0.12834186422299076,0.08781863843329461,-0.1414995622737,0.805830488661876,-0.3003519098714163,0.36397901651675957,-3.6199999999999988,-14.240000000000004,6.208501445254565,-12.71,24,7,54,0,1,4,2,3,1,2,5,15,45,4,1984.2090723982983,Mouse,MHCI
1mi5,31.0,0.3599999999999998,0.4,-1.932797952058775,64.79190775800795,30.231624169718003,3.401888887840534,-0.27645840522617576,0.17797145152748103,0.1706846355022567,-0.09472496183790828,-0.40183180179391736,-0.6840923799989858,-0.1351994124785471,-2.211766468731502,0.3599999999999998,-15.600000000000001,-0.5441994515569164,-12.240000000000002,15,5,58,0,1,2,13,2,0,1,1,10,43,2,2239.7033549512125,Human,MHCI
1mwa,30.0,1.36,0.4444444444444444,-7.946984906390354,42.12400742869423,28.879733443326316,3.078788554024948,-0.028697096072333395,0.09720475721079565,0.06949118751039177,0.020208660122718696,1.5964393520687936,0.2569223583625658,-0.363326617877895,1.4900350925534644,1.36,-5.779999999999999,2.164848388714616,-6.589999999999999,18,6,46,0,1,5,4,0,0,0,1,13,40,5,2016.1926721604177,Mouse,MHCI
1nam,20.0,1.2900000000000003,0.2222222222222222,-9.55893672287851,60.03541285870753,31.405712281878536,3.332573379449167,-0.21533498283672206,0.09974749438895766,0.22023098971518237,0.07562851387631045,0.0,-0.1773404715187544,-1.09817491724226,-1.2755153887610142,1.2900000000000003,-8.91,-3.3301485098333146,-9.9,9,4,41,0,1,1,6,0,0,1,1,7,33,1,1562.1795287654459,Mouse,MHCI
1oga,20.0,0.4800000000000001,0.3684210526315789,-14.326567511834607,83.3476586621322,30.381901345181948,3.817137012942978,0.00002269487884319524,0.21971025280172507,0.24997365254188986,0.1616552174969385,-3.04881002727373,-0.5447400287074504,0.1897039465437979,-3.4038461094373833,0.4800000000000001,-14.940000000000007,-4.907133772601549,-12.629999999999999,19,5,34,0,0,4,6,0,0,0,2,15,26,4,1510.9137380743014,Human,MHCI
1qrn,25.0,0.5999999999999999,0.4642857142857143,6.284970691832508,51.87847281256519,31.008611755365052,3.3348959043612525,0.1182643060773888,0.04124793985338219,0.08555081202419658,-0.12952180261411686,-0.51365670882273,-0.04590654263316968,0.24192569236752026,-0.31763755908837943,0.5999999999999999,-13.940000000000005,-2.3737311456167838,-12.700000000000001,28,8,39,0,2,4,5,0,0,0,2,24,30,4,1947.4526142804862,Human,MHCI
1qse,25.0,-0.030000000000000193,0.4838709677419355,6.990857070024677,54.82255022761247,31.13180107126486,3.3782351448002275,0.11875981074005457,0.029139224266677772,0.08309405742926536,-0.1447666224065198,-0.51365670882273,-0.2775444483790661,1.370830561570074,0.579629404368278,-0.030000000000000193,-12.880000000000008,-4.295216583979924,-11.07,31,8,35,0,2,9,3,0,0,0,1,22,29,9,1968.009475012881,Human,MHCI
1qsf,22.0,0.77,0.2857142857142857,9.58001747265326,53.94542130095003,31.3139329737697,3.348311295883868,0.12760921567313846,0.011272792747109675,0.08999714433414756,-0.14859343049107154,-0.5534782030094016,0.15501048858586186,0.20902945756333602,-0.1894382568602037,0.77,-12.060000000000006,-1.1838815167903438,-10.680000000000003,21,8,38,0,1,4,5,0,0,0,1,17,31,4,1779.753166927636,Human,MHCI
1u3h,26.0,-1.6300000000000003,0.29411764705882354,1.9046303698300115,69.39430444980535,NaN,NaN,NaN,NaN,NaN,NaN,0.2681453986067775,-0.6382649277711118,0.07975919754608951,-0.29036033161824465,-1.6300000000000003,-6.189999999999999,0.8617159376083661,1.2999999999999998,17,7,47,0,1,4,4,0,0,0,2,13,40,4,1846.1565710235518,Mouse,MHCII
1ymm,32.0,1.47,0.3225806451612903,-8.617513989643614,112.60805713116842,NaN,NaN,NaN,NaN,NaN,NaN,-0.6903093338082681,-0.6130969095433936,0.56778698513137,-0.8546569386390468,1.47,-15.02,-2.290323092507143,-8.719999999999999,31,8,40,0,1,2,4,1,0,0,1,28,34,2,1967.7558982202063,Human,MHCII
1zgl,26.0,-1.2600000000000002,0.4090909090909091,-9.373558079211195,63.00241392796564,NaN,NaN,NaN,NaN,NaN,NaN,-0.3033581347384904,0.9516669631481118,-1.7768627906849122,-0.5914922023174636,-1.2600000000000002,-10.88,-5.102631285845457,-2.570000000000004,22,10,48,0,1,3,6,0,0,3,2,16,39,3,2187.771534051153,Human,MHCII
2ak4,28.0,-1.3500000000000003,0.4444444444444444,-9.704626285555776,85.81503446563619,32.79898039078943,4.003170068611515,0.15662561320100712,0.13274073596358454,-0.13235040734325468,0.05560567016779502,-1.7333155116263637,-0.693768505331247,-0.21944881227208599,-2.437699354089948,-1.3500000000000003,-11.650000000000007,-3.2990061812859475,-6.640000000000002,36,7,31,0,1,10,3,0,0,0,2,26,25,10,1820.9638756406312,Human,MHCI
2bnq,29.0,3.200000000000001,0.4827586206896552,-4.727779280806648,89.14922053899033,30.780691447220576,3.9044123509103685,-0.12635643921305278,0.07601679965104943,0.0010671752136141765,0.15922203312757777,-0.138660305673265,-2.469230076699159,-0.20582605209018073,-2.813716434462604,3.200000000000001,-7.079999999999999,-7.767699079009915,-6.05,29,5,44,0,0,6,7,2,0,0,1,21,36,6,2072.5224086161506,Human,MHCI
2bnr,30.0,2.8499999999999996,0.5,-4.705676609244354,89.48623651323821,30.962396765010542,3.913082841741694,-0.12594240623068134,0.05871789119191774,0.002522028530917316,0.1605827555601001,-0.423260711587638,-2.5864345760362535,-0.7505709657337318,-3.760266253357622,2.8499999999999996,-7.299999999999997,-9.006925605792603,-6.299999999999999,32,6,42,0,1,6,5,2,0,0,1,24,35,6,2041.7547057420015,Human,MHCI
2ckb,31.0,0.8400000000000001,0.4117647058823529,-6.778306374602985,43.14194800936467,28.797839259393335,3.0643249221294155,-0.028830954684793287,0.10557452453635852,0.0803287130261195,0.017089896398665753,0.5325235953856877,0.2569223583625658,-0.363326617877895,0.42611933587035844,0.8400000000000001,-6.360000000000001,0.7254371936145616,-7.18,17,6,43,0,1,4,4,0,0,0,0,13,38,4,1973.4944695913327,Mouse,MHCI
2e7l,25.0,-1.3099999999999996,0.36363636363636365,-5.801981625565529,64.672376486971,28.88864666364014,3.424650949903296,-0.08835617946994345,0.26239611717003736,0.14446048159910344,0.02781609148987356,-0.4596304763784642,0.5740230122689836,-1.0015345793279296,-0.8871420434374103,-1.3099999999999996,-14.800000000000002,-2.005671173535871,-8.39,22,7,41,0,1,3,4,1,0,0,0,18,36,3,1858.3859241445352,Mouse,MHCI
2esv,24.0,1.0699999999999998,0.4,-7.9132696588947,61.35715081324922,30.148284025679793,3.3187565844141,-0.08318864854324107,0.1696886990155579,0.24963608152464545,0.059750684361367754,1.4155471274319438,-1.2209308079284507,-0.2357198756421589,-0.0411035561386664,1.0699999999999998,-14.630000000000003,-2.320463969027294,-10.620000000000003,20,6,46,1,5,5,5,0,1,1,2,13,33,5,1976.2091700687888,Human,MHCI
2f53,28.0,1.2,0.4482758620689655,-5.320979502602042,86.62771766187251,30.981051616767395,3.8706153411833615,-0.13278526111502165,0.04442009775224212,0.027365753148203588,0.17342769711310368,-0.7819690896557331,-2.179827385926341,-0.2058260520901808,-3.1676225276722545,1.2,-7.539999999999998,-8.093701424945921,-6.119999999999999,29,5,46,0,1,6,8,2,1,0,2,21,34,6,1944.0662664265,Human,MHCI
2f54,29.0,2.7100000000000004,0.5,-4.685851261854957,87.91710682375968,30.729097033681597,3.8776176485813743,-0.12929565617714492,0.06600235125198874,0.02276062488679092,0.15295448873540737,-0.49736868374136006,-2.469230076699159,-0.2058260520901808,-3.1724248125306995,2.7100000000000004,-7.719999999999998,-7.8256776692337535,-6.489999999999999,30,5,43,0,0,6,10,2,0,0,1,22,32,6,2079.776622513542,Human,MHCI
2gj6,21.0,0.66,0.47619047619047616,6.400468391079549,54.19677135515761,30.94289051457409,3.379107952539088,0.08343421721367518,0.057304025276351964,0.060876338033270916,-0.14921111641856388,-0.7042561791757674,-0.5473036650857231,0.9240672885608984,-0.3274925557005922,0.66,-12.870000000000008,-2.877751577959872,-12.200000000000003,21,8,38,0,1,6,2,0,0,0,0,15,35,6,1872.4266441910913,Human,MHCI
2iam,30.0,0.2,0.5,-0.3717957652428431,68.73359796752281,NaN,NaN,NaN,NaN,NaN,NaN,0.47820752751029916,0.5157981543998591,-0.09079604678606368,1.3666815625066144,0.2,-13.559999999999999,2.823574492720383,-6.540000000000001,26,9,59,0,1,5,4,0,0,0,2,21,52,5,2203.2608047712747,Human,MHCII
2ian,31.0,0.5100000000000002,0.5,0.07370758250166186,69.41230539411214,NaN,NaN,NaN,NaN,NaN,NaN,0.4923803017944093,0.8457269847993607,-0.09079604678606368,1.7107831671902263,0.5100000000000002,-10.24,3.3648441623149443,-3.8199999999999994,26,9,59,0,0,5,5,0,0,1,2,20,52,5,2220.3352980117306,Human,MHCII
2j8u,24.0,-3.51,0.4,-4.768201855512161,88.33012629723527,30.990470883365678,3.9118450741015365,0.03255964174252228,0.13385474575953815,0.15879150969338326,0.09797926462585496,-0.1414995622737,0.7267181173641709,-0.3003519098714163,0.2848666452190546,-3.51,-16.64,5.500142735458709,-12.350000000000001,20,7,44,0,1,1,3,3,1,2,4,14,35,1,1983.4898236098961,Mouse,MHCI
2jcc,24.0,-3.7799999999999994,0.36363636363636365,-4.518388170878379,88.41422736876784,30.790842819748566,3.9068214025570405,0.039066285964586014,0.11374597375037555,0.12851900553210024,0.08920017700741599,-0.1414995622737,0.6824951468062683,-0.30035190987141636,0.24064367466115197,-3.7799999999999994,-13.750000000000002,5.642100611032832,-12.300000000000002,22,7,47,0,1,4,1,3,2,2,5,13,38,4,1934.7083164246578,Mouse,MHCI
2nx5,29.0,-0.14000000000000057,0.16666666666666666,-1.8697956582743556,76.36910491172934,30.661913026632355,3.789125408215909,0.1315502871107955,-0.016069362960943977,0.03976619522402326,-0.041284001110811805,-0.35541467556766626,0.11040638813574799,-0.9923940291460097,-1.2374023165779284,-0.14000000000000057,-10.100000000000003,-3.6091847282393648,-4.61,24,7,56,0,1,6,14,0,0,0,1,18,40,6,2106.86420092138,Human,MHCI
2oi9,25.0,-2.5200000000000005,0.2857142857142857,-3.951400262643663,68.21626077101205,28.945584422073807,3.4745625955019293,-0.07969283472406397,0.2739980832178138,0.12810346392577165,0.0330771198061077,-0.9806566980799922,0.0620760008810818,-0.9998911935841995,-1.91847189078311,-2.5200000000000005,-14.320000000000002,-2.3111846928926054,-8.11,21,7,42,0,0,3,5,1,0,1,0,16,37,3,1700.8931343319819,Mouse,MHCI
2ol3,19.0,1.0100000000000002,0.35714285714285715,-10.843081796761142,59.55578170305288,31.37556599714299,3.334622599038212,-0.16488914087756673,0.1708144853656688,0.15576639157347794,0.08503869924161364,-0.00254954362231797,-0.1365656676676704,-1.0525894744523199,-1.1917046857423084,1.0100000000000002,-8.27,-4.218721356901005,-7.42,14,4,28,0,2,6,4,1,0,0,0,7,22,6,1471.809215908157,Mouse,MHCI
2p5e,28.0,-0.10999999999999988,0.4666666666666667,-3.9930322938444593,87.61876990492533,30.82903438050926,3.8899566843952464,-0.15831703396600458,0.04805502817135602,0.03159320008157633,0.14300450825605848,-0.423260711587638,-0.7178502924057688,-0.0006293000338584154,-1.141740304027265,-0.10999999999999988,-8.989999999999997,-3.5600228565343257,-7.47,30,6,41,0,1,6,6,2,0,1,2,21,32,6,2027.9066155905348,Human,MHCI
2p5w,27.0,0.8899999999999998,0.4666666666666667,-4.07623647037896,87.16432636040474,30.977856048820943,3.8766415544784514,-0.15671558624151521,0.03775487504974713,0.03816899186938115,0.1473315233493521,-0.423260711587638,-0.7178502924057689,-0.0006293000338584154,-1.1417403040272653,0.8899999999999998,-8.18,-3.5600228565343253,-7.24,30,6,46,0,1,6,8,2,0,1,2,21,35,6,2049.51354738414,Human,MHCI
2pxy,25.0,-0.08999999999999991,0.45454545454545453,1.617754201827481,74.1719517347146,NaN,NaN,NaN,NaN,NaN,NaN,-0.8326526570327033,0.4549592614350909,-1.1119825676480588,-1.489675963245671,-0.08999999999999991,-6.509999999999998,-0.8057165142930036,1.2300000000000004,22,9,57,0,2,3,9,0,0,0,0,19,46,3,2013.4183945198565,Mouse,MHCII
2pye,26.0,1.0899999999999999,0.4482758620689655,-3.59119803641481,86.94125501295349,31.203258158184315,3.8717972229174102,-0.16324413885200048,0.04302463592177784,0.031626692696468936,0.1402468479888771,-0.423260711587638,-0.6006457930686749,-0.0006293000338585264,-1.024535804690171,1.0899999999999999,-7.839999999999999,-3.5463800801305387,-6.749999999999998,29,5,38,0,1,6,6,2,0,1,2,20,29,6,1893.9389260812422,Human,MHCI
2uwe,25.0,-3.4899999999999998,0.3333333333333333,-3.671071019124624,88.54145035640474,30.68937705659198,3.914665326854787,0.04117371874330395,0.10377352188093875,0.1211397227743317,0.08185024125452887,-0.1414995622737,0.4940508646310347,-0.3003519098714163,0.05219939248591836,-3.4899999999999998,-13.430000000000005,5.896721821223724,-11.870000000000001,24,8,52,0,1,4,2,3,2,2,5,15,42,4,1955.740939948515,Mouse,MHCI
2vlj,21.0,0.44,0.42105263157894735,-14.643855770162748,81.374467896536,30.818705813724673,3.797302504893996,0.034036807998753006,0.2627464836099056,0.25977780847897325,0.12461689820156095,-3.04881002727373,-0.5686064576270933,-0.3473578134140291,-3.964774298314853,0.44,-14.200000000000005,-4.741470186424301,-12.209999999999999,19,6,36,0,0,4,6,0,0,1,2,14,28,4,1463.6902472169859,Human,MHCI
2vlk,20.0,0.35999999999999976,0.3684210526315789,-14.293569615913022,83.4669550531219,30.69992604072932,3.813579580653966,0.009552861724368032,0.2533021241068975,0.23605082675296657,0.1369662709135757,-3.04881002727373,-0.5447400287074504,0.1897039465437979,-3.403846109437384,0.35999999999999976,-14.940000000000005,-4.907133772601548,-12.63,19,5,34,0,0,4,6,0,0,1,2,14,26,4,1506.3564055408933,Human,MHCI
2vlr,19.0,0.5699999999999998,0.3684210526315789,-14.752905044525908,82.5921433812712,30.949722153022222,3.79916119029787,0.012373030156645742,0.2466846146763538,0.2354791163615949,0.14573519556152037,-3.04881002727373,-0.5447400287074504,0.2950386946506998,-3.2985113613304815,0.5699999999999998,-14.360000000000007,-5.058683670728749,-12.25,19,5,33,0,0,3,6,0,0,1,2,15,25,3,1526.1371420914074,Human,MHCI
2wbj,25.0,-15.020000000000008,0.0,-12.223951097007518,161.6008360699286,NaN,NaN,NaN,NaN,NaN,NaN,0.0,0.0,0.0,1.0588225681911259,-15.020000000000008,-9.42,0.6658543018794192,-6.05,4,2,90,0,1,1,16,0,1,0,14,3,58,1,2498.6243988059286,Human,MHCII
2ypl,17.0,-1.9,0.17391304347826086,-3.3127761026034386,52.27828184844138,30.742326658171827,3.2423406534117016,-0.04900337812120748,0.14342771006317664,0.11153495370972093,-0.09917417765899547,0.2082751017831061,-1.3653444907959886,-0.23427481035021552,-1.5103818797818533,-1.9,-13.08,-0.6980686659321187,-6.779999999999998,23,8,26,0,0,8,9,0,0,0,1,15,16,8,1518.3713261136108,Human,MHCI
2z31,23.0,-0.10999999999999986,0.47619047619047616,0.8255685120154533,72.19623872900725,NaN,NaN,NaN,NaN,NaN,NaN,-0.517601310863563,0.4246753566713283,-1.1119825676480588,-1.2049085218402935,-0.10999999999999986,-6.05,-0.5604987290256074,1.0000000000000009,21,8,51,0,2,2,7,0,0,0,0,19,42,2,1937.068984542835,Mouse,MHCII
3c5z,27.0,1.0899999999999999,0.45454545454545453,-0.8856418905393171,64.45731512448742,NaN,NaN,NaN,NaN,NaN,NaN,-0.6730800716656078,-0.9552411439602526,0.13433216059465403,-1.1846678074759445,1.0899999999999999,-1.1400000000000001,1.072320931810423,6.02,22,8,51,0,1,5,4,0,0,0,1,17,45,5,2185.4543204426263,Mouse,MHCII
3c60,19.0,-2.8199999999999994,0.4666666666666667,-1.6337160837891551,74.8333632615035,NaN,NaN,NaN,NaN,NaN,NaN,-0.20590887313430886,0.3300671240058373,-4.2291290711867005,-4.104970820315172,-2.8199999999999994,-1.2999999999999998,-0.9537601854354918,5.340000000000001,15,7,32,0,0,0,6,0,0,0,1,15,25,0,1416.8617802198532,Mouse,MHCII
3c6l,21.0,-1.3599999999999999,0.45,0.22616464229920555,67.92091470383909,NaN,NaN,NaN,NaN,NaN,NaN,0.03789425353049397,-1.9750690759306282,-4.161773001043683,-6.098947823443817,-1.3599999999999999,-1.6300000000000006,-3.376222800749187,5.07,20,9,33,1,1,4,5,0,0,0,2,15,25,4,1781.8187766636693,Mouse,MHCII
3d39,21.0,0.6000000000000001,0.5,6.691275144986695,53.269051694843725,31.13237641573385,3.360051923359844,0.10553854510381011,0.02110998657416461,0.08414029732167563,-0.14302177018325118,-0.7042561791757674,-0.4460965025762742,-0.14781273391127062,-1.298165415663312,0.6000000000000001,-13.610000000000007,-0.7577383206191548,-11.700000000000003,18,7,38,0,2,4,4,0,0,0,1,14,31,4,1734.758761721656,Human,MHCI
3d3v,22.0,0.07000000000000026,0.47058823529411764,6.509706997557546,53.29513609270859,31.050997781092416,3.3529818251396524,0.09831607857655987,0.022836671931262216,0.0893790640873539,-0.13853893701309028,-0.7042561791757673,-0.4460965025762742,-0.35865875741507464,-1.5090114391671166,0.07000000000000026,-14.350000000000005,-0.7897410517053284,-12.160000000000004,17,7,36,0,3,6,5,0,0,0,2,11,26,6,1711.9354932171846,Human,MHCI
3dxa,30.0,0.29999999999999993,0.46875,1.369135507110377,79.40954678549949,30.454455782814932,3.742488133977365,-0.08302537892938715,0.014092014143451332,0.17876366849347192,0.024370886899109507,-1.1241196112887009,-0.023784166460267764,-1.0388021341939782,-2.328205474216648,0.29999999999999993,-7.380000000000002,-4.080143409334605,-4.14,32,7,41,3,2,4,6,1,0,0,0,24,33,4,2016.8421775919633,Human,MHCI
3e2h,24.0,-0.1399999999999998,0.3333333333333333,-5.547817261098737,65.84829495562936,28.92814623341623,3.4556347140834616,-0.08610925454219617,0.2828129555219198,0.12767471425990828,0.04280175077025482,-0.49447911029434144,-0.8758940306813368,-1.0031779650716595,-2.373551106047338,-0.1399999999999998,-14.200000000000005,-5.848283797715224,-8.370000000000001,18,6,45,0,0,2,6,1,0,1,0,14,39,2,1732.1222115032433,Mouse,MHCI
3e3q,23.0,-0.6600000000000003,0.2777777777777778,-4.6340501458573575,64.19516952498417,28.837204817624443,3.403417823882614,-0.09579963532981661,0.2857209525620146,0.12887934143645535,0.028138076351302475,-0.36721733068341433,0.2516649004950574,-1.0015345793279296,-1.1170870095162864,-0.6600000000000003,-14.680000000000003,-6.567704770473341,-8.449999999999998,18,5,39,0,0,1,5,1,0,2,0,14,34,1,1650.0893965220348,Mouse,MHCI
3ffc,29.0,0.17000000000000018,0.1111111111111111,-9.557376525353156,50.83988895472275,30.675057968455533,3.2058422598480796,0.1522561911309931,0.012900295628516838,0.07239945157231138,0.14122016997851305,-0.9822597950073106,-0.041416103716717,0.34410584809447986,-0.6795700506295479,0.17000000000000018,-15.900000000000004,-1.5594953529284,-12.600000000000005,18,6,57,0,0,4,8,0,0,0,2,14,47,4,2048.8914994722472,Human,MHCI
3gjf,0.0,0.0,NaN,NaN,NaN,NaN,NaN,NaN,NaN,NaN,NaN,0.0,0.0,0.0,0.0,0.0,-6.969999999999998,0.0,-6.329999999999999,0,0,0,0,0,0,0,0,0,0,0,0,0,0,NaN,Human,MHCI
3gsn,22.0,-2.71,0.5,-4.456961675652247,59.671270820755886,29.922061107687618,3.4143593267979835,-0.17684822928038338,0.08587513094580058,0.22404868914290613,-0.0207778863467551,-1.2772985211848575,0.4363339626624985,-0.5178145625960813,-1.3587791211184401,-2.71,-7.039999999999999,-3.514379885774325,-5.699999999999999,26,8,37,0,1,3,5,0,0,1,2,22,29,3,1853.3666392609157,Human,MHCI
3h9s,22.0,0.41000000000000014,0.5,8.320999728803361,54.53554503341536,31.380676110553754,3.3613885463760274,0.10264317707110232,0.0026124547004320892,0.08173274137466748,-0.15551808332918135,0.17623790355151908,-0.18415888918777557,-0.5904143641966555,-0.5983353498329118,0.41000000000000014,-13.910000000000004,-1.6090094683673128,-13.68,22,8,34,0,3,6,3,0,0,0,1,16,27,6,1836.367406014102,Human,MHCI
3hae,0.0,0.0,NaN,NaN,NaN,NaN,NaN,NaN,NaN,NaN,NaN,0.0,0.0,0.0,0.0,0.0,-6.759999999999998,0.0,-5.58,0,0,0,0,0,0,0,0,0,0,0,0,0,0,NaN,Human,MHCI
3hg1,25.0,1.08,0.35714285714285715,4.551631414307467,69.04933265915966,28.66333138083976,3.636215573566297,0.016435062556973964,-0.03561488711678309,0.15864736178733208,-0.0012188529988579342,-1.0725513487923313,0.2813004762574246,-2.891081947066983,-3.682332819601889,1.08,-10.370000000000005,-3.859919977218953,-7.789999999999999,28,9,46,0,2,6,2,0,0,0,2,22,40,6,1945.647580805453,Human,MHCI
3kpr,30.0,1.5000000000000002,0.4090909090909091,-1.1576217714180732,62.77958196438808,29.999623051875723,3.3986798849666933,-0.28000559519271306,0.2141825774527948,0.16424442171929468,-0.0982289555857906,-0.320870398603309,-0.6409788283798747,0.4171754648944939,-1.944905461840766,1.5000000000000002,-5.729999999999999,-0.14661412313214361,-3.6499999999999995,22,6,57,0,1,3,12,3,0,1,1,15,43,3,2316.37475304251,Human,MHCI
3kps,29.0,1.46,0.38095238095238093,-0.2971067741508527,64.57115043036316,29.991982659224966,3.4591537796081195,-0.29305606709114096,0.2155481774685589,0.15676805027473567,-0.09026711328216527,0.30289998417881603,-0.6409788283798747,0.72355822727691,0.6272087874634356,1.46,-6.400000000000001,2.469307134785745,-3.8700000000000006,21,7,57,0,1,2,9,4,0,1,1,14,46,2,2259.730291834676,Human,MHCI
3kxf,26.0,-3.3499999999999996,0.42857142857142855,-9.874613698776963,84.06074359531641,32.880154338701466,3.970987167868915,0.17981692242428554,0.17156140549243606,-0.1396570629484005,0.03641275324642627,-1.7333155116263637,-0.40916809941687404,-0.21944881227208599,-2.1530989481755745,-3.3499999999999996,-12.560000000000006,-3.017884039747899,-6.51,35,7,32,0,2,10,5,0,0,0,4,25,21,10,1747.291793754779,Human,MHCI
3mbe,35.0,2.92,0.5,-1.8558030358467865,68.1688460688209,NaN,NaN,NaN,NaN,NaN,NaN,-2.1676120607654816,0.39347230386634746,0.8693834747770441,-1.0251982123719423,2.92,-13.46,-1.1880688176950363,-5.199999999999999,38,15,58,4,3,1,9,0,1,0,0,33,45,1,2654.0968555157597,Mouse,MHCII
3mv7,25.0,-1.63,0.4444444444444444,-8.086729892461593,63.24067131063687,30.757404987896784,3.5372909392872653,0.017783574339741797,0.04810180349209686,0.28619315832866304,0.02315002700968857,-0.5591349786170927,-1.1690053012472452,-0.7904211144823017,-2.998720606230311,-1.63,-11.480000000000004,-4.851243926348017,-5.539999999999999,36,10,32,1,0,10,1,0,0,0,2,25,29,10,1840.7930932489362,Human,MHCI
3mv8,25.0,-1.54,0.45714285714285713,-8.371591683220183,62.45821587163546,30.928639608192974,3.517807470826735,0.02809046488648078,0.05505542588685355,0.2832078671528899,0.01923970687575719,-0.5591349786170928,-1.1706486869909751,-0.7904211144823017,-3.538879607869377,-1.54,-12.130000000000006,-4.974148612124454,-5.25,35,10,33,1,0,8,2,0,0,0,2,26,29,8,1864.5106726509257,Human,MHCI
3mv9,26.0,0.3399999999999999,0.4444444444444444,-8.770239835089678,62.778604049931964,31.05626878492049,3.5269564424716755,0.04194902499863841,0.06238923277738943,0.2759880245792415,0.026299636622763942,-0.5591349786170927,-1.1690053012472454,-0.7904211144823017,-3.884126915348122,0.3399999999999999,-11.680000000000001,-6.30402802873674,-5.16,36,10,34,0,0,8,3,0,0,0,2,28,29,8,1856.8546239204516,Human,MHCI
3nfj,6.0,-0.8,0.0,NaN,NaN,NaN,NaN,NaN,NaN,NaN,NaN,0.0,0.0,-0.3604869781121261,-0.3604869781121261,-0.8,-14.640000000000004,-5.324852907480423,-11.760000000000002,15,5,6,0,0,3,0,0,0,2,1,10,5,3,531.4611934555323,Human,MHCI
3o4l,31.0,1.2599999999999998,0.391304347826087,-0.18085666738349107,69.91517719839032,28.498364747828667,3.5747279567514267,0.045434398647846125,-0.004380783852589352,0.06147143627736751,0.044989605861182475,1.125984113164353,-0.5172735215599309,1.4429606824519041,2.0516712740563268,1.2599999999999998,-12.7,-0.37066875156373547,-9.989999999999998,23,6,53,0,2,3,6,0,0,0,2,20,43,3,2100.9557447859006,Human,MHCI
3o6f,29.0,2.0,0.39285714285714285,0.7013824231371452,62.62855367772142,NaN,NaN,NaN,NaN,NaN,NaN,-0.36351190186096294,-0.5286237373221416,-0.8520522000708576,-1.7441878392539623,2.0,-8.899999999999999,-3.832681059909879,-3.1999999999999984,28,9,50,0,2,3,5,0,0,0,1,25,42,3,1917.0497759771933,Human,MHCII
3pl6,22.0,-0.16999999999999998,0.3076923076923077,-7.750762882521631,43.50413790324612,NaN,NaN,NaN,NaN,NaN,NaN,0.47738871935073196,-1.1760885405858357,-0.782084412742789,-1.4807842339778925,-0.16999999999999998,-18.460000000000004,-1.4358847389035532,-7.140000000000001,13,8,33,1,1,2,2,2,0,1,2,7,28,2,1574.1053663367675,Human,MHCII
3pqy,22.0,0.4299999999999999,0.38461538461538464,-8.825155884143879,71.49079927469093,31.48189107273772,3.4755426760483217,-0.2122935470173775,0.2791822438275809,0.10024482270941172,-0.002966757591813759,-0.0970225566385681,-0.4996873953533669,0.024002211764405812,-0.5587875869706656,0.4299999999999999,-8.520000000000003,-0.5875108298422497,-7.530000000000001,26,7,29,0,2,7,6,0,0,0,0,19,21,7,1615.787288815096,Mouse,MHCI
3pwp,23.0,0.88,0.3181818181818182,7.099559517652312,52.719357419610326,31.04127182753161,3.3670772154463333,0.09211821540976148,0.033712778603031936,0.08486748859778886,-0.14944879281672627,-0.7637268511901698,-0.33071599287582076,-0.8058055488663552,-1.9002483929323462,0.88,-11.450000000000006,-2.8290002039845885,-10.690000000000003,22,8,36,0,2,4,3,0,0,1,2,17,29,4,1941.27914595517,Human,MHCI
3qdg,28.0,1.7100000000000006,0.4583333333333333,3.0108726323338004,55.353927113700976,28.890534829463423,3.3697527515079875,0.01920952953480387,0.025177992342195584,0.12972426911888937,-0.009002479989393079,-1.288232636300862,-0.1269299725043194,-0.9448975895078154,-2.3600601983129974,1.7100000000000006,-9.24,-1.9674788880079928,-7.469999999999999,24,8,48,0,0,7,4,0,1,2,2,15,41,7,2149.1792925494046,Human,MHCI
3qdj,29.0,0.9000000000000008,0.4117647058823529,0.8977588578788143,55.41177355629523,28.75924181812718,3.3667516319120963,0.013817706214354906,0.020363788687172913,0.12050979921695916,-0.010616931217500417,-0.763667740713027,0.15830717338939454,-0.6034354817608731,-1.2087960490845058,0.9000000000000008,-6.45,-0.6188749850416743,-5.2299999999999995,17,7,49,0,0,3,6,0,1,2,2,12,40,3,2146.7938184156665,Human,MHCI
3qdm,18.0,-0.4100000000000007,0.3076923076923077,3.6482010820493396,55.386756696479445,29.674540244665717,3.3035624841221907,-0.09622463104595665,0.06654344056272103,0.03197692977897987,-0.101377567138405,-0.5876796078774243,-0.157213877268082,-0.7306936433795117,-2.0846163458069222,-0.4100000000000007,-10.440000000000001,-7.582125014897278,-7.550000000000001,26,8,34,1,1,2,3,0,0,0,1,23,29,2,1661.5020612165026,Human,MHCI
3qeq,25.0,-0.31999999999999995,0.23809523809523808,1.3979460534903714,68.85176717243942,28.983165095620993,3.5606940562572107,-0.02262070820805241,-0.0016143469956181626,0.052368494582794,-0.01773547264965177,0.251016571493662,-0.16687356519429897,-1.0219866254781622,-0.9378436191787991,-0.31999999999999995,-6.560000000000001,-5.446054486684428,-5.34,21,6,44,0,1,2,7,0,0,1,2,18,34,2,1844.3797490504876,Human,MHCI
3qfj,24.0,1.74,0.375,7.128765847389502,53.57201447814158,31.020819205375492,3.36181940872386,0.10970712287182197,0.031862423896642615,0.08155174585820218,-0.1465346389110038,-0.7229995850363942,-0.4029637495598508,-0.45000853600330243,-1.5759718705995474,1.74,-13.260000000000005,-2.590476551003408,-12.590000000000003,24,8,41,0,3,5,4,0,0,1,2,18,32,5,1933.6674439466478,Human,MHCI
3qib,34.0,2.45,0.46875,-4.854761417735366,65.3380585419133,NaN,NaN,NaN,NaN,NaN,NaN,-0.25966103388993556,-0.1133245898834161,-1.9373715812001286,-2.31035720497348,2.45,-8.650000000000004,-2.293754558345257,-2.1899999999999995,32,9,67,1,2,9,9,0,0,0,4,22,52,9,2585.574924696819,Mouse,MHCII
3qiu,32.0,3.000000000000001,0.45454545454545453,-6.523319490200274,67.93566653939592,NaN,NaN,NaN,NaN,NaN,NaN,-0.25966103388993556,-0.6468504597946076,-1.4144889528998477,-2.3210004465843914,3.000000000000001,-8.810000000000004,-3.242652026565958,-2.8500000000000014,33,9,62,1,2,10,12,0,0,1,3,21,45,10,2459.4106371799426,Mouse,MHCII
3qiw,31.0,2.37,0.4838709677419355,-6.588317256136958,68.11728722183524,NaN,NaN,NaN,NaN,NaN,NaN,-1.4760563582144295,-0.3033170442790494,-1.4700569946506168,-3.2494303971440965,2.37,-9.690000000000003,-4.314193356196952,-3.51,31,9,60,0,2,7,10,0,0,1,3,23,45,7,2451.362178394338,Mouse,MHCII
3rdt,19.0,-0.5200000000000002,0.4666666666666667,-2.3615001327354372,65.42069857000655,NaN,NaN,NaN,NaN,NaN,NaN,-0.276668344457147,-1.2156618173649691,-2.4135911075108156,-3.596600021777669,-0.5200000000000002,-0.3000000000000003,-1.4363280942528336,6.36,15,6,32,2,1,3,6,0,0,0,2,10,23,3,1539.6302574055444,Mouse,MHCII
3rgv,21.0,1.1,0.3333333333333333,3.4652179287641394,74.20522935913895,29.691801980918385,3.6203123618083373,-0.08889808523674217,-0.061038246996128656,0.08734001218596854,0.019723810273489857,0.028918090017430495,0.13403881668841588,-1.3964243412196582,-1.2334674345138117,1.1,-18.23,-1.5388360059864974,-14.41,12,5,35,0,0,0,3,0,0,2,0,10,32,0,1538.7164183683235,Mouse,MHCI
3sjv,28.0,3.0,0.47058823529411764,-0.6998926239724115,61.13535721935686,29.211033750381965,3.3735804523843114,-0.17065187881840715,0.06030604440244052,0.18266473036760406,-0.12462939825690433,-0.5635879779706758,0.8954010837977151,0.5155369179779234,0.8473500238049627,3.0,-17.25,-1.170389497022381,-11.57,17,6,49,0,1,3,6,0,0,1,0,13,42,3,1994.1134081945202,Human,MHCI
3t0e,28.0,2.27,0.3125,-3.732210077113549,49.17850326465037,NaN,NaN,NaN,NaN,NaN,NaN,-0.8688056061358238,-0.5286237373221416,-0.5012742388372499,-1.4475697870893047,2.27,-8.110000000000001,-1.8923153314539305,-4.3199999999999985,32,14,55,0,0,4,4,0,0,0,1,28,50,4,2224.307867054871,Human,MHCII
3tf7,18.0,-1.46,0.0,NaN,NaN,NaN,NaN,NaN,NaN,NaN,NaN,-0.26283345495280497,0.161071122671832,0.0,0.5999253733771338,-1.46,-14.950000000000005,-0.6871032288917437,-8.479999999999999,13,4,34,0,1,2,4,1,0,2,1,8,28,2,1327.8069527377556,Mouse,MHCI
3tfk,23.0,-0.4600000000000001,0.4444444444444444,-6.176239393666493,63.97629900594212,31.13120459001447,3.3583629441520944,-0.18291434294787906,0.38133092772244315,-0.04482873458705926,-0.0300480469320329,-0.6721684782634118,-0.9273794887029749,1.4590444900705308,-0.14050347689585607,-0.4600000000000001,-12.460000000000006,-2.0676601860892516,-7.169999999999998,18,6,40,0,1,5,3,0,1,0,1,13,34,5,1607.8225723232863,Mouse,MHCI
3tjh,22.0,0.5099999999999997,0.37037037037037035,-17.56926952694332,30.1134776241621,30.803614388759495,2.679024450155863,-0.3550909173026842,0.2607226661977716,-0.19965104204297424,-0.11669317014615972,0.09573427387147737,-0.8546738289993884,-1.59770053730156,-2.356640092429471,0.5099999999999997,-14.7,-8.821618708615752,-7.870000000000001,27,6,33,1,0,3,4,1,1,2,0,20,28,3,1597.1659130511616,Mouse,MHCI
3tpu,31.0,-0.6000000000000002,0.34615384615384615,-8.163912292028304,63.46202637140172,29.518586704444306,3.352935490911923,-0.17185832892753333,0.2989759163172742,0.10081949847427743,-0.03344971160247613,-1.1794180851382983,2.0462152815928594,0.10484183890451446,0.9716390353590749,-0.6000000000000002,-20.890000000000004,-1.9108725649593126,-14.65,26,7,56,0,1,4,8,0,1,3,1,19,45,4,2147.3663422608806,Mouse,MHCI
3uts,20.0,0.7100000000000001,0.4117647058823529,-3.659729605974245,58.00067319328481,31.91500148272436,3.3773076132796414,0.07135284223052854,0.0057482400202253665,0.1680307955046706,0.07719028690316779,-0.1484654787908288,-0.45712640173847824,-1.6617838616948417,-2.3887096349032535,0.7100000000000001,-5.880000000000002,0.43724054686259883,-4.989999999999999,17,7,23,0,0,4,1,1,0,0,1,12,21,4,1264.6418269507012,Human,MHCI
3utt,17.0,0.21000000000000002,0.35,-5.414638720291468,69.1201571029901,31.04131083396058,3.626519446244246,-0.0016682210539878453,0.009152476031320082,0.15655131654421073,0.12101554240375317,0.11059563734978217,1.0336802274149661,-1.6617838616948417,-0.5175079969300933,0.21000000000000002,-5.919999999999999,2.690578361250543,-5.94,20,7,25,0,1,5,1,1,0,0,2,14,21,5,1370.3812006269181,Human,MHCI
3vxm,28.0,2.9699999999999998,0.3333333333333333,11.972089761413445,68.13309398884738,31.479992765707454,3.5855222163450184,-0.0649729415723009,-0.02232556269212131,0.27766407530142984,-0.1480123978978161,0.020324752448535717,0.41108344884649,-0.13511422017963298,0.29629398111539307,2.9699999999999998,-15.830000000000002,-4.688506734370455,-12.579999999999998,27,8,40,0,1,1,4,0,1,3,2,23,32,1,1860.9064993286374,Human,MHCI
3vxr,24.0,1.29,0.4827586206896552,-1.977343379307032,75.87913512501937,30.24969321133521,3.6185449714832245,0.018498960479060272,0.04539684815252869,0.17652563571519497,0.09768697129287839,-0.5503914238146362,-0.49329411864727735,-1.0306805897146614,-2.215865694450275,1.29,-14.46,0.8449959761961017,-12.030000000000001,29,9,38,0,1,3,7,1,1,1,3,24,26,3,1856.7599488842025,Human,MHCI
3vxs,25.0,1.9500000000000004,0.5,-2.0161987810118025,77.65431299696432,30.26690348664697,3.647755939048626,0.01362479029361037,0.05843146002274723,0.16867942169410147,0.0951986794654762,-0.1723823178223109,0.3172699243099762,-0.18950478038252588,-0.04461717389486053,1.9500000000000004,-13.98,2.4696172814520825,-11.44,26,8,44,0,1,3,9,0,1,1,3,22,30,3,1934.4130192816156,Human,MHCI
3vxu,33.0,6.570000000000001,0.23076923076923078,-7.0327261548548865,78.84394093774506,27.858098971831787,3.817077983892872,0.1172012735130301,0.12504699729978377,0.08398579623785955,0.07973986989501285,2.7878420017655468,-0.007847326327759974,-0.5819582273051966,2.1980364481325902,6.570000000000001,-12.009999999999998,4.332765417486094,-9.799999999999997,26,7,71,0,0,3,11,4,0,0,1,19,59,3,2272.5707475582894,Human,MHCI
3w0w,27.0,3.5400000000000005,0.23076923076923078,-7.656761457838742,74.41729160085384,29.267823620579392,3.722573758207793,0.09101091168083697,0.10306197363676213,0.1137310466467605,0.07374829514944464,2.4899862496136356,-0.04606853914795736,-0.5545759038173319,1.8893418066483458,3.5400000000000005,-13.82,4.245502028581436,-11.39,26,7,48,0,1,4,8,0,0,0,2,22,37,4,2097.0178212263563,Human,MHCI
4c56,7.0,1.01,NaN,9.95558300059709,89.1485130407569,NaN,NaN,NaN,NaN,NaN,NaN,0.0,0.0,0.0,0.0,1.01,-7.03,0.0,0.6299999999999999,0,0,9,0,1,0,2,0,0,0,0,0,6,0,460.28803489723214,Human,MHCII
4e41,29.0,2.070000000000001,0.4,-2.5514435858300786,72.20914149591732,NaN,NaN,NaN,NaN,NaN,NaN,-0.744861611330674,-1.518605991939948,0.21614126720779397,-2.0473263360628273,2.070000000000001,-13.129999999999997,-4.410569078257776,-5.0500000000000025,20,8,41,1,1,3,5,0,0,1,4,15,31,3,2034.3837502617025,Human,MHCII
4eup,24.0,1.8599999999999999,0.25,1.98048436152222,52.25768806232332,29.798260340637896,3.3479835747324587,-0.06896880697655162,0.14245489742443332,-0.022003565757769815,-0.12740659096059642,-0.978946491969491,0.0,-1.3408678872411708,-2.3198143792106616,1.8599999999999999,-11.36,-3.001977566515772,-9.029999999999998,20,7,43,0,1,5,2,0,0,2,3,13,37,5,1823.296030663856,Human,MHCI
4euq,25.0,1.17,0.38461538461538464,3.860462826946005,54.17256650059308,29.895614090726127,3.364974130066285,-0.0697403533704976,0.15330282744208243,-0.033243143953734476,-0.15236798009661084,-0.9861510416007874,-0.157213877268082,-1.1322183945161137,-2.275583313384983,1.17,-6.11,-3.148106102961404,-5.11,26,9,36,0,1,5,0,0,0,2,2,19,33,5,1763.5638488331751,Human,MHCI
4ftv,26.0,0.99,0.4642857142857143,7.809584312358998,51.95317905989073,31.124692982083594,3.3454821994610935,0.10518835681139573,0.018554556752275922,0.08188765646291296,-0.14143546875248153,-0.51365670882273,0.1550104885858619,-0.28110371419633906,-0.6397499344332074,0.99,-14.270000000000007,-1.5920819836172573,-12.500000000000004,28,8,45,0,3,8,6,0,0,0,2,20,34,8,2037.6416321088873,Human,MHCI
4g8g,26.0,2.5799999999999996,0.48148148148148145,-3.9440357261174506,62.905548571024866,31.52775220926712,3.383934384131399,-0.35354781812837616,0.1377924090265906,-0.0010201561029571115,-0.04203282632257929,-0.2847209768571149,-1.4100069409608664,-1.0976941000616607,-2.8262560194505246,2.5799999999999996,-3.06,-3.9632736451894637,0.6000000000000005,27,7,32,0,0,2,7,0,0,3,1,22,24,2,1775.1926174033288,Human,MHCI
4g9f,26.0,0.9799999999999998,0.45454545454545453,-4.136055682697055,62.237573918469074,31.9859230210697,3.3767259395686167,-0.35103766776425377,0.14187013210483124,-0.01289243498549206,-0.04485759247938292,-0.4583781330380089,-0.987095920603851,-1.2802122926494246,-3.198205989779592,0.9799999999999998,-3.209999999999998,-4.389444673603018,0.06000000000000005,22,6,34,0,1,1,6,0,0,4,1,17,26,1,1727.1231961753401,Human,MHCI
4gg6,18.0,-2.65,0.4375,0.8507485003995832,62.03091546205325,NaN,NaN,NaN,NaN,NaN,NaN,-0.59397423795731,-1.0070342778595127,-0.6907609001886776,-2.2917694160055,-2.65,-5.070000000000002,-5.195113358255014,5.059999999999999,16,6,37,0,0,4,2,0,0,1,2,11,33,4,1657.2068883069442,Human,MHCII
4grl,25.0,-0.43000000000000005,0.3076923076923077,-8.315491959785298,45.930086007668216,NaN,NaN,NaN,NaN,NaN,NaN,-1.1858116022819751,-0.7390578675762945,-0.286637983324613,-2.6354192939917906,-0.43000000000000005,-16.520000000000003,-2.410376101423509,-7.200000000000001,13,7,37,1,2,2,5,1,0,3,3,6,27,2,1737.9400766728213,Human,MHCII
4h1l,26.0,0.44000000000000006,0.38461538461538464,-2.80035100986294,75.68770892896347,NaN,NaN,NaN,NaN,NaN,NaN,0.08883615614508766,0.4227072051912755,-1.5393419400593698,-1.2432760735290223,0.44000000000000006,-7.039999999999999,-6.628558454150227,-1.1800000000000006,26,8,47,2,1,2,8,0,0,0,1,22,37,2,2092.354240029461,Human,MHCII
4jfd,28.0,-1.8099999999999994,0.3333333333333333,3.392800846152718,62.540116310282066,28.7783312431752,3.5219180043629232,-0.0008223749703012805,-0.046895768377045614,0.167340013814853,0.013993771111799858,-0.8138808427220396,0.139293636279648,-1.917625345825152,-2.592212552267543,-1.8099999999999994,-9.43,-2.6391210600531787,-7.229999999999997,30,9,54,0,0,6,6,0,0,1,5,23,43,6,2321.419220932752,Human,MHCI
4jfe,30.0,-1.3299999999999998,0.3333333333333333,3.4554297521508586,62.208114692649225,28.85872339108793,3.5190916222893547,-0.0016684083856989456,-0.052306829708579784,0.16928262636503566,0.011076214465162059,-1.0725513487923313,0.0302839047637626,-0.6508521666663099,-1.6931196106948785,-1.3299999999999998,-7.879999999999998,-1.4346099621910104,-5.82,27,9,54,0,0,6,6,0,0,0,4,21,44,6,2388.0166497909304,Human,MHCI
4jff,29.0,-1.1100000000000005,0.35714285714285715,3.32383794963411,62.224357927752024,28.725499782094325,3.5286422771527683,-0.0020653925137772908,-0.04075873906316691,0.17178405874035216,0.01280790109958563,-1.0394628847845018,0.0302839047637626,-2.1487585866127,-3.1579375666334397,-1.1100000000000005,-9.630000000000004,-2.6778951719465085,-7.09,28,9,56,0,0,7,7,0,0,1,5,20,44,7,2336.305582323581,Human,MHCI
4jrx,27.0,-0.7499999999999998,0.4444444444444444,-10.553690331471392,83.37371855895267,33.11591146284248,3.9600813747846617,0.20330255506492645,0.15465150978170797,-0.09393922229463472,0.046301284874737926,-1.6978572588587861,-0.6937685053312471,-0.337476018360643,-2.5202683074109276,-0.7499999999999998,-11.120000000000006,-3.599968083162539,-7.060000000000002,36,7,31,0,0,10,4,0,0,0,1,26,26,10,1726.7478135523306,Human,MHCI
4jry,25.0,-0.6900000000000001,0.0,10.790905190991214,77.72228320323255,32.82959754587094,3.6874274729779977,0.39877647043790543,-0.34844366235675067,-0.15611298956842987,-0.13395053825632655,0.0,0.0,-1.2659907015068157,-1.2659907015068157,-0.6900000000000001,-11.280000000000006,-3.5580272768577084,-6.320000000000002,19,7,58,0,3,7,9,0,0,0,1,12,45,7,1953.9815852305073,Human,MHCI
4l3e,27.0,-0.31000000000000016,0.4583333333333333,1.721731226000623,54.21829951411861,28.898687395146812,3.345648641838443,0.016793275858037738,0.043837258168855434,0.11633538472993578,-0.008945809707373001,-1.4403587807274465,-0.1269299725043194,-0.19785411953858423,-1.7651428727703502,-0.31000000000000016,-9.610000000000001,-0.45014363009468594,-7.6800000000000015,24,9,52,0,0,3,2,0,1,1,2,20,47,3,2247.677961176716,Human,MHCI
4may,20.0,-0.9500000000000001,0.4166666666666667,-11.06336502071506,43.90795019707269,NaN,NaN,NaN,NaN,NaN,NaN,0.36728734644661964,-1.1800074726758767,0.0468643089762177,-0.7658558172530396,-0.9500000000000001,-15.930000000000007,-0.7035048708448874,-6.610000000000001,12,7,34,1,1,1,6,1,0,2,2,7,25,1,1651.8727027421082,Human,MHCII
4mji,29.0,5.890000000000001,0.5,-9.480276901409862,65.44925949824876,28.109823512296483,3.477599488003923,-0.029262206902968376,0.13893752177949886,0.21096119617753975,0.04555267303948979,-0.2008191422725819,0.22561736768025886,-1.0984017634244105,-1.0736035380167337,5.890000000000001,-10.310000000000004,-3.681248967087927,-3.7600000000000007,20,8,68,0,2,3,9,0,0,0,4,17,53,3,2166.9411913950935,Human,MHCI
4mnq,32.0,2.279999999999999,0.37037037037037035,-5.0068536911378665,64.81693037483286,29.47453681840641,3.528100209309558,0.08094267654944227,0.2276778754067655,0.17664410953495674,-0.03757103451603916,-0.08797468764251196,0.5086463624574317,-0.06568905717183093,0.35498261764308875,2.279999999999999,-15.650000000000002,-1.7771116420079345,-13.999999999999998,27,8,60,1,2,4,6,0,0,1,1,21,51,4,2496.810694535263,Human,MHCI
4ms8,18.0,0.9299999999999997,0.09090909090909091,-3.59207617042795,85.52533441455098,29.70532293440616,3.7166106725886756,-0.07998427258051585,0.25820575512826965,-0.053138825434495135,0.024274924844919978,-0.10163596010659899,0.0,-0.6412272695644601,-0.742863229671059,0.9299999999999997,-11.909999999999998,-4.2359993047792495,-2.900000000000002,11,4,39,0,0,0,5,1,0,2,0,8,34,0,1502.2645690742538,Mouse,MHCI
4mvb,24.0,0.12999999999999978,0.125,-5.1675459128663075,81.65195505709022,29.698501588640216,3.671990676531659,-0.098484336998697,0.21528649819969756,-0.04254757688204269,0.024163867346934643,-0.7137924461867701,-0.229675253177425,-0.8388410376189307,-1.7823087369831256,0.12999999999999978,-9.959999999999999,-4.735373424482308,-1.3500000000000014,16,4,37,0,0,2,5,0,1,2,0,12,31,2,1604.244687848477,Mouse,MHCI
4mxq,18.0,-0.7500000000000001,0.16666666666666666,-8.190113146141657,68.9194343907843,30.515295487220243,3.4297142654753765,-0.1426625771390025,0.33826777827382626,-0.023176461301338325,-0.013677601535031232,-0.5466070703420174,0.161071122671832,1.711331411355126,1.3257954636849405,-0.7500000000000001,-11.800000000000004,-0.023551902983194983,-2.470000000000004,12,5,36,0,0,3,6,0,0,2,1,7,29,3,1552.3098007540284,Mouse,MHCI
4n0c,21.0,0.7299999999999996,0.25,-9.739086067722603,66.55328887012203,30.842260223318565,3.375451868473911,-0.1759077572856964,0.33328768468768744,-0.034038963739632215,-0.023645692391215823,-0.7946895700034794,0.14922460862499062,0.9651563284867369,0.319691367108248,0.7299999999999996,-14.870000000000001,-0.7388479602249165,-6.850000000000003,16,7,36,0,1,1,4,1,0,1,0,13,31,1,1510.9363952406493,Mouse,MHCI
4n5e,25.0,0.2800000000000001,0.5,-9.588687168353156,66.05035824962357,30.4831709039132,3.3719969350903978,-0.18561805765149147,0.34047177297335657,-0.022232155876519364,-0.04206658396795903,-0.3597623182147428,1.3249182790122336,0.5050810469799344,1.470237007777425,0.2800000000000001,-19.979999999999993,-2.6141567185648453,-11.779999999999998,22,8,46,0,2,4,5,0,0,2,1,16,38,4,1728.99660327303,Mouse,MHCI
4nhu,20.0,0.28999999999999987,0.0,0.42856372736635107,120.41754585311836,31.01902963569765,4.236926249573361,-0.24791124995779448,0.03876996178471503,0.4554944539316687,0.0575157149309194,-0.3705446417380027,-1.272542235705958,0.0,-1.6430868774439606,0.28999999999999987,-11.309999999999999,-2.8660754922306313,-7.720000000000001,21,7,24,0,1,3,4,0,0,2,0,16,19,3,1458.1254059195635,Mouse,MHCI
4ozf,24.0,-1.94,0.07692307692307693,-9.737327242928068,63.722736586530885,NaN,NaN,NaN,NaN,NaN,NaN,-0.46916985912244297,0.0,-1.8272162580812852,-2.2963861172037285,-1.94,-1.6800000000000006,-4.5317898365720035,5.27,13,5,44,0,0,2,7,0,0,1,2,10,35,2,1695.3326535650704,Human,MHCII
4ozg,28.0,-1.8799999999999994,0.23076923076923078,-4.34477200725546,59.387077374413565,NaN,NaN,NaN,NaN,NaN,NaN,-0.470813244866173,-0.236054412177114,-1.4642663329910697,-2.1711339900343565,-1.8799999999999994,-2.36,-5.237226257107732,6.120000000000001,13,5,53,0,1,2,9,1,1,1,1,9,41,2,2075.611096849432,Human,MHCII
4ozh,29.0,0.5299999999999995,0.26666666666666666,-3.6214302639950913,55.76412472805522,NaN,NaN,NaN,NaN,NaN,NaN,-0.5087195152604249,-0.236054412177114,-0.39851246003771856,-1.1432863874752577,0.5299999999999995,-1.5600000000000012,-4.879483933376984,5.21,15,6,54,0,1,4,10,0,0,0,1,11,42,4,2040.1819867604609,Human,MHCII
4ozi,31.0,-2.4799999999999986,0.5,-1.212914853619342,68.6068245594953,NaN,NaN,NaN,NaN,NaN,NaN,0.12134072659237741,-0.15618806590343318,1.9509548605048561,1.9161075211938,-2.4799999999999986,-7.810000000000006,0.2994219070724442,1.950000000000001,14,8,49,0,0,0,5,0,0,0,1,14,43,0,2040.1300876497626,Human,MHCII
4p23,19.0,-0.5200000000000005,0.4444444444444444,-2.47137732528024,64.7240827729698,NaN,NaN,NaN,NaN,NaN,NaN,-0.276668344457147,-0.9947246306113093,-3.3505181474297276,-4.312589874942922,-0.5200000000000005,-1.4900000000000004,-2.50995414045712,5.960000000000002,18,6,32,2,1,4,6,0,0,0,1,12,24,4,1565.588697148487,Mouse,MHCII
4p2o,31.0,1.88,0.48,-0.1364923072689982,67.42916715397007,NaN,NaN,NaN,NaN,NaN,NaN,-0.857181605253275,-0.6237155818167711,-0.13533355370768632,-1.616230740777732,1.88,-13.260000000000002,-2.599770862039102,-5.760000000000002,25,9,61,0,2,5,8,0,0,2,4,18,47,5,2189.8698791827046,Mouse,MHCII
4p2q,27.0,3.45,0.44,-3.025697523686479,60.27227036423433,NaN,NaN,NaN,NaN,NaN,NaN,-0.003239108664451984,0.5670694874992308,-1.351876519358923,-0.7411818315479262,3.45,-10.019999999999998,-0.3239128727090799,-3.5599999999999996,25,8,47,1,1,7,8,0,0,1,0,16,38,7,2074.783651609938,Mouse,MHCII
4p2r,26.0,2.5500000000000003,0.46153846153846156,-1.7032443441929856,59.12691171060316,NaN,NaN,NaN,NaN,NaN,NaN,-0.6245016568970616,0.27969653033863406,-0.3615545116086808,-0.6594953291908906,2.5500000000000003,-10.54,-0.9292684892687791,-4.709999999999997,26,9,44,0,2,4,7,0,0,3,0,19,35,4,1942.9931989069592,Mouse,MHCII
4p46,19.0,-0.2699999999999999,0.42857142857142855,-1.461264820790087,65.83290856142831,NaN,NaN,NaN,NaN,NaN,NaN,-0.276668344457147,-1.2156618173649691,-2.4135911075108156,-3.9059212693329313,-0.2699999999999999,-0.6500000000000001,-1.8079681062073534,5.410000000000002,14,6,34,1,2,2,7,0,0,0,1,11,24,2,1524.2766029571576,Mouse,MHCII
4p4k,24.0,0.44999999999999996,0.3684210526315789,-7.261906815191982,69.34745450153764,NaN,NaN,NaN,NaN,NaN,NaN,-0.3687735306048213,-1.1625062440170844,-0.20590959132705777,-1.673217128308036,0.44999999999999996,-16.19,-1.9897291857928374,-8.840000000000003,19,8,37,0,1,4,4,2,1,2,1,11,30,4,1873.564315421976,Human,MHCII
4p5t,25.0,-0.68,0.38095238095238093,2.6152130443035184,68.53627094273875,NaN,NaN,NaN,NaN,NaN,NaN,-1.020482136981822,-1.418714693210073,-3.475357268810319,-5.914554099002214,-0.68,-1.4400000000000002,-5.117246718995652,5.079999999999999,21,7,43,3,3,3,4,0,0,0,2,15,34,3,1967.5968833664738,Mouse,MHCII
4prh,28.0,-0.31,0.4444444444444444,-7.674957844032346,64.5201886198769,30.674936810243057,3.5581338171569508,0.02976891033121898,0.0665457061429265,0.2929336308375799,0.02356923247300574,0.6660136687684011,-1.2420032881827405,-0.7904211144823017,-1.8465699457803118,-0.31,-11.430000000000007,-2.4051236975723875,-6.450000000000002,36,10,37,0,0,8,5,0,0,0,2,28,30,8,1982.7825128734767,Human,MHCI
4pri,27.0,-0.8200000000000001,0.4444444444444444,-7.328703444453573,63.374936534927485,30.717190009340047,3.5297960751549033,0.04365443535814044,0.059434563697641815,0.28615236378435394,0.017780297118747457,1.0193139468486692,-0.9474725550641823,-0.7904211144823017,-1.1987389345814856,-0.8200000000000001,-11.890000000000004,-3.0512622546991914,-6.949999999999999,36,9,39,0,2,10,4,0,0,0,2,26,31,10,2054.7455934884674,Human,MHCI
4prp,27.0,-0.6800000000000002,0.43243243243243246,-7.892504726951119,63.5166055339767,30.887837310631554,3.5267958325078514,0.03209104965199676,0.04389000625526815,0.286967761140252,0.023829523566854596,0.7521831510918786,-1.149454444946071,-0.7904211144823017,-1.667851620220165,-0.6800000000000002,-12.390000000000011,-3.2988421941548083,-5.65,37,10,34,0,0,9,3,0,0,0,2,28,29,9,1887.0768583453682,Human,MHCI
4qok,24.0,1.8600000000000003,0.38461538461538464,4.114013169273993,68.4930874166073,28.567378783906413,3.620238399127846,0.015017101037512484,-0.047818743906409056,0.16818785970726594,0.01368695184520568,-0.8890095355931478,0.2813004762574246,-2.407012047036093,-3.014721106371816,1.8600000000000003,-6.029999999999999,-2.8346216791536203,-4.610000000000001,26,9,48,0,2,6,4,0,0,1,2,19,40,6,2018.6873983201986,Human,MHCI
4qrp,26.0,2.3799999999999994,0.42105263157894735,-8.05228302267768,70.31150700923337,30.51632574189025,3.5742225714738507,0.02748210482849378,-0.02279295321317605,0.2760879893864076,0.1480410176245145,-0.220542769614152,-2.321182587300839,-2.0552106423416303,-4.596935999256621,2.3799999999999994,-2.719999999999999,-11.90049635011816,1.9200000000000008,19,7,44,3,1,0,5,0,0,0,0,16,38,0,2156.560489621701,Human,MHCI
4qrr,16.0,-0.9500000000000001,NaN,NaN,NaN,NaN,NaN,NaN,NaN,NaN,NaN,-0.628266817369406,0.0,0.0,-1.696989213436808,-0.9500000000000001,-11.650000000000004,-0.016087807088964956,-5.829999999999999,5,3,34,0,1,0,3,0,0,3,3,2,27,0,1396.873409527885,Human,MHCI
4wuu,0.0,0.0,NaN,NaN,NaN,NaN,NaN,NaN,NaN,NaN,NaN,0.0,0.0,0.0,0.0,0.0,-14.669999999999998,0.0,-11.920000000000002,0,0,0,0,0,0,0,0,0,0,0,0,0,0,NaN,Human,MHCI
4y19,22.0,3.1700000000000004,0.07142857142857142,-40.456520228271735,121.97112207459085,NaN,NaN,NaN,NaN,NaN,NaN,-0.5804188154398296,0.208833475139749,0.0,-0.4028208783368661,3.1700000000000004,-7.789999999999999,-1.0095061625790878,-1.8499999999999996,14,8,30,0,1,1,6,0,0,0,1,13,22,1,1433.0560368979131,Human,MHCII
4y1a,19.0,2.100000000000001,0.0,-40.1358616740329,119.70919494360274,NaN,NaN,NaN,NaN,NaN,NaN,-0.36923899742541433,0.0,0.0,-0.5615456581340319,2.100000000000001,-7.1599999999999975,-1.4066538274416804,-2.29,10,6,28,0,1,0,5,0,0,0,0,10,22,0,1293.810999518082,Human,MHCII
4z7u,25.0,-0.33999999999999997,0.47619047619047616,0.19954725241322716,61.86122377813696,NaN,NaN,NaN,NaN,NaN,NaN,-1.1170023822368114,-0.6135843552898043,0.41575379582512195,-1.3148329417014937,-0.33999999999999997,-4.330000000000002,-5.860471174604688,4.599999999999995,21,8,46,0,2,5,3,0,0,1,2,15,39,5,1863.5391288395767,Human,MHCII
4z7v,22.0,-0.9299999999999998,0.36363636363636365,0.7749731994154619,62.43018943997838,NaN,NaN,NaN,NaN,NaN,NaN,-1.0508476778198519,-0.7491102852793573,-0.3164044621167058,-2.1163624252159154,-0.9299999999999998,-4.550000000000001,-3.838112564026296,4.75,22,8,43,0,1,6,1,0,0,1,1,15,40,6,1825.7043253265474,Human,MHCII
4z7w,29.0,1.76,0.37037037037037035,-0.3359465412607972,69.24173918016987,NaN,NaN,NaN,NaN,NaN,NaN,-1.3138264806147024,-1.2767298071576894,-0.7516517166913064,-3.6268084103780707,1.76,-4.650000000000001,-5.104479225739929,4.7700000000000005,27,12,56,0,4,4,9,0,0,0,2,23,41,4,2293.344441015717,Human,MHCII
4zez,27.0,1.35,0.3181818181818182,-5.497030227281614,50.16753609198224,30.112453379574195,3.2550365926077154,-0.1302322329160248,0.07214654726351817,0.24928077435409216,0.11175468298257302,-0.3195874166561905,1.4745388115787146,-0.14652058876179191,1.008430806160732,1.35,-8.760000000000002,-5.686114573962996,-6.639999999999999,22,9,48,0,4,4,8,0,0,1,0,17,36,4,2119.4484911801483,Human,MHCI
5brz,23.0,-0.8600000000000003,0.4666666666666667,-8.120298731479124,79.34998105613106,31.53109065431088,3.7754788200892473,0.17926798389558307,0.13856636089509278,0.2457874905811523,0.13423438142310468,-0.4532712517023136,-0.820986548262071,1.5062462199472093,-0.014693895971520363,-0.8600000000000003,-7.1000000000000005,-0.5800496256961853,-5.65,15,7,41,0,1,2,7,0,0,2,2,11,31,2,1793.1999374672123,Human,MHCI
5bs0,24.0,-0.9300000000000002,0.47058823529411764,-8.506935042822557,79.27657589331022,31.645668970222477,3.8004069852527893,0.20449397680175474,0.13149742441982012,0.2165621376808066,0.1420639062780981,-0.3322234160953187,-1.050661801439496,2.3329558658515515,0.7033883323623918,-0.9300000000000002,-3.5700000000000003,-0.17680656591901645,-2.379999999999999,17,6,49,0,1,3,8,0,0,4,2,10,38,3,1926.2771865210707,Human,MHCI
5c07,22.0,0.15999999999999995,0.4090909090909091,-6.975288212383679,64.45677970385555,31.241950968075066,3.543437647844456,0.010925655699916673,-0.008260849135142509,0.14419213526012434,0.1540541136971775,0.35699275702604216,-0.39078403810139006,-0.8048713003989477,-0.9599964741534011,0.15999999999999995,-7.369999999999998,1.9618543068068386,-5.679999999999999,22,9,31,0,1,5,1,1,0,0,2,16,27,5,1651.1140458154114,Human,MHCI
5c08,22.0,0.13999999999999996,0.3333333333333333,-5.01763747679485,67.25724797142874,31.131881789956015,3.5468023939746924,-0.008856913244367132,-0.01848812437559601,0.15098417265105568,0.12183275503158189,0.16220080708762966,-1.091009543372934,-1.6617838616948417,-2.71192649065925,0.13999999999999996,-2.789999999999999,0.26560231670241174,-1.8299999999999996,21,8,28,1,1,4,3,1,0,0,1,15,23,4,1528.1625143088531,Human,MHCI
5c09,21.0,-0.4100000000000001,0.35,-6.967931160951467,66.22416330486253,31.343310324439443,3.52714463103261,0.00768761962547469,0.0029478523695657104,0.15160787155013936,0.14456859960729043,-0.2899650410645288,-0.25178760604580885,-0.6553395664279837,-1.318426106217427,-0.4100000000000001,-10.170000000000003,0.9501770590383631,-9.410000000000002,20,8,28,0,1,5,0,0,0,0,1,15,26,5,1480.2863010289766,Human,MHCI
5c0a,19.0,-0.17000000000000012,0.4444444444444444,-5.982427651211506,67.4570403402846,31.98126408184536,3.5519151077865,0.006268877558619435,0.007504147400184599,0.15196177461677574,0.12530302194570803,0.05896864757048917,-0.6165211143854752,-0.3442095246148606,-0.9017619914298467,-0.17000000000000012,-11.63,2.190780536609083,-11.3,18,7,20,0,0,6,1,1,0,1,1,10,18,6,1352.4700258646553,Human,MHCI
5c0b,23.0,0.86,0.45,-7.301493063417623,66.45091533583262,31.23116423390727,3.552029198915412,-0.016885045002087488,0.006613159455687864,0.14036255302324893,0.15550839369822064,-0.7566530230513143,-1.0146137745390758,-0.8048713003989477,-2.697471990668442,0.86,-4.8100000000000005,0.0689953703774524,-3.9700000000000006,20,9,32,1,1,4,2,1,0,0,2,14,27,4,1658.8670817943093,Human,MHCI
5c0c,22.0,1.0100000000000002,0.47619047619047616,-7.053884785967336,64.71287974210891,31.333062797523322,3.535586247761992,-0.010651410712233115,-0.015663667003502964,0.13349041549920143,0.14392028288300904,-0.31071323585961336,-1.0146137745390758,-0.6280578874133079,-2.0747187904911017,1.0100000000000002,-5.889999999999999,0.7574400194326918,-4.17,21,9,32,1,0,5,1,1,0,0,1,14,30,5,1650.253764649573,Human,MHCI
5d2l,22.0,1.03,0.375,-6.929796035615561,51.037059336331275,29.40125127598619,3.188801310919537,-0.1784463927201122,0.17040909403782542,0.2896623637550647,-0.007930702392965523,-1.0912093760206072,-0.5338782286076047,-0.4266603300021506,-2.051747934630363,1.03,-7.45,0.41877602923156365,-5.01,24,8,40,0,1,3,9,0,0,1,2,20,28,3,1819.7548274247965,Human,MHCI
5d2n,24.0,0.1399999999999999,0.38095238095238093,0.8323991912377638,83.89376740610462,29.786239942851303,3.821431649449844,-0.17065692647460287,0.10480203862961288,0.15021809601671815,0.03747858498510444,-0.324507718359375,0.613326492532245,0.11131506539987548,0.4001338395727454,0.1399999999999999,-7.289999999999999,-4.247396432019839,-6.079999999999998,21,5,43,0,1,3,6,0,0,0,3,18,33,3,1857.4235789163577,Human,MHCI
5e6i,26.0,0.43000000000000016,0.375,-15.0749928197974,84.65063855405499,30.714737216254534,3.8614064870533316,0.048881687914556944,0.30189480338519054,0.19107967473482135,0.15606382009845968,0.8485445740676999,-0.28736572627813206,-2.048654154376119,-1.174289047460285,0.43000000000000016,-13.920000000000003,-2.710777142835466,-11.360000000000001,24,8,47,0,2,3,3,1,0,2,2,18,40,3,2067.223446588301,Human,MHCI
5e9d,16.0,-0.21000000000000005,0.4117647058823529,8.756849638113883,60.56189879312324,32.788689282352934,3.498114966649096,0.059595559384206034,0.2268285723308142,0.006560614023742681,-0.25730171560137804,-0.650470188690036,0.13648124546995777,-0.3780024062376478,-0.8919913494577262,-0.21000000000000005,-9.840000000000003,2.97725041666695,-7.529999999999998,17,7,27,0,1,2,0,0,0,1,2,14,24,2,1388.8853698521343,Human,MHCI
5eu6,24.0,1.2899999999999998,0.38461538461538464,-14.44240371621353,65.8614077902941,29.947824234059613,3.5140772696879052,-0.04735111505636114,0.14903777174254562,0.20909476278131894,0.23367913608906096,-0.25871279640245326,0.14510467909231606,-1.1224891413273912,-1.3574311513166337,1.2899999999999998,-8.549999999999999,-2.8173988659704396,-7.82,26,7,43,0,1,4,4,0,0,0,3,22,35,4,1729.1646784799086,Human,MHCI
5euo,21.0,-0.07000000000000028,0.4,-14.273034611921593,84.95977260456688,30.588687448263972,3.8475506479414903,-0.0013218000805985384,0.2671481617681719,0.2019416260852716,0.15662240706866068,-3.04881002727373,-0.24692475671962155,0.18970394654379785,-3.106030837449554,-0.07000000000000028,-15.870000000000008,-5.197666189644065,-12.870000000000001,20,7,41,0,0,6,8,0,0,1,3,13,30,6,1734.0429686851312,Human,MHCI
5hhm,19.0,0.3899999999999999,0.35,-14.853911982229356,84.32925703744463,30.5166343463377,3.828780097754079,0.016936671565893402,0.24629539649651858,0.23649160335969385,0.15306045154354178,-3.185680321163767,-0.3595956182230875,0.3151913760646751,-3.551073833791729,0.3899999999999999,-14.110000000000007,-4.992042732556637,-12.139999999999999,20,5,31,0,0,5,6,0,0,1,2,14,23,5,1440.5725109499144,Human,MHCI
5hho,19.0,-0.030000000000000082,0.3157894736842105,-15.69179739326359,83.49472626964805,30.577517535549266,3.8370285510927458,0.003958472080523377,0.27052530048861456,0.20645561535151774,0.15761670761037633,-2.659661566065806,0.1300775233754198,-0.681481049850938,-3.211065092541324,-0.030000000000000082,-14.900000000000007,-4.8582469353655595,-12.449999999999998,19,5,32,0,1,4,7,0,0,0,3,15,21,4,1505.6695528559467,Human,MHCI
5hyj,22.0,1.9,0.42105263157894735,-6.04441682450431,68.37561984305025,31.093522739542244,3.534790893814323,-0.00020245911610744248,-0.029084036739763366,0.18403300918225626,0.14702230924674609,-0.2697993714699338,-0.4920875708958773,-1.6617838616948417,-2.5450046967397575,1.9,-2.0200000000000005,-0.1205518209122527,-1.2500000000000002,19,7,34,0,1,7,1,1,0,0,2,11,30,7,1573.391923211544,Human,MHCI
5isz,25.0,-0.5599999999999986,0.41379310344827586,-13.305775148033758,74.4079725496423,30.25278879396521,3.6779891342960704,0.03705442497931362,0.1889551421949002,0.1272149598131878,0.14126120959379973,-3.085866132347907,0.07755590151711524,0.5524916234200645,-2.6416184285810083,-0.5599999999999986,-20.959999999999997,-4.52922377640018,-16.27,29,8,52,0,0,1,0,0,0,0,0,28,52,1,1915.691326181026,Human,MHCI
5ivx,24.0,-0.7600000000000007,0.36363636363636365,-16.39989836667824,45.59455873452943,30.289430557077953,3.1516337972610096,-0.14948477673219734,0.2909763525669793,-0.027028194193284946,-0.051217869582927227,-0.06997717095627695,0.46648707010170043,-0.7044074082196197,-0.3078975090741963,-0.7600000000000007,-6.539999999999999,1.0019945504584145,-4.99,22,8,45,0,3,2,7,2,1,1,4,17,30,2,1950.6964092263734,Mouse,MHCI
5jhd,25.0,-0.5800000000000001,0.4642857142857143,-15.041364143268154,67.148372193199,31.29990316863784,3.4981739471340174,0.07491258965866984,0.20156414466173694,0.07155347663308352,0.20357230826059697,-3.222264391809731,-0.9671586233250863,-1.4437143813777156,-5.818937217682812,-0.5800000000000001,-20.590000000000007,-9.26065061049319,-15.049999999999997,28,7,60,0,0,0,0,0,0,0,0,28,60,0,2066.976743600342,Human,MHCI
5jzi,28.0,1.8899999999999992,0.30303030303030304,-6.095899940247942,50.37064797798584,30.293043152473082,3.2139613445291313,-0.12832086050203434,0.07719946724674125,0.2672071051913212,0.11957096123467209,-0.7162457601663641,1.6241629950367558,-0.4302733830736834,0.4776438517967082,1.8899999999999992,-10.320000000000004,-6.311127554983523,-5.539999999999999,33,9,61,0,0,0,1,0,0,0,0,33,60,0,2191.883325914394,Human,MHCI
5ks9,31.0,0.8500000000000001,0.45454545454545453,-0.23067220461013535,65.33258933857749,NaN,NaN,NaN,NaN,NaN,NaN,-0.7218155103620472,-0.6019708243526978,-0.3978056739425878,-1.7215920086573329,0.8500000000000001,-4.440000000000001,-3.9829255518271545,4.300000000000001,22,9,55,0,2,6,4,0,0,1,1,15,48,6,2188.390729396757,Human,MHCII
5ksa,24.0,-3.4399999999999995,0.4444444444444444,-0.8882879478270749,67.439604187091,NaN,NaN,NaN,NaN,NaN,NaN,-0.5419963964983003,-0.7430581618271269,-0.6953995332855436,-1.9804540916109712,-3.4399999999999995,-0.6999999999999996,-4.038666176140202,8.73,18,6,42,0,3,8,4,0,1,0,0,10,34,8,1793.274292682163,Human,MHCII
5ksb,26.0,-2.6599999999999997,0.4166666666666667,-0.9738369613915824,57.843823163146176,NaN,NaN,NaN,NaN,NaN,NaN,-0.5457938717768435,0.27742125344480784,-1.82720969735469,-2.0955823156867255,-2.6599999999999997,-0.29000000000000026,-4.680928272187029,8.629999999999999,24,7,40,1,4,9,7,1,1,1,1,12,27,9,1986.7673089953023,Human,MHCII
5m00,22.0,-1.9499999999999997,0.38461538461538464,-2.503281163434895,65.7458566955832,30.311625742582702,3.4359447797906246,-0.15205447449171322,0.10167352761388769,0.0037890286552639944,-0.05997985029772948,0.0,0.7570676644928851,-0.6267104163092876,0.1303572481835974,-1.9499999999999997,-6.900000000000003,-0.67813208071269,-3.7399999999999998,13,7,33,0,4,2,6,0,1,0,3,11,19,2,1570.6617912309957,Mouse,MHCI
5m01,22.0,-2.1399999999999997,0.35714285714285715,-1.9240157843075913,65.8560229834136,30.228186768759738,3.437537653062005,-0.16674255642311556,0.1007844498343602,0.0015019976932150712,-0.07528577891901514,0.0,0.7570676644928851,-0.1686609408660198,0.5884067236268652,-2.1399999999999997,-5.050000000000002,-1.0048373549602072,-2.4700000000000006,14,7,37,0,5,3,6,0,1,0,3,11,22,3,1652.4298704824323,Mouse,MHCI
5m02,23.0,-2.4899999999999998,0.3181818181818182,-2.7613401239601485,66.11549206406555,30.320616507039265,3.431444342702916,-0.1553489078423541,0.08378037463493317,0.003494795779485171,-0.06617117737315968,0.158901282585856,0.5947347789668825,-1.1292588515577844,-0.3756227900050457,-2.4899999999999998,-6.17,-2.3471858077238363,-3.69,22,7,40,0,4,5,7,0,1,0,3,17,25,5,1674.6266425799731,Mouse,MHCI
5men,32.0,2.1599999999999993,0.36,-3.713446964748795,61.834006817983855,29.182349942169587,3.482756682289275,0.07543777620444922,0.22782817119541707,0.13187387925007132,-0.06017805832733056,1.168248463981879,0.9749510512488999,0.30372733516873607,2.446926850399515,2.1599999999999993,-16.01,1.8233824996900816,-13.769999999999998,25,8,56,1,2,6,8,0,0,1,1,17,45,6,2281.883559157108,Human,MHCI
5nht,26.0,2.0500000000000007,0.4642857142857143,1.2649878705760553,57.95916058019086,29.006136173620252,3.377472841799369,0.0389245009118755,0.08982468683208805,0.08825253361828013,-0.032220772366170276,-2.7003771951001583,-0.47613002412738287,-1.0117841925814126,-4.374091232979235,2.0500000000000007,-9.410000000000002,-4.488608717367624,-7.74,28,9,38,0,0,3,3,0,0,2,3,23,32,3,1768.3035194042604,Human,MHCI
5nme,24.0,0.4999999999999997,0.4583333333333333,-2.6439996147648217,73.09656809863861,29.945211851252875,3.699115089884218,0.08497958595627879,0.11521114382141157,0.11161708687994033,0.021769248953393917,0.45087904351178837,0.45727267450374287,0.30119940919072563,1.209351127206257,0.4999999999999997,-8.440000000000003,-1.4812426162085353,-6.850000000000001,24,9,51,0,2,8,4,0,1,0,2,16,42,8,2061.9998953504437,Human,MHCI
5nmf,25.0,0.5499999999999998,0.44,-2.6961594445130372,74.88487769550719,29.876047644221693,3.689851583905524,0.10471368215120916,0.11390702872896678,0.147266615160848,0.004135431000527218,1.0812864956586814,0.9288871088806249,-0.1952643352344814,1.814909269304825,0.5499999999999998,-9.370000000000001,-0.10208314562686538,-7.580000000000003,25,8,49,0,0,8,7,0,1,0,2,17,39,8,2013.665876622752,Human,MHCI
5nmg,23.0,0.82,0.391304347826087,-2.5313154351769778,74.8400567673237,29.9187839082888,3.684315589726159,0.08042325133966499,0.10451057809547741,0.10646625958973376,0.023072254313950765,0.41647761679445594,0.7854363264756633,0.39947530351181915,1.6013892467819384,0.82,-10.110000000000005,0.029341968283673303,-9.0,23,8,49,0,1,8,7,0,1,1,2,14,38,8,1969.356640208247,Human,MHCI
5nqk,23.0,1.6199999999999994,0.48,1.5530594246923286,58.15278299782784,29.17216612840726,3.393069909661075,0.028634995366664667,0.09349333684855482,0.08695840785346468,-0.022555948151760707,-2.7003771951001583,-0.4071371526404315,-1.0925662718228277,-4.200080619563419,1.6199999999999994,-9.300000000000002,-4.4734855557934035,-7.750000000000003,25,9,36,0,1,2,5,0,0,0,3,23,27,2,1757.3276994513508,Human,MHCI
5sws,22.0,-0.4300000000000006,0.0,-34.638832732312714,120.2379000653864,35.499623451262586,0.3063664497667835,-0.6940926430053566,0.1248841997761848,0.3561798257071538,0.5470902430370281,-3.4386879259523773,0.0,0.0,-4.27726076176975,-0.4300000000000006,-6.630000000000003,-5.417669982744133,-2.4399999999999995,12,6,48,1,2,2,6,0,0,0,6,9,34,2,1866.841068382193,Mouse,MHCI
5swz,25.0,-1.6599999999999993,0.0,-32.72168206992844,120.19703118045629,35.25573940007712,0.290482565007963,-0.6833305727554108,0.1449816495438507,0.35694306880276566,0.535042885999656,-3.5181520973066247,0.0,0.0,-4.356724933123995,-1.6599999999999993,-5.450000000000001,-5.493655889722055,-3.2999999999999994,13,6,53,2,1,2,7,0,0,0,4,9,41,2,1878.4590424398993,Mouse,MHCI
5tez,19.0,-2.77,0.4117647058823529,-13.821991548429136,51.29018536943142,31.366798018613547,3.2203043920490204,-0.24328462355384162,0.2796301883249076,0.23046301976152023,-0.018231729001746248,-0.5480655161451474,-0.8413330951370633,-0.34474164771503013,-1.7341402589972406,-2.77,-12.810000000000006,0.7624794899888867,-11.39,17,6,43,0,2,2,5,1,0,2,7,12,29,2,1695.470255323351,Human,MHCI
5til,23.0,-2.3200000000000007,0.36363636363636365,-4.964798773051523,71.31023895399152,30.262610336311106,3.509498225024554,-0.1575139359607831,0.059685491823997565,0.023237537799079232,-0.05429099099560109,0.171323802584413,0.6170766887458791,-0.9528639134334684,-0.16446342210317622,-2.3200000000000007,-5.5200000000000005,-2.0895064241870736,-4.169999999999998,22,7,38,0,5,3,6,0,1,0,2,19,24,3,1653.7140655944822,Mouse,MHCI
5tje,23.0,-2.339999999999999,0.2857142857142857,-2.300783910140069,68.68120110491317,30.54017955029786,3.481938436655536,-0.1610574482778512,0.07557470412314315,0.011721974197797953,-0.05522658192390445,0.171323802584413,0.7610793812376966,-0.9885819960355473,-0.05617881221343793,-2.339999999999999,-8.010000000000002,-2.131303552865535,-5.949999999999999,21,6,37,0,5,5,3,1,1,0,3,15,25,5,1644.8487675863325,Mouse,MHCI
5w1v,28.0,2.1499999999999995,0.2777777777777778,-3.3855400672625606,90.28725291065615,31.748211802570594,3.8718122494087686,-0.20618956456367582,0.20388455560463353,0.2532361419429458,0.08096358252215058,0.0,-1.059848577887683,0.681804395768727,-0.378044182118956,2.1499999999999995,-14.630000000000003,-3.3639973341982725,-10.58,18,6,55,1,1,4,11,0,0,0,3,13,40,4,2109.428532207996,Human,MHCI
5w1w,28.0,1.7699999999999996,0.25,-2.797498273169779,89.68362980436407,31.788870585825016,3.871279065319233,-0.21578396172082054,0.19237147572359345,0.23674503559485238,0.07060920306418415,-0.166869171651459,-0.7415459966020006,0.5250439594984355,-0.38337120875502395,1.7699999999999996,-14.240000000000006,-3.288426166264624,-10.670000000000005,20,6,56,1,2,4,12,0,0,1,3,14,39,4,2087.8870586389603,Human,MHCI
5wkf,24.0,0.4700000000000001,0.17391304347826086,-9.192073692486309,64.20429286625068,29.662389181815715,3.4654556983719504,-0.018129076910490826,-0.013539441222819647,0.1647588239185931,0.15032808067395614,0.117796866400645,-0.5402317402773803,-1.1329432960335488,-1.555378169910284,0.4700000000000001,-1.290000000000001,-1.7879148305962722,0.8400000000000007,23,6,41,0,2,3,11,0,0,0,2,20,26,3,1764.7689889080066,Human,MHCI
5wkh,25.0,0.5600000000000004,0.18181818181818182,-8.83776017491287,64.5069617798332,29.6071887916929,3.4811415514624233,-0.030583298902825663,-0.015825355485690022,0.15541725848058704,0.1552770371795784,0.226635646434796,-0.5402317402773803,-1.3342991796377934,-1.6478952734803776,0.5600000000000004,-1.8200000000000003,-1.7015886417487358,0.16000000000000036,22,6,44,0,3,4,9,0,0,0,2,18,30,4,1800.816414696612,Human,MHCI
5wlg,21.0,-0.64,0.13333333333333333,-5.2771622864166945,42.61006804569753,29.88928229913621,3.047469459971717,-0.030793265559285403,0.12556422747203605,0.11944473912687911,-0.13528184867673934,-1.8658061200102787,-0.486125169692763,-2.858580572937553,-4.9011906150853335,-0.64,-7.4099999999999975,-2.803667078042964,-4.800000000000001,15,5,49,2,1,2,12,0,1,1,2,10,33,2,2092.7694957464846,Mouse,MHCI
5xot,13.0,0.37,0.0,NaN,NaN,NaN,NaN,NaN,NaN,NaN,NaN,-0.032552757771371,0.0,-1.2048299059608307,-1.2373826637322016,0.37,-12.730000000000006,-4.940082086118339,-7.05,12,4,22,1,0,1,4,0,0,0,0,10,18,1,965.3459390908683,Human,MHCI
5xov,6.0,-0.8,0.0,NaN,NaN,NaN,NaN,NaN,NaN,NaN,NaN,0.0,0.0,-0.3604869781121261,-0.3604869781121261,-0.8,-14.640000000000004,-5.324852907480423,-11.760000000000002,15,5,6,0,0,3,0,0,0,2,1,10,5,3,531.4611934556779,Human,MHCI
5yxn,27.0,0.7699999999999997,0.2962962962962963,-6.628874145328634,49.75313151922382,29.890764213690513,3.2214220013725514,-0.14398657061464323,0.07352171938853158,0.2590847627063397,0.09805340392906123,-0.3841947622973445,1.398799686984233,-0.347545747043218,0.6670591776436703,0.7699999999999997,-6.9799999999999995,-5.723340890081404,-4.6899999999999995,27,10,51,0,3,4,6,0,0,1,0,22,42,4,2166.6524287648317,Human,MHCI
5yxu,26.0,1.9700000000000002,0.2962962962962963,-4.436077211260526,50.657973852064494,30.085534257729226,3.2655252611560894,-0.14211081016974628,0.08605942388592214,0.2426891958660051,0.08404425500955169,0.16835057143535165,1.6241629950367558,0.1974780988108355,1.9899916652829435,1.9700000000000002,-7.320000000000002,-0.020456297285896374,-5.43,27,9,44,1,3,5,3,0,0,1,0,20,38,5,2022.3235153566384,Human,MHCI
6am5,28.0,1.6300000000000001,0.4090909090909091,2.2855403793954308,54.008528363041215,28.98132404461377,3.352815761866492,0.020874671821736284,0.01512673869110311,0.13169230443792732,-0.013670419570193841,-0.29921594094252246,0.0302839047637626,-1.1609828677129035,-1.4299149038916632,1.6300000000000001,-10.0,-0.6796470087513988,-8.599999999999996,22,9,48,0,0,3,6,0,1,2,2,17,39,3,2007.7506723463302,Human,MHCI
6amu,26.0,1.0499999999999998,0.4782608695652174,0.0965362005461422,55.652930153711544,29.454834681772667,3.4200527841287993,0.06640625474126831,-0.0058535806864883615,0.11683303052944884,-0.00042553317014467316,1.2180333827798087,-0.6755948582563938,0.7153078936893669,1.257746418212782,1.0499999999999998,-17.57999999999999,1.4168795332283106,-14.849999999999998,23,8,37,0,0,4,3,0,1,0,2,19,31,4,1689.9622517201678,Human,MHCI
6avf,15.0,-0.88,0.3684210526315789,13.322478218201649,58.222824610840554,32.2545277671451,3.3624813122691526,0.10158482045420177,-0.038649925429757016,0.06479409584771703,-0.15512007725243052,-0.4755637168248505,0.8364844924519521,0.4542754839415716,0.591075668606637,-0.88,-6.260000000000002,-0.1333344730450774,-4.359999999999999,19,8,28,1,1,0,5,0,0,3,2,15,20,0,1544.8617882890176,Human,MHCI
6avg,31.0,1.57,0.28846153846153844,-4.741572003476051,58.08440066929464,28.81252211840862,3.3768012565835996,0.03859935715277554,0.08409021384640047,-0.0017000412576828245,0.0010824381150975062,-0.535495945657983,-0.7750458102533094,0.291146324630439,0.06817933537332026,1.57,-5.079999999999999,-0.17420331052020704,-3.6700000000000004,52,10,45,0,2,8,11,1,0,0,0,43,32,8,2311.7394964449522,Human,MHCI
6bga,38.0,0.7100000000000007,0.09523809523809523,-22.384986558576085,133.1943124056162,NaN,NaN,NaN,NaN,NaN,NaN,-0.374693449441411,0.5149497443173534,0.0,-3.226925792613224,0.7100000000000007,-0.4099999999999999,-4.341422692095295,-0.69,21,6,88,0,2,5,17,0,0,2,7,14,62,5,2909.369643220096,Mouse,MHCII
6bj2,28.0,-0.5299999999999999,0.3888888888888889,-9.30188845804938,63.006687684290846,30.913398915432946,3.5149055753127185,0.08141832227318695,0.18262322005004625,0.05934081278340969,0.08088412028663397,-0.7606196554720299,1.0116176635306409,-1.8428642129795882,-1.642744694601358,-0.5299999999999999,-10.870000000000006,-3.2655750939503934,-5.98,18,5,56,1,1,4,7,0,0,0,1,13,47,4,2082.593349353927,Human,MHCI
6bj3,12.0,0.39,0.0,NaN,NaN,NaN,NaN,NaN,NaN,NaN,NaN,-0.032552757771371,0.0,-1.2048299059608305,-1.2373826637322018,0.39,-12.440000000000005,-4.940082086118339,-6.55,12,4,22,1,0,2,4,0,0,0,0,9,18,2,909.7695816861597,Human,MHCI
6bj8,13.0,0.38999999999999985,0.0,NaN,NaN,NaN,NaN,NaN,NaN,NaN,NaN,-0.065105515542742,0.0,-1.2332993119797497,-1.2984048275224915,0.38999999999999985,-11.320000000000004,-4.9615545937706464,-5.3900000000000015,13,4,22,1,0,2,4,0,0,0,0,10,18,2,901.9272490776202,Human,MHCI
6cql,24.0,-1.2999999999999998,0.45161290322580644,-0.2448698481467247,59.545827115750114,NaN,NaN,NaN,NaN,NaN,NaN,1.5237979647473716,0.16840002965781967,-1.0397888213696416,0.6524091730355492,-1.2999999999999998,-4.409999999999999,1.4072731955275621,2.1800000000000015,31,9,32,0,0,9,4,0,0,0,3,22,25,9,1803.2107858206437,Human,MHCII
6cqn,25.0,-0.1300000000000001,0.4375,-0.35037436994994875,59.21069969625702,NaN,NaN,NaN,NaN,NaN,NaN,1.5237979647473714,0.16840002965781967,-0.7005819252785745,0.991616069126617,-0.1300000000000001,-4.929999999999999,2.1249642566184104,1.3499999999999996,32,9,32,0,0,9,3,0,0,0,3,23,26,9,1742.7714817492524,Human,MHCII
6cqq,25.0,-0.9699999999999999,0.4827586206896552,-0.045905653963224026,59.82586891506752,NaN,NaN,NaN,NaN,NaN,NaN,1.5118278276855064,0.16840002965781967,-0.20108435091031263,1.4877866025890336,-0.9699999999999999,-4.489999999999999,3.008452577858429,2.5200000000000014,29,9,34,0,1,9,4,0,0,0,3,20,26,9,1762.091233560026,Human,MHCII
6cqr,25.0,-1.48,0.4666666666666667,0.5108309864576402,56.967215324292134,NaN,NaN,NaN,NaN,NaN,NaN,1.9443827646504344,-0.03290397804842532,-0.4709066721011495,1.440572114500859,-1.48,-6.189999999999999,2.7027426384050064,1.4200000000000017,30,8,37,0,1,9,5,0,0,0,4,21,27,9,1943.266366671396,Human,MHCII
6d78,26.0,0.19999999999999984,0.3333333333333333,5.5143547546309835,53.33513462717409,28.692705511178072,3.346276327777846,0.013652624926715685,0.0476888247710222,0.09682650736860272,-0.010570228196318573,-0.976263224670457,0.0302839047637626,-0.4303254600180102,-1.3763047799247046,0.19999999999999984,-7.020000000000001,-0.048342732163975555,-6.23,21,8,53,0,0,4,6,0,1,1,2,16,44,4,2136.0358364973727,Human,MHCI
6dfs,20.0,0.38,0.2222222222222222,1.366959137002998,62.769775858483044,NaN,NaN,NaN,NaN,NaN,NaN,0.6519285251654979,0.954047788067592,-0.24982401020189668,1.3561523030311933,0.38,-18.939999999999994,2.8939104300574146,-7.529999999999992,18,6,39,1,0,3,7,0,0,2,0,12,32,3,1560.1829335365692,Mouse,MHCII
6dfw,27.0,0.97,0.38095238095238093,11.66297735023202,55.10612751897553,NaN,NaN,NaN,NaN,NaN,NaN,-0.0924131456950499,-0.18575980490992344,0.8346620134401669,0.5564890628351935,0.97,-16.420000000000005,-0.40579997236826726,-7.630000000000001,21,9,52,0,1,2,5,0,0,0,1,19,45,2,1848.5462800240857,Mouse,MHCII
6dfx,26.0,-0.65,0.36,-2.4259815559663904,45.2359426761665,NaN,NaN,NaN,NaN,NaN,NaN,-0.845754814367571,-0.022212342889075365,0.122545340411927,-1.321362570118794,-0.65,-16.220000000000006,-2.9783465479492985,-7.789999999999997,25,11,48,1,0,3,10,0,0,0,0,21,38,3,2162.512978319777,Human,MHCII
6dkp,28.0,0.4800000000000003,0.43478260869565216,1.6232397260729265,53.67687252670088,28.93878945800123,3.322591701928574,0.010491711732531063,0.04671992010164004,0.11652500056666623,-0.00669989868771143,-0.6115771573461996,0.0302839047637626,-0.19785411953858423,-0.7791473721210209,0.4800000000000003,-9.600000000000001,0.7042238631049784,-7.990000000000001,23,9,50,0,1,6,8,0,1,2,3,15,37,6,2144.979272198132,Human,MHCI
6eqa,24.0,0.26999999999999985,0.2962962962962963,6.0006427589816935,66.08400851095666,29.083343389633633,3.6262264846246115,0.008804432456756073,-0.03396599394630484,0.14716957139459477,0.01439829550155292,-0.7274934731540967,0.2813004762574246,-3.0067838165195413,-3.452976813416214,0.26999999999999985,-7.009999999999998,-3.44834799413701,-5.89,27,8,38,0,2,3,2,0,0,0,2,24,32,3,1906.8394616229853,Human,MHCI
6eqb,27.0,-1.68,0.2608695652173913,7.200054698521588,59.94698311874389,28.63533168193928,3.5210347948920946,-0.006536794438845821,-0.05783477659747049,0.18191492680909319,0.009611763202479121,-0.7274934731540967,0.0,-2.3263816226250995,-3.0538750957791962,-1.68,-6.900000000000002,-2.539547282977308,-6.0200000000000005,23,8,52,0,1,5,5,0,0,1,5,17,41,5,2234.5721288382083,Human,MHCI
6g9q,21.0,-1.45,0.4117647058823529,-2.4237664838304416,65.81768285497019,30.25700118288106,3.424541348803779,-0.1688656950733427,0.09783337773867487,0.009049199932314742,-0.0637924618538781,0.171323802584413,0.8452446336652518,0.1939010784993293,1.2104695147489941,-1.45,-4.09,0.12610220782521653,-1.42,17,7,30,0,3,2,6,0,1,1,3,14,17,2,1568.8686455424322,Mouse,MHCI
6l9l,22.0,-2.8600000000000003,0.391304347826087,1.028881137216085,65.62008386039037,30.65747255112249,3.3172770783555476,-0.2892326113238438,0.18795756434332125,0.1414807630294591,-0.12347341548814585,-0.7033669750025283,0.033216667756566426,-0.44099340203769355,-1.1216150091509507,-2.8600000000000003,-12.660000000000002,-2.1489991642999153,-3.4700000000000024,23,6,34,0,1,8,3,2,0,0,1,13,29,8,1702.9447576974562,Mouse,MHCI
6mkd,19.0,-0.7100000000000002,0.3333333333333333,4.359895959040195,40.118989188562395,NaN,NaN,NaN,NaN,NaN,NaN,-0.299516530098784,0.00217198262682311,-1.3116590131506927,-1.6090035606226534,-0.7100000000000002,-8.860000000000001,1.2213103612275995,-0.019999999999997797,15,7,37,0,0,5,6,0,1,1,3,9,27,5,1489.7039412911618,Mouse,MHCII
6mkr,21.0,-0.4700000000000004,0.35,5.1460747411412395,39.261859637010446,NaN,NaN,NaN,NaN,NaN,NaN,-0.2878454844956125,-0.24006483274218232,-1.3897317831395113,-1.917642100377306,-0.4700000000000004,-12.060000000000004,2.373759453308243,-1.0700000000000003,20,9,43,0,0,0,3,0,0,0,0,20,40,0,1555.1657849362018,Mouse,MHCII
6mng,19.0,-1.0900000000000003,0.3333333333333333,5.174520124744757,40.78647119917083,NaN,NaN,NaN,NaN,NaN,NaN,-0.299516530098784,0.0021719826268231657,-1.3116590131506927,-1.6090035606226534,-1.0900000000000003,-9.680000000000001,1.2213103612276,-1.3899999999999988,15,7,37,0,0,6,7,0,0,1,3,8,27,6,1478.327241549181,Mouse,MHCII
6mnm,20.0,-0.71,0.3333333333333333,4.409399842684056,41.485046009865535,NaN,NaN,NaN,NaN,NaN,NaN,-0.299516530098784,-0.16213106866445282,-1.3116590131506927,-1.7733066119139296,-0.71,-9.920000000000002,1.3754610410548582,-0.27999999999999936,15,7,38,0,0,4,7,0,0,1,3,10,28,4,1482.5255151749298,Mouse,MHCII
6mnn,20.0,-1.0000000000000002,0.3333333333333333,3.569248689858618,44.41478559570492,NaN,NaN,NaN,NaN,NaN,NaN,-0.299516530098784,-0.23730798800707986,-1.3116590131506927,-1.8484835312565564,-1.0000000000000002,-9.180000000000003,0.7586868392794881,-0.17999999999999972,15,7,37,0,0,5,6,0,0,1,3,9,28,5,1509.825955334687,Mouse,MHCII
6mno,19.0,-1.23,0.3333333333333333,3.8994147572658164,43.18405095754209,NaN,NaN,NaN,NaN,NaN,NaN,-0.299516530098784,0.17720695562100286,-1.3116590131506927,-1.4339685876284738,-1.23,-9.790000000000008,1.6874000911522,-1.5500000000000007,15,7,38,0,0,6,7,0,0,1,3,8,28,6,1486.378075378867,Mouse,MHCII
6mtm,23.0,2.6100000000000003,0.4666666666666667,-13.30084648566942,73.93743857905514,31.172128653098074,3.5814016638063424,-0.0390882129582141,0.16886765450562216,0.12405417243392516,0.12114737067881455,0.5529928104949942,0.01293021712669934,-0.1435061078070144,0.13576312508846383,2.6100000000000003,-12.220000000000008,-0.30187872843568625,-9.830000000000002,15,6,43,0,2,3,3,0,0,1,1,11,37,3,1762.3708353061884,Human,MHCI
6p64,23.0,0.72,0.46153846153846156,-1.3935681752758333,60.78678575119176,31.379250507134234,3.4312808696860424,-0.07395258870884375,0.03434462867754577,0.20235454625809435,0.06470377878335594,-0.3381254999380909,-0.7778939391006447,-1.0908615452650798,-2.8760895179126758,0.72,-9.36,-4.1259015838880995,-8.39,26,6,28,0,0,1,4,1,0,2,0,22,24,1,1665.521414857496,Human,MHCI
6px6,27.0,1.2800000000000002,0.4,-6.55096061374002,55.672566071755526,NaN,NaN,NaN,NaN,NaN,NaN,-0.5514615390261359,-0.476735584156652,-0.15814585568592607,-1.186342978868714,1.2800000000000002,-4.630000000000001,-1.006359794095585,3.1800000000000006,25,11,48,0,1,1,3,0,0,2,1,22,43,1,2005.2638001679843,Human,MHCII
6py2,23.0,1.7499999999999998,0.3125,-4.520759209863093,75.88888886845592,NaN,NaN,NaN,NaN,NaN,NaN,0.0,1.031309705568145,1.5325164017760171,2.5638261073441626,1.7499999999999998,-4.190000000000001,4.42121977595155,4.139999999999997,16,6,45,0,3,3,2,0,1,1,1,12,38,3,1818.1914955220782,Human,MHCII
6q3s,30.0,3.310000000000001,0.48148148148148145,-5.036622871036648,84.69582633527537,30.42214560345726,3.8611687843400535,-0.14476806823913352,0.06947651304926705,0.014605292898388174,0.1515867857971843,-0.340412667006157,-2.2970318852634355,-0.20582605209018073,-2.843270604359773,3.310000000000001,-8.15,-8.084477443968046,-6.48,27,6,49,0,0,6,7,2,0,0,1,19,41,6,2130.7397019027594,Human,MHCI
6r0e,25.0,2.67,0.4782608695652174,-1.1549244188387793,71.6452848374643,NaN,NaN,NaN,NaN,NaN,NaN,-0.6822054097475174,-3.0574364114557344,-0.1344288029364626,-3.7515252837277906,2.67,-6.82,-5.255355255284567,1.759999999999998,23,7,41,3,2,3,3,0,0,1,1,16,35,3,1952.8566688657083,Human,MHCII
6r2l,31.0,1.7500000000000004,0.46153846153846156,5.017110066622272,81.43580461182248,32.1746471174261,3.8600077346019925,0.2819493731373884,0.2443142558457889,0.1726718994040153,-0.24204742115994624,-0.12510839847087496,-2.4451050997603367,-0.14174549509079665,-2.711958993322008,1.7500000000000004,-5.59,0.29991944613919364,-3.8999999999999995,26,8,65,1,1,6,9,0,1,1,2,18,52,6,2470.5788859660897,Human,MHCI
6rp9,20.0,0.43999999999999995,0.2608695652173913,-11.155696402021125,89.63309606139731,32.115792788696844,3.9516524312759604,-0.005471852665009218,0.10117281512372352,0.14937155890212078,0.19711085725118582,-0.49148553006648005,-0.6506275227393123,-0.475782241359252,-1.6131701471510573,0.43999999999999995,-11.070000000000002,-8.423046965842792,-8.920000000000002,23,4,18,0,0,3,2,0,0,2,1,18,15,3,1297.5647377833666,Human,MHCI
6rpa,34.0,1.0300000000000002,0.4827586206896552,-3.145733743594352,93.37901757749913,30.334589742893765,3.9282242188834258,-0.21943403004772236,0.05258004260724522,-0.007817406738732326,0.22555285876821332,0.169654866363223,-0.59460140009537,0.7835551713769265,0.3586086376447794,1.0300000000000002,-7.64,-1.0614578254723026,-6.5,29,7,56,0,0,4,13,1,0,0,2,24,41,4,2184.9116165947416,Human,MHCI
6rpb,26.0,1.4500000000000004,0.48,-5.819777336212787,90.40841555314894,31.057304675677003,3.8706257641500965,-0.14569528726112657,0.08003948769023705,-0.04424662886875957,0.1813766558671107,-0.44687468174524503,-1.4978641155414993,1.5098197870837518,-0.4349190102029926,1.4500000000000004,-6.1599999999999975,1.5304457631739503,-6.1,25,6,37,0,2,6,7,1,0,0,2,18,26,6,1796.424845157766,Human,MHCI
6rsy,29.0,0.21,0.391304347826087,-3.638435520665753,73.01392361584593,29.8968705398496,3.65443788705193,0.002499559855989813,0.08011888042695589,0.12423030717035277,0.1096833494656935,-0.061351203807057025,-0.17156181241425722,-0.4850795424369289,-0.7179925586582431,0.21,-11.570000000000004,-3.364725019907738,-10.659999999999998,23,7,63,0,4,5,9,0,1,1,3,17,46,5,2191.3957884336487,Human,MHCI
6tmo,29.0,-1.2,0.35714285714285715,3.2229156790952818,64.01892143164876,28.644338355314673,3.5304046609766795,-0.004029484949809032,-0.04679115332305292,0.18251653806609283,0.00963510437940024,-0.6251506621146428,0.0302839047637626,-2.1487585866126997,-2.7436253439635805,-1.2,-5.9799999999999995,-2.5333388054602777,-4.640000000000001,28,9,54,0,0,6,5,0,0,0,5,22,44,6,2271.4844476506696,Human,MHCI
6tro,27.0,0.7800000000000001,0.35,8.149036299788058,75.67684125306658,32.29729175181758,3.6509242290321615,0.3083153225901031,-0.029097942176422996,0.0779641279228008,-0.14928957919903446,-0.0338057708222007,-0.021895630646884608,-1.5215492608644219,-1.577250662333507,0.7800000000000001,-6.379999999999999,-5.214885749024969,-5.0600000000000005,20,6,48,0,2,4,6,0,1,0,1,16,38,4,1766.9964786301935,Human,MHCI
6u3n,32.0,-1.1300000000000008,0.3333333333333333,-6.608646380804353,61.234666356792815,NaN,NaN,NaN,NaN,NaN,NaN,0.039737229992727,-0.47585513151427894,0.5683799061323291,0.13226200461077714,-1.1300000000000008,-15.19,1.5751093892867578,-4.6800000000000015,15,7,58,0,1,0,7,0,0,3,2,12,48,0,2160.914900402393,Human,MHCII
6u3o,26.0,-1.0700000000000005,0.07142857142857142,-9.398124959850048,68.07178788763925,NaN,NaN,NaN,NaN,NaN,NaN,-0.46916985912244297,0.0,-2.0674808501756066,-2.5366507092980495,-1.0700000000000005,-4.1000000000000005,-4.678964005600312,1.0699999999999985,14,5,47,0,2,1,9,0,0,1,2,12,34,1,1822.648397621415,Human,MHCII
6uk4,24.0,1.3199999999999998,0.4375,-2.282625666094472,49.70748537330459,31.198200538775577,3.228424076020456,-0.042522328576297876,0.07892312626105594,0.11227463342563647,0.04531251357198697,-0.703811067064895,-0.7778939391006447,-1.2558274948682173,-3.4067410346426175,1.3199999999999998,-9.409999999999998,-4.646512809354967,-7.900000000000001,32,7,32,0,1,3,3,1,0,2,0,26,28,3,1755.6263259673142,Human,MHCI
6ulr,25.0,3.369999999999999,0.25,-0.16791011887297008,36.632940537946034,31.94820212258066,2.98217309883427,0.2389076330102669,0.030523010869997154,0.136031900192073,0.02191490142310042,0.051697403850361034,-0.7156795433420462,0.0,-0.6639821394916852,3.369999999999999,1.5100000000000002,-0.6654088675217396,-0.43999999999999995,8,5,49,1,5,1,5,0,0,1,1,5,38,1,1836.2931136309126,Human,MHCI
6uon,18.0,0.5499999999999999,0.3125,3.7173850298264166,86.77496559575793,30.946217664740818,3.90372353086755,0.09918267057741052,0.07187326489062729,-0.15314818033761127,-0.08993808400392779,0.0516320417199985,0.36733015337364594,-1.1691070075430035,-0.750144812449359,0.5499999999999999,-3.73,-6.981924886994368,-4.08,16,5,24,0,0,2,2,0,0,0,0,14,22,2,1396.6367722026189,Human,MHCI
6v0y,24.0,0.07,0.25,-6.313651873672765,47.462136930750766,NaN,NaN,NaN,NaN,NaN,NaN,-0.28334081410603484,-0.121108872625965,-2.682941642617843,-3.090869593726167,0.07,-4.85,-1.3681714512362355,1.1099999999999994,16,8,43,1,0,1,11,0,1,0,3,14,28,1,1968.6307438095173,Mouse,MHCII
6v13,21.0,0.42999999999999994,0.29411764705882354,-9.206004126146059,47.677184057315564,NaN,NaN,NaN,NaN,NaN,NaN,-0.5118299266949843,-0.405170127260263,-2.6829416426178425,-3.603419960949415,0.42999999999999994,-4.950000000000001,-1.5478776575768682,1.0700000000000003,17,7,38,0,0,1,8,0,0,1,2,15,28,1,1640.7153364327824,Mouse,MHCII
6v15,21.0,0.8700000000000001,0.14285714285714285,-9.715867879254246,48.223185986388685,NaN,NaN,NaN,NaN,NaN,NaN,-0.525750079951848,0.13177414644643098,-2.6829416426178425,-3.0803958404995844,0.8700000000000001,-5.029999999999999,-1.3894976623813895,0.02000000000000135,14,6,39,0,0,1,9,0,0,1,2,12,28,1,1570.4235579767483,Mouse,MHCII
6v18,25.0,-0.7600000000000002,0.43478260869565216,-7.609558315188861,47.01118663120384,NaN,NaN,NaN,NaN,NaN,NaN,1.0345910243987688,-0.6503812290926994,-2.733139046484756,-2.3524075155550106,-0.7600000000000002,-5.450000000000001,-0.6007655249734916,0.5299999999999994,23,9,44,0,0,3,9,0,1,1,3,19,31,3,1982.0713568275314,Mouse,MHCII
6v19,25.0,0.04000000000000009,0.25,-7.938086472522333,47.67389014841268,NaN,NaN,NaN,NaN,NaN,NaN,-0.6637358229257508,0.2982767913519394,-2.5390180922257057,-2.907955388175842,0.04000000000000009,-5.28,-0.39497646835181976,0.07000000000000028,16,8,45,0,0,1,8,0,0,1,3,14,34,1,1902.245498119053,Mouse,MHCII
6v1a,24.0,-0.54,0.25,-8.660126494780966,47.563164842625504,NaN,NaN,NaN,NaN,NaN,NaN,-0.5118299266949843,-0.13427814561298862,-1.710604572335646,-2.360190909019944,-0.54,-5.07,-0.5245905255692902,1.3600000000000003,16,8,41,0,0,2,9,0,1,2,3,12,28,2,1854.9649308064763,Mouse,MHCII
6vm7,24.0,0.44999999999999984,0.22727272727272727,-11.888922972757614,47.67260655361494,30.965788441109755,3.1700246915728303,-0.027483874208035157,0.1296188613830362,0.02344746942346343,0.0972746482771154,0.04456988137322948,0.10118550281606156,-0.8815196236365128,-0.7357642394472215,0.44999999999999984,-5.29,-1.837373891003947,-4.6000000000000005,22,5,39,0,0,3,5,0,0,0,3,19,31,3,1798.107859174197,Human,MHCI
6vm8,25.0,-0.12999999999999998,0.22727272727272727,-12.086428887035476,47.81787106557082,30.96546935864596,3.1770400319598,-0.023353367179484608,0.1360677663389292,0.03156174235956716,0.09734969549367302,0.04456988137322948,0.10118550281606156,-0.8815196236365128,-0.7357642394472217,-0.12999999999999998,-8.750000000000004,-1.8373738910039472,-8.060000000000002,22,5,41,0,0,2,6,0,0,0,4,20,31,2,1811.9253376469642,Human,MHCI
6vma,24.0,0.12000000000000005,0.47368421052631576,3.7242485023819105,72.79625655787066,30.238760761915692,3.667905167824679,0.1044562819573262,0.05026325495452757,0.03848336999179229,-0.08259350907029836,1.2433757610660423,0.19811835075469691,0.7813157110127997,2.2228098228335385,0.12000000000000005,-6.0,4.054435036312571,-5.299999999999998,19,7,39,0,0,3,4,0,0,0,1,16,34,3,1712.9988720647889,Human,MHCI
6vmc,24.0,-0.5400000000000001,0.47368421052631576,4.24311178074811,72.57134865837608,30.2882675253979,3.681801810299872,0.11752897172920865,0.05150653650024724,0.02884589746834524,-0.0838922777847896,1.2433757610660423,-0.09874123958646985,0.9921617345166038,2.136796255996176,-0.5400000000000001,-8.800000000000002,3.7500285209195967,-8.57,19,7,39,0,0,3,5,0,0,1,1,15,33,3,1749.5315859538314,Human,MHCI
6vmx,25.0,1.8899999999999995,0.5,0.8110008228174623,74.64031233169739,30.095514275443705,3.7211905418711613,-0.010472992119355408,0.11287605695754765,-0.008755220237885436,-0.053071993128340544,-0.18974810477952425,-1.0219151693030855,-1.9345336398307433,-3.1461969139133528,1.8899999999999995,-8.360000000000001,-3.3627518673413883,-8.61,20,5,37,1,2,4,8,0,0,0,1,15,26,4,1773.4017713607245,Human,MHCI
6vqo,17.0,2.07,0.43478260869565216,-2.1445507134928308,51.41538715127375,32.2003794494931,3.296144888352981,-0.10446650836079657,0.20324064682471676,0.20277889037304614,-0.09350882713168164,-1.5551091677617683,0.12410807779645824,-1.412039681425406,-2.843040771390716,2.07,-10.060000000000002,-0.5890451134490826,-7.970000000000001,23,7,24,1,0,8,3,0,0,1,1,13,20,8,1430.8297786797484,Human,MHCI
6vrm,22.0,-0.31000000000000005,0.2727272727272727,3.7441358737588364,73.46676815123307,31.41578205012915,3.6750682797305436,-0.20706810012134014,0.1913422788028089,-0.03931312658015579,-0.13712048106445926,-0.3119283303937439,-0.46535626945060293,-0.7530503093761316,-1.5303349092204785,-0.31000000000000005,-9.33,-3.5534498194725286,-8.09,22,5,32,2,0,6,7,0,1,1,1,13,23,6,1561.7820795955122,Human,MHCI
6vrn,21.0,-1.54,0.2916666666666667,-15.739867256964791,52.9112459992588,33.64777277519792,3.1681474314180402,-0.3854774737358875,0.15782731009786335,0.323460194264646,0.06780349412438728,-0.8341506544172603,-1.114720306942574,2.242193503856496,0.29332254249666184,-1.54,-9.620000000000001,1.0036807686908582,-7.730000000000002,24,6,29,0,2,8,4,1,0,0,1,15,22,8,1717.5514168111258,Human,MHCI
6xc9,29.0,0.41,0.36585365853658536,5.331482428192858,28.769360685388854,NaN,NaN,NaN,NaN,NaN,NaN,0.022737840825365008,0.14260848191776201,0.9357468293914105,0.5479237167843072,0.41,-7.8100000000000005,1.6020103377159136,-0.20999999999999996,41,15,51,0,1,8,7,0,0,1,2,32,41,8,2327.187260442799,Human,MHCII
6xco,25.0,-1.3900000000000001,0.4074074074074074,11.45314834203018,43.45117111172171,NaN,NaN,NaN,NaN,NaN,NaN,0.8516805409435608,0.38846905951620403,-0.9058888226646817,0.23305361528563395,-1.3900000000000001,-7.599999999999996,-4.100333277408822,-0.5100000000000016,27,13,52,0,2,5,7,0,0,1,2,21,41,5,2063.895582622841,Human,MHCII
6xcp,26.0,-2.25,0.47619047619047616,-1.644567962434033,58.13820499736253,NaN,NaN,NaN,NaN,NaN,NaN,-0.3877924051118983,-0.889936168367381,-0.5535593904621713,-1.9324951264509003,-2.25,-10.55,-3.9409061369581266,-2.110000000000001,21,11,49,0,1,4,5,0,0,2,4,15,39,4,2010.1769243525778,Human,MHCII
6zkw,25.0,-0.17000000000000012,0.3125,-5.2520745763656045,81.33441496134189,31.999331846719716,3.6926153716387304,-0.24796961997707162,0.08603921889572756,0.45833390236469496,0.087003727752156,0.3286492422003491,0.48625526417962683,0.9297150576008264,1.7446195639808022,-0.17000000000000012,-8.749999999999998,-0.2484170011192104,-6.67,16,5,42,0,1,4,5,0,1,0,2,12,33,4,1618.4502032791424,Human,MHCI
6zkx,31.0,1.6799999999999997,0.3333333333333333,-3.8397350258256115,85.25587996433181,31.824820249416945,3.713495919897815,-0.24215237049242333,0.07999230299965743,0.4605334643482146,0.10169499266623064,0.43221096513365603,0.48625526417962683,0.9297150576008264,1.8481812869141092,1.6799999999999997,-12.720000000000004,-0.2484170011192104,-8.94,15,5,55,0,4,4,12,0,1,0,2,11,36,4,1976.8099054159393,Human,MHCI
6zky,24.0,0.07999999999999977,0.38461538461538464,-5.47708643684273,83.90444628270043,32.13353924083734,3.6799299361195312,-0.24803833572171216,0.08805172185902595,0.4420089449641003,0.09084829320236211,-0.05737210625254996,0.07685055806738182,0.9297150576008264,0.949193509415658,0.07999999999999977,-5.099999999999999,-0.6458240141223326,-3.0100000000000002,13,5,40,0,2,2,6,0,1,0,2,11,29,2,1547.5047850555638,Human,MHCI
6zkz,25.0,-0.6599999999999999,0.3333333333333333,-5.292064090128295,82.68994239678183,31.75788836720822,3.6930891151108303,-0.24480936536089998,0.08553570428349935,0.452519319045736,0.08968682149023029,1.265576282119261,0.48625526417962683,0.9297150576008264,2.681546603899714,-0.6599999999999999,-3.959999999999999,0.9138733468522244,-2.6999999999999993,15,5,44,0,3,4,7,0,1,0,2,11,31,4,1692.3282102803569,Human,MHCI
7byd,26.0,0.4200000000000004,0.0,16.72960039862187,57.415929075820635,29.446288078454355,3.3070177557369234,0.16417342976069585,0.06475081577869642,0.0067658770385440855,-0.007843845250118246,-0.039549656137982,0.0,1.2498443051790655,1.2102946490410835,0.4200000000000004,-3.0000000000000004,1.2439491544471672,-3.0800000000000005,10,3,49,0,1,2,6,0,0,0,1,8,41,2,1789.993942164081,Human,MHCI
7dzm,18.0,-1.2200000000000002,0.5,-15.70011495270526,63.26759631318431,31.74239113095326,3.4440753744620287,0.014316719315600277,0.20216979177369418,0.20133216699582865,0.2344730077139797,-0.9625173487266722,0.12295435589932079,0.0,-1.6154378094177622,-1.2200000000000002,-8.54,-1.6594971496791113,-2.9800000000000004,14,5,29,0,1,5,4,0,0,0,2,9,22,5,1387.233809461257,Human,MHCI
7dzn,17.0,-1.8099999999999994,0.5,-16.0842899591339,64.63057832335981,31.789227944658677,3.473944218347065,0.028955890570882655,0.21121953621850348,0.2182897447065532,0.23443107361393706,-0.9625173487266722,0.12295435589932079,0.0,-1.6154378094177622,-1.8099999999999994,-6.059999999999999,-1.6594971496791113,-2.5900000000000007,14,5,28,0,1,4,3,0,0,0,4,10,20,4,1372.0170907533538,Human,MHCI
7jwi,22.0,-1.6900000000000004,0.0,-32.88411865642502,120.26121388307624,35.4124795566568,0.2945138155321514,-0.6962509813000695,0.13670091753996724,0.3646466836302375,0.5315964174263014,-3.5181520973066247,0.0,0.0,-4.356724933123995,-1.6900000000000004,-6.4,-5.493655889722055,-4.209999999999999,13,6,48,1,2,2,8,0,0,0,5,10,33,2,1833.6847749143417,Mouse,MHCI
7jwj,19.0,2.0999999999999996,0.058823529411764705,-15.807283088481782,34.28595721893798,32.4513374379631,2.812193342408106,-0.17611371543966256,-0.039974299458140024,0.03184149421147051,0.06986138547269484,0.06652809322679387,0.0,0.7454893338919274,0.8120174271187214,2.0999999999999996,-5.260000000000001,-0.9931537073565055,-3.0300000000000002,17,5,30,2,1,1,2,0,0,0,1,14,26,1,1504.027492641384,Mouse,MHCI
7n1e,24.0,1.2300000000000002,0.4482758620689655,-12.196166513165078,56.34819349669678,30.82753157678534,3.312643396077459,-0.17908484120216467,0.2982448574652668,0.10664241265142244,0.010033755391152407,-0.6063869623807896,-1.718221347427575,-1.58640440698844,-4.285706166238215,1.2300000000000002,-7.969999999999999,-5.147697599237985,-5.529999999999999,29,6,30,0,0,6,6,0,0,2,3,21,21,6,1626.316663319114,Human,MHCI
7n1f,23.0,1.3199999999999998,0.4444444444444444,-3.3623080032779784,65.02717686749226,29.766048883915587,3.496053245193836,-0.014400788092913846,0.19701039242777316,0.2043356116150321,-0.0280077602231591,-0.2268237071843424,-1.4189658805842047,0.45021340583370284,-1.1955761819348445,1.3199999999999998,-14.920000000000005,-7.154203330009597,-13.219999999999999,27,7,35,2,2,6,4,0,1,0,0,19,28,6,1839.856044124921,Human,MHCI
7n2n,23.0,1.6999999999999997,0.375,2.2818324705241975,41.19496729147517,31.184245073160113,3.1705489040010226,-0.09226618555078735,0.16149855456000262,0.14642675033194988,-0.1746720490971893,-0.33215698033319496,-0.20540336425318,-2.6152040666529204,-3.1527644112392954,1.6999999999999997,-3.8400000000000007,-2.0823128849642156,-1.0400000000000005,16,5,41,0,3,1,4,0,1,2,2,13,31,1,1791.6005903462283,Human,MHCI
7n2o,23.0,3.2,0.5,1.2471095335158917,41.702614660171605,31.949344719048902,3.16297520982308,-0.06444710749930892,0.2448558277757344,0.0721539974423419,-0.19560100157881968,-1.5316045126828735,-0.7012015545810547,-1.2662886058154217,-3.49909467307935,3.2,-12.580000000000005,-3.548596663115382,-10.14,20,6,39,0,3,1,5,0,1,3,2,16,28,1,1840.260178603683,Human,MHCI
7n2p,21.0,1.8499999999999999,0.36363636363636365,-0.8947128397839974,45.62138598781417,31.333594773448123,3.206856406935511,-0.06637810039281342,0.18561050899923778,0.10508283465004706,-0.16953526820206394,-1.7123974752686315,-0.315444869429137,-1.2437591858617403,-2.734539770601682,1.8499999999999999,-3.989999999999999,-2.203594190708326,-2.34,22,7,41,0,2,2,4,0,1,3,1,17,33,2,1721.491426387911,Human,MHCI
7n2q,21.0,2.67,0.36363636363636365,-0.3540920935363656,43.21878736361666,31.559582862112297,3.1563553932318835,-0.03453120867806998,0.2198517123931848,0.0983788747167384,-0.18197780395617136,-1.6529384053619784,-0.315444869429137,-1.5401334191515739,-3.4445444563017626,2.67,-13.140000000000006,-2.9135988764084058,-10.310000000000002,22,7,38,0,3,2,4,0,1,2,1,18,29,2,1732.6008645595648,Human,MHCI
7n2r,19.0,1.52,0.2777777777777778,-0.8963653241007975,46.40343408585343,31.226843808094365,3.2034040492360307,-0.0762440038041867,0.19909861455647973,0.10997737028446132,-0.16760937336727516,-0.45349087301229996,0.0,-1.562122405624426,-1.4944248678351892,1.52,-2.4400000000000004,-1.3334410701236492,-0.5799999999999996,18,5,40,0,2,2,4,0,1,1,1,15,32,2,1605.1264323751966,Human,MHCI
7n2s,26.0,2.8399999999999994,0.3684210526315789,2.3407407261191393,43.405086090003806,31.05027976074757,3.1763713851699933,-0.07453705493289617,0.15646974492619764,0.14736006329840845,-0.16115611327876841,-0.33215698033319496,-0.3053048820616975,-1.51897421439305,-1.635247665986406,2.8399999999999994,-4.139999999999998,-0.39031196336056007,-0.07999999999999918,19,6,47,0,2,3,9,0,1,1,1,15,34,3,2055.0845462030848,Human,MHCI
7n4k,23.0,0.019999999999999928,0.38461538461538464,-9.18580489799045,63.50836065337295,31.267701695273445,3.3447397802270507,-0.18541460398471848,0.2576964302774753,0.09840671532436793,-0.04642484203774317,-0.09702255663856812,-0.4996873953533669,0.024002211764405812,-0.5587875869706654,0.019999999999999928,-7.519999999999999,-0.5875108298422497,-6.48,26,7,29,0,1,8,3,0,0,0,1,18,24,8,1635.4548526317885,Mouse,MHCI
7n5c,22.0,0.1600000000000001,0.37037037037037035,-9.940082030682145,64.78897203397202,31.32342372225277,3.3663313103758794,-0.21007566041275885,0.24633784847250634,0.07718229170360373,-0.023783703499613854,1.1323201376487022,-0.9797717318467071,0.024002211764405812,0.19047077082326425,0.1600000000000001,-9.48,-0.6848338006425899,-7.899999999999998,27,7,30,0,2,8,3,0,0,0,1,19,24,8,1580.6116549878134,Mouse,MHCI
7n5p,26.0,0.8800000000000004,0.4074074074074074,-8.493105176034994,63.66003697501816,31.211668388473036,3.331838867943712,-0.19332917782874318,0.2524421103754761,0.09743635293749045,-0.047211937737063336,-0.09702255663856808,-0.3829242475977288,-0.13492839223897318,-0.6009550432184063,0.8800000000000004,-9.59,-0.5639868372120933,-8.13,27,7,32,0,2,7,4,0,0,0,1,20,25,7,1651.0623477665868,Mouse,MHCI
7n6e,25.0,1.16,0.4375,-2.856572406816171,74.32462171712986,29.46615052255409,3.631122261067803,-0.01462446479351713,0.18621901424729845,0.2039851166318303,-0.03023314795367645,0.5409847164198687,-0.6279541877296215,0.26369833268704623,0.17672886137729343,1.16,-13.560000000000004,-0.21639432860324515,-12.26,32,8,36,0,0,6,8,0,0,0,1,26,27,6,2035.6559821890114,Human,MHCI
7na5,17.0,-0.2999999999999998,0.47058823529411764,-2.1480900978875055,84.35040410694695,31.898400742172598,3.65900135449389,-0.28590106677788624,0.1695423511582281,0.3087892983127827,0.026701488704601987,-0.840978448706312,0.4926747562299986,-0.7068297015942742,-1.0551333940705874,-0.2999999999999998,-11.14,-1.9280849966136424,-9.51,17,6,32,0,1,3,7,0,0,0,1,14,23,3,1505.1265348488305,Mouse,MHCI
7ndq,25.0,-1.5399999999999996,0.2857142857142857,7.0262903623290285,102.58220316384318,30.236658691669668,4.071875964913619,-0.08775777020443391,0.10680827574997012,-0.13686617506134682,0.009771774763603781,0.0,-0.6577216763307318,-1.37571332628877,-2.033435002619502,-1.5399999999999996,-12.439999999999998,-3.1232350707724335,-9.44,14,8,46,0,3,1,9,0,1,0,1,13,32,1,2011.2245198388991,Human,MHCI
7ndt,21.0,2.33,0.4444444444444444,-9.390819423002984,62.14878388195372,30.169983979208627,3.299875953577295,-0.06958606034931789,0.17939121776427472,0.1990631438970145,0.07846462872450258,0.7583241146152055,-1.2209308079284507,-0.2357198756421589,-0.6983265689554041,2.33,-9.75,-2.755801938167834,-8.119999999999997,18,5,44,1,5,5,5,0,1,1,1,11,32,5,1837.4026236251884,Human,MHCI
7ndu,27.0,-1.6499999999999997,0.3076923076923077,9.554261451807097,100.31978904079833,29.83281025852938,4.014945696188102,-0.05915490120107829,0.15052966388611164,-0.1794762631374565,0.0040954148177156265,0.0,-0.6577216763307318,-1.078521155285467,-1.7362428316161984,-1.6499999999999997,-7.5,-3.06464090650638,-5.83,13,8,52,0,1,1,8,0,1,1,2,11,40,1,1902.6667228621154,Human,MHCI
7nme,27.0,1.67,0.48148148148148145,-4.4967843266869645,57.67213618935123,29.919117396915393,3.350505686541583,0.0036779838012058947,0.26755849363828166,0.15883588545315688,0.03447763426679837,-2.410378540533157,-0.6216524803302808,-0.1674475358260018,-3.1994785566894395,1.67,-9.809999999999999,-5.224929921529778,-8.33,27,6,48,0,0,6,7,0,0,0,2,21,39,6,2187.147689148369,Human,MHCI
7nmf,28.0,1.6500000000000008,0.44,-4.120568583951906,56.89483170070489,30.039490550016378,3.3384838636610477,-0.00006809911227066645,0.25480055117552447,0.1598294783300555,0.02968159910689499,-2.317965394838107,-0.6721946192286818,0.004750539641499019,-2.98540947442529,1.6500000000000008,-11.480000000000002,-5.305653892551609,-9.399999999999999,25,6,46,0,1,7,8,0,0,0,2,18,35,7,2165.85203892117,Human,MHCI
7nmg,27.0,1.6,0.48148148148148145,-4.518728195799563,56.489923413740165,29.703034929527284,3.339026241588016,0.001319122946112581,0.27034051791037245,0.1744594097445034,0.03347559136207631,-1.9642513517823876,-0.5762576766335473,-0.5336919307808858,-3.07420095919682,1.6,-18.969999999999995,-4.855117582741633,-15.739999999999998,27,6,45,1,2,6,9,0,0,0,2,20,32,6,2163.6309329151263,Human,MHCI
7ow5,22.0,2.1299999999999994,0.35,7.906117480298419,69.34310002737871,33.26310352756219,3.5895402410434922,-0.23200319461206242,0.038515797421093956,0.005561465202085621,-0.18658216519456822,-0.06342966327385141,-0.103561722933307,-0.751127944197268,-0.9181193304044266,2.1299999999999994,-2.4799999999999986,2.500417457689699,-1.4799999999999993,20,6,44,0,3,3,7,0,0,0,2,17,32,3,1648.733711327157,Human,MHCI
7ow6,22.0,1.27,0.3333333333333333,7.702358185186016,69.00074155053188,32.93651492006722,3.5726761272782053,-0.23919037340852947,0.04735160226915137,0.020404903738051854,-0.17508096875242035,-0.6271387848002734,-0.103561722933307,-1.284739034566411,-2.0154395422999913,1.27,-1.8099999999999996,-0.2530121859491157,-1.3900000000000006,21,6,44,0,3,3,8,0,0,0,2,18,31,3,1634.3476297168745,Human,MHCI
7pb2,20.0,2.64,0.3333333333333333,5.275155371196482,66.85696940601295,32.89559971941037,3.4890240501963175,-0.2567281250684624,0.07502856257531273,0.02373096058847544,-0.16656779571313352,-0.11899803632928899,0.276833285886409,-1.5229060424908114,-1.3650707929336914,2.64,-1.3499999999999988,-3.5847227469910394,-1.5999999999999996,21,6,43,0,2,2,6,0,0,0,3,19,32,2,1586.7958801263012,Human,MHCI
7pbc,33.0,2.26,0.47058823529411764,-4.1751791900649105,52.589636254492184,29.735469625889515,3.289072953203586,-0.02825567791847606,0.19915355529744094,0.05806454306957779,-0.06025469350339296,-1.4279125225887181,-0.2175030501731869,-0.565439355064222,-3.056457936588948,2.26,-15.200000000000005,-9.475220399641614,-11.540000000000001,34,7,58,0,0,0,0,0,0,0,0,34,58,0,2017.001770498755,Human,MHCI
7pbe,26.0,3.410000000000001,0.4838709677419355,-2.839023872760033,72.78190636472613,29.29739525806875,3.614015675072347,0.004430556670604384,0.18178546943336718,0.2525804262626808,-0.006676262055062513,-0.10928449385702868,-0.6144599744433072,-0.6760493433395847,-1.399793811639921,3.410000000000001,-13.890000000000002,-2.4356728334037383,-12.73,31,7,45,1,1,10,5,0,1,2,1,18,37,10,1943.8056901653763,Human,MHCI
7pdw,34.0,3.65,0.45714285714285713,-2.9919755668079917,57.6007353559849,29.714362579584996,3.355295854495486,-0.03522790075779574,0.1819394111025377,0.06619612660498203,-0.05686307034999961,-2.045493792362254,-0.21750305017318694,-0.648809852830433,-3.0688814694250452,3.65,-15.270000000000005,-8.80567405494147,-11.450000000000001,35,6,58,0,0,0,0,0,0,0,0,35,58,0,2093.394132330548,Human,MHCI
7phr,30.0,2.6699999999999995,0.30434782608695654,-3.470258908894175,63.663240992806436,27.874690112053784,3.469079914566739,0.001484757625771569,0.07029728501338489,0.16158067840866217,0.024234126189935895,-0.1721839629439615,-0.6382963180203272,0.6406961023504361,-0.16978417861385264,2.6699999999999995,-8.77,-4.602272416184851,-7.619999999999999,23,7,59,0,0,1,10,0,0,2,3,20,46,1,2131.971796842452,Human,MHCI
7q99,25.0,1.23,0.42857142857142855,3.218593565863235,67.63472719157733,28.876609215708775,3.5728455103238397,0.008759204259856308,-0.015774283822241653,0.13225093688236153,0.0006257913534728112,-0.4191816094873042,-0.046209932481413696,0.29665881548296513,-0.16873272648575277,1.23,-8.389999999999999,-0.2472927264785275,-5.960000000000001,28,9,45,0,1,6,5,0,0,1,2,21,37,6,2009.5506541404102,Human,MHCI
7q9a,24.0,1.4100000000000004,0.38461538461538464,4.027026948345486,68.75622669967336,28.724751981778297,3.6117818662378864,0.02793959169002125,-0.03693090419675525,0.1477336100527082,0.0017970297097659965,-1.1628146411385059,0.2813004762574246,-2.3773450214390146,-3.258859186320097,1.4100000000000004,-18.020000000000003,-3.0787597591019,-16.17,26,9,49,0,2,5,4,0,0,0,2,21,41,5,1974.212901565661,Human,MHCI
7q9b,27.0,4.030000000000001,0.3793103448275862,4.542884820500773,67.91481420641088,28.673461969775634,3.592553670847631,-0.031111348701636645,-0.0587879068445277,0.10919115978887761,-0.037696216016600545,-0.5051431103517103,-0.32098927046955,-0.22909702195969786,-1.0552294027809583,4.030000000000001,-6.050000000000002,-0.15595570645509715,-4.89,29,10,53,0,1,5,8,0,0,1,2,23,42,5,2190.2928255184015,Human,MHCI
7qpj,30.0,-0.33000000000000007,0.48484848484848486,-3.957824379663483,53.75154624586956,29.726646646290163,3.314274088665793,-0.039551718491715786,0.19843503065816517,0.05058492755207344,-0.06737779124260078,-1.3645060430739835,-0.2175030501731867,0.20999571818769522,-1.5290881491186459,-0.33000000000000007,-16.610000000000007,-6.346452804919899,-12.250000000000004,33,7,56,0,0,1,0,0,0,0,0,32,56,1,2047.8397947828198,Human,MHCI
7r80,27.0,0.5999999999999996,0.3684210526315789,-12.655763264825543,36.90772710448769,31.045434823926616,3.0228644282302657,0.012357114342773808,0.013333648702329854,0.16391509105405344,0.15483782992098782,-2.3235769504963875,0.02006623833507809,-0.4201865773658938,-2.7236972895272027,0.5999999999999996,-4.590000000000001,-5.15539732606675,2.1900000000000004,19,5,44,0,0,5,5,0,0,0,3,14,36,5,1970.6987160232165,Human,MHCI
7rdv,29.0,1.41,0.34615384615384615,-3.5438921773052345,59.08696059830945,NaN,NaN,NaN,NaN,NaN,NaN,-0.444657618622908,-1.4826359650155778,-1.5591904244629191,-3.0158852538929914,1.41,-4.960000000000002,-2.577311510075253,0.6300000000000008,26,10,48,1,1,8,9,0,0,0,0,17,38,8,2286.250837901156,Mouse,MHCII
7rk7,22.0,0.8600000000000003,0.36,10.63725679926613,100.88834977663235,32.29945954938396,4.12750567894488,-0.25740546709065526,0.10808995639655422,0.002871058545284987,-0.05180982403118377,-0.1567386742522972,0.22751816377795997,-1.0108381605728751,-0.9400586710472123,0.8600000000000003,-8.829999999999998,-4.388674880097598,-6.85,25,8,41,0,3,5,6,0,0,1,1,19,31,5,1729.65447790725,Human,MHCI
7rm4,24.0,1.39,0.21052631578947367,-11.946255334656545,58.860766072804665,31.83723267920223,3.2877076886842276,-0.31872435635109403,0.20261399230119798,0.39742169305418196,0.020360751333429117,0.37791253632134464,1.694846984989827,-0.123528676952463,1.200885069984298,1.39,-10.799999999999999,-6.517740839826266,-8.66,19,5,35,1,0,2,5,0,0,0,1,16,29,2,1554.5082370272867,Human,MHCI
7rtr,22.0,1.9400000000000004,0.48148148148148145,-2.915799148492821,66.52776083883029,29.67385149154038,3.498030066314349,-0.011222334734381315,0.19944313617478246,0.2070372432089707,-0.014066721388686193,-0.1460416279429272,-1.4306369261873764,0.45021340583370284,-1.1264651482966006,1.9400000000000004,-14.370000000000005,-7.062323188110078,-12.750000000000002,27,7,36,2,2,4,4,0,1,0,0,21,29,4,1803.3752167801213,Human,MHCI
7sg0,27.0,0.1699999999999999,0.2608695652173913,-12.039336680117847,65.74257891346886,NaN,NaN,NaN,NaN,NaN,NaN,-0.39181917570397007,-0.406161131654334,2.1718473780217105,1.2525331779843016,0.1699999999999999,-6.140000000000001,0.15681100978361884,3.91,23,8,41,0,2,2,3,0,0,0,1,21,35,2,1937.6281503359205,Human,MHCII
7sg1,30.0,-2.9300000000000006,0.2857142857142857,-7.487586890267208,43.887706659887556,NaN,NaN,NaN,NaN,NaN,NaN,0.2039828689823046,-0.8346433185432438,-0.06111531443095865,-0.9889679349952007,-2.9300000000000006,-4.42,-1.3455314010852044,1.8899999999999988,21,9,56,0,2,1,7,0,0,4,1,16,46,1,2288.175716852842,Human,MHCII
7sg2,30.0,-2.5500000000000003,0.2727272727272727,-7.995765386982327,56.46410145483822,NaN,NaN,NaN,NaN,NaN,NaN,0.1554518419234112,-0.5879610025888988,-0.5425588282489108,-1.2722601599177012,-2.5500000000000003,-7.280000000000001,-1.0218961765988106,2.9899999999999967,22,11,55,0,2,0,12,0,0,4,1,18,40,0,2239.121695354377,Human,MHCII
7t2b,27.0,2.26,0.5,-10.416160893777684,63.01378843492073,NaN,NaN,NaN,NaN,NaN,NaN,0.3167011904627357,0.7475047524714384,-0.14691482336871992,-0.08597061968437014,2.26,-17.00999999999999,-1.2721320867000223,-12.339999999999996,24,10,39,1,1,4,4,0,0,1,1,18,33,4,1864.9064253605466,Human,MHCII
7t2c,32.0,2.1,0.4782608695652174,4.340838294889208,76.87502602427033,NaN,NaN,NaN,NaN,NaN,NaN,-0.10167889706926929,-0.2700812545159599,-1.7814718976148212,-2.1532320492000503,2.1,-15.729999999999997,-9.531130855220924,-11.24,23,9,55,0,1,4,9,1,0,1,0,17,45,4,2257.0389271074528,Human,MHCII
7t2d,23.0,1.16,0.3125,-12.785547480046786,74.904637043289,NaN,NaN,NaN,NaN,NaN,NaN,0.07914036267239191,0.638657094571141,0.18947302873821265,0.5153812377891199,1.16,-19.69,-0.5153284812537093,-13.100000000000001,16,7,34,0,3,6,6,2,0,0,2,8,23,6,1691.0023576496533,Human,MHCII
7z50,24.0,0.11999999999999983,0.43478260869565216,-2.079993738349624,66.84301466467284,NaN,NaN,NaN,NaN,NaN,NaN,-1.2668745880081116,0.3267911806741258,-1.5052835331728778,-2.445366940506864,0.11999999999999983,-12.670000000000002,-7.652387932716814,-5.47,23,8,45,1,1,4,9,0,0,1,2,17,33,4,2005.057837353459,Mouse,MHCII
8cx4,21.0,3.12,0.5,1.4741500505740763,41.25491212619414,31.484401678229784,3.1636903585449883,-0.056962263438788664,0.20946470860851304,0.14575691878198446,-0.17880280731162568,-1.5316045126828735,-0.6169165889861058,-1.685700355287441,-3.83422145695642,3.12,-12.860000000000005,-4.456504139234673,-10.2,22,7,37,0,2,2,4,0,1,1,0,19,30,2,1619.857573956273,Human,MHCI
8d5q,20.0,-1.41,0.28,-9.17762990868685,54.43118681896777,30.7522738906674,3.223207815555724,-0.038984309341626694,0.23434746880557553,0.10324163871227228,-0.029488899857565736,-0.7134887012832529,0.817528965367128,-1.818914134674986,-1.7148738705911113,-1.41,-13.879999999999999,-3.1662796982689425,-5.76,25,7,28,2,1,9,4,2,0,1,1,11,22,9,1567.4633357503626,Mouse,MHCI
8dnt,25.0,3.6899999999999995,0.39285714285714285,3.7520967887246512,58.775347749504164,29.20803155125423,3.3608134425684844,-0.04356249227631429,0.08414974588334444,0.11994430705166328,-0.07581287853652337,0.11713558501151877,0.3180419947849846,0.6128586472137831,1.0480362270102868,3.6899999999999995,-13.94,0.5257089325815021,-11.740000000000002,28,8,41,0,1,7,5,0,0,1,2,20,33,7,1904.7573522420644,Human,MHCI
8en8,29.0,3.64,0.15384615384615385,-6.095134495601538,57.623978839135646,30.428585515292607,3.4901355425889453,-0.007779580543975849,0.17530130281199285,-0.09673726779503489,-0.008851930412727223,1.5470409545524308,-1.120241152625618,0.7782131089322185,0.42292849811624256,3.64,-15.260000000000003,-6.26402712685686,-9.29,26,6,50,2,3,4,8,0,0,0,1,20,38,4,1945.0269403271086,Human,MHCI
8enh,30.0,3.7600000000000007,0.2,-5.6639182486458175,57.35902232847745,30.263062151347803,3.524490656146991,-0.005275636649905309,0.15905818741038555,-0.08818849258920326,-0.013794552204442773,1.5077863738912,-1.055964720337667,1.3966696112601258,1.06640685207087,3.7600000000000007,-14.030000000000006,-5.811309860418541,-7.310000000000002,25,5,58,2,4,5,8,0,0,1,1,17,45,5,2036.5078061874592,Human,MHCI
8eo8,28.0,4.42,0.16,-6.103027179418067,58.158242864769974,30.42511681761849,3.510434390488518,-0.005160464156065216,0.16740676465677454,-0.10667374674279714,-0.012465774699317735,1.385241033479273,-1.120241152625618,2.250713303922577,1.7336287720334433,4.42,-15.270000000000007,-5.015645617338919,-9.5,25,5,52,3,4,4,8,0,0,0,1,18,39,4,1957.778061722267,Human,MHCI
8es8,17.0,0.21,0.14285714285714285,2.980466302506303,63.73599598531396,33.53352802506758,3.507748839141044,0.19919009491760215,0.040446160011403255,0.01618959626303333,0.018311311058359522,-0.1927363748255797,-0.293951685465376,-0.25778186255588137,-0.744469922846837,0.21,-6.319999999999998,-3.102796147653182,-5.139999999999999,14,5,32,0,0,2,4,1,0,0,1,11,27,2,1410.8949532928964,Human,MHCI
8es9,22.0,1.7399999999999998,0.26666666666666666,1.805681236581505,113.09889478130333,32.59115573197045,4.3503388761360515,0.3143151097564182,0.0954726632636028,-0.252042830016438,-0.115675797603445,-0.586761210915874,0.0348486339158772,-0.5927522002204578,-1.1446647772204548,1.7399999999999998,-7.349999999999999,-0.9261362931765001,-6.4399999999999995,15,4,35,1,1,2,0,0,0,0,2,12,32,2,1717.4070920445156,Human,MHCI
8f5a,25.0,1.4500000000000002,0.37037037037037035,-17.36351307769787,74.39127089679272,30.717866892862126,3.683482043252091,0.12797906852944474,0.12579366235214653,0.17382328151149226,0.2898862865998185,0.9863211514191517,-2.741463734539821,-0.8516813208804115,-4.213993169674134,1.4500000000000002,-9.469999999999999,-7.735954808753983,-3.8299999999999983,27,8,43,0,1,7,5,0,0,1,0,19,37,7,1882.782854107958,Human,MHCI
8gom,25.0,0.39999999999999986,0.4,-7.567202216272009,60.315270525824836,29.695397495906107,3.3909869255085874,-0.11509920644322481,0.0786376376530476,0.34933172655996947,0.09678754401228308,0.014595813574752148,-0.48305630716717196,-1.5200080806885246,-1.4380236889829545,0.39999999999999986,-7.829999999999996,-4.398841319935511,-6.260000000000001,30,8,51,1,1,6,5,0,0,1,4,22,41,6,2191.889156710211,Human,MHCI
8gon,23.0,0.7600000000000002,0.36,-6.493360792703938,59.65437315240056,29.895982646258794,3.360687776814612,-0.09684838852287597,0.11100604289260933,0.3556361983900662,0.09147794308594351,0.31261923982126627,-0.3225196155137699,-0.09860188672646031,0.19149381719962547,0.7600000000000002,-9.829999999999998,-0.9992797378811684,-9.079999999999998,25,8,45,1,2,5,4,0,0,2,2,17,37,5,2084.6776452830527,Human,MHCI
8gvb,26.0,4.670000000000001,0.47058823529411764,-7.664886825113272,80.69901876994973,29.9357191393054,3.8008229966291616,0.07927331766363405,-0.03411121468246283,0.32968269836847497,0.13584207500897758,-0.3414316976412594,-0.18078782757496967,-0.3620125664377737,-0.884232091654003,4.670000000000001,-11.910000000000002,-4.855451643166104,-8.74,17,7,51,0,2,2,7,0,0,0,3,15,39,2,2020.0633279378671,Human,MHCI
8gvg,27.0,4.04,0.4666666666666667,-7.501151409497109,78.0410081541852,30.108051349921283,3.7770539016851274,0.07178863413592937,-0.040848386811953345,0.3427944393745839,0.13414077867643193,-0.277459460000332,-0.5133090318326822,-0.2525283335960857,-1.0432968254290997,4.04,-11.82,-4.936525512925072,-10.029999999999996,15,6,53,0,1,2,5,0,0,1,3,12,44,2,2020.7995664592163,Human,MHCI
8gvi,27.0,3.28,0.47058823529411764,-6.9849224637973375,78.92819166585703,30.169259581816405,3.7589996381446,0.06030787875410041,-0.026437216646224893,0.34282217474703136,0.1251456921095556,-0.27745946000033195,-0.41635389888773666,-0.5422701390108777,-1.2360834978989463,3.28,-11.139999999999997,-5.8132145066842025,-9.58,17,6,51,0,2,1,6,0,0,0,3,16,40,1,1994.0732209412308,Human,MHCI
8i5c,28.0,-1.04,0.2,-6.813343043040484,72.03548030247774,28.675228865530656,3.5881064655382557,0.025757637948142217,0.13817370663547598,0.008141461236259154,0.060063631778601016,0.5638465082417071,0.04665666551679798,-0.0416884913408062,0.568814682417699,-1.04,-4.529999999999998,-0.7510008590317829,-1.4700000000000002,15,8,52,0,1,3,6,0,1,0,1,12,43,3,1999.883294961146,Mouse,MHCI
8i5d,25.0,3.2100000000000004,0.38461538461538464,-1.1461317946865914,67.9790688668259,29.253708280871102,3.5234464451492804,0.037557941467414445,0.047023140232664816,0.260403172100567,-0.0034537690372496528,0.808113619936933,-0.7884773269482601,-0.9241152026153879,-0.9044789096267151,3.2100000000000004,-3.1299999999999986,-0.15844814838010945,-2.0399999999999987,13,5,46,0,2,2,6,0,0,0,2,11,36,2,1844.0604375730836,Mouse,MHCI
8pjg,27.0,2.4700000000000006,0.38461538461538464,-1.2019271655353776,71.58275846338805,NaN,NaN,NaN,NaN,NaN,NaN,-0.9687024427666238,-3.0574364114557344,-0.1344288029364626,-3.85124640960356,2.4700000000000006,-6.909999999999998,-5.260483280024138,1.589999999999999,26,8,40,3,2,4,3,0,0,1,1,18,34,4,2034.46467768836,Human,MHCII
8qfy,24.0,-1.0499999999999998,0.3333333333333333,5.073432638321172,103.29235965939472,30.479558664376743,4.089153855396403,-0.14792134812252683,0.06829792787949165,-0.07824526365547795,0.009181463562921833,0.0,0.611721765654843,1.8343820747011363,2.4461038403559794,-1.0499999999999998,-8.030000000000001,-0.23605315323481335,-6.109999999999999,9,5,52,1,6,1,10,0,1,1,2,6,33,1,1932.8368194153736,Human,MHCI
8rj5,21.0,-0.06999999999999984,0.42105263157894735,0.022126531031584757,70.37231685105824,31.010565841803036,3.6322242253887445,-0.1367663377202576,0.22769635811036876,0.20503775508094862,-0.09695612761422405,-0.6160608537017471,0.1895725050163465,-0.27358209677836753,-0.7000704454637683,-0.06999999999999984,-13.970000000000002,1.1148730785840306,-10.870000000000001,19,6,30,0,0,4,2,0,1,0,1,15,26,4,1506.379138105418,Human,MHCI
8rlt,25.0,2.76,0.3888888888888889,1.7492585749870389,69.99947929595342,29.948113541262888,3.5298303435206533,0.024514554711212753,0.14227770170384044,-0.029617540965674972,-0.08071608272685221,0.8196231452588022,0.760955856168581,-0.38901768701528555,1.1915613144120978,2.76,-14.51,0.5667674102549178,-12.36,18,7,47,0,5,2,6,1,0,1,1,14,35,2,1922.8831983135678,Human,MHCI
8rlu,29.0,2.8600000000000008,0.36,1.3661397481199529,71.31991073631059,29.935422247799206,3.5550463554847163,0.01746043269816072,0.12741885815784806,-0.022952270710118704,-0.07413493216733623,0.13506228589161023,0.6833696196385343,-0.5600567197255316,0.25837518580461305,2.8600000000000008,-20.229999999999997,-1.3155110196691635,-15.88,25,8,66,0,0,0,0,0,0,0,0,25,66,0,2078.780398350158,Human,MHCI
8rlv,27.0,3.69,0.34615384615384615,1.639032136467516,70.49051926812362,29.870770955407522,3.540153050699605,0.02079275427607768,0.13595297725979277,-0.0322186838584674,-0.0744185797153492,-0.07753319806581976,0.8056591973968086,0.7770547154385403,1.5051807147695289,3.69,-20.76,0.3610719686830841,-15.529999999999994,26,8,65,0,0,0,0,0,0,0,0,26,65,0,2073.294888550561,Human,MHCI
8rro,21.0,1.3200000000000003,0.04,-14.649413343712402,53.01006094820645,31.305259808950492,3.1946785037138365,-0.09036293883551026,-0.008455230165580918,0.07172691026835214,0.24297392032207746,0.32935856073987246,-0.157213877268082,1.7093040275332552,1.8814487110050457,1.3200000000000003,-3.5199999999999996,-2.163835248727727,-1.4099999999999997,25,6,42,0,2,3,8,0,0,1,1,21,31,3,1807.0068350556903,Mouse,MHCI
8rym,25.0,2.4900000000000007,0.375,-3.4101382229374453,70.15516959234894,31.24920232841829,3.582668417939873,-0.21330542221939827,-0.07580119378780643,0.364765408345416,0.0814457617624664,0.13847505994500908,-0.567740381340791,-0.6642655204856514,-1.0935308418814338,2.4900000000000007,-2.639999999999999,-1.8819848545084386,-1.9799999999999995,16,5,32,0,0,3,7,0,0,1,0,12,25,3,1433.8261543546469,Human,MHCI
8ryn,25.0,2.26,0.4,-3.1270254403507187,69.64564127587835,31.065149026176936,3.576976550251456,-0.20697068053756942,-0.05629498820667598,0.3716440427212986,0.06294894031649304,0.21306391693608162,-0.567740381340791,-0.6642655204856514,-1.0189419848903607,2.26,-3.649999999999999,-1.8697147619166248,-1.2799999999999985,15,5,35,0,0,3,5,1,0,1,0,10,30,3,1528.461015876368,Human,MHCI
8ryo,24.0,0.5,0.3333333333333333,-4.077242594846635,72.03268189056072,31.293588634963363,3.6127703945806853,-0.2091834635691369,-0.07729274200081152,0.3853524639753982,0.09052396847397225,0.5245608535936778,-0.567740381340791,-0.6642655204856514,-0.7074450482327647,0.5,-2.7699999999999987,-0.9042044585544019,-2.1999999999999993,18,6,36,1,0,3,9,1,0,1,1,12,26,3,1729.6387196784344,Human,MHCI
8ryp,22.0,1.79,0.43478260869565216,-5.49892652960988,84.70199056999961,31.030628427885134,3.8133693754085876,-0.08720230657168326,0.08519701132694829,0.15067279842128867,0.14285039198155167,0.429481386818884,-0.7204729611262148,0.0021404870983895707,-0.22487884956801366,1.79,-2.5799999999999983,-1.2235774510828015,-1.7299999999999989,23,6,34,0,0,7,10,0,0,0,1,16,23,7,1613.6180190877276,Human,MHCI
8ryq,23.0,2.3300000000000005,0.5,-4.8961171588702,82.03894917384366,30.547795893978748,3.781438652673288,-0.06049648420706825,0.08775753611523633,0.1789109751166043,0.10214593288521409,0.429481386818884,0.2219441649347704,0.07630544093251668,0.7917032303270986,2.3300000000000005,-3.6099999999999994,2.827655913024911,-1.7399999999999998,24,8,42,0,1,6,7,2,0,1,2,15,32,6,1859.503338385839,Human,MHCI
8shi,21.0,1.7499999999999998,0.1,-3.8846806346564318,37.16601104804466,30.992737512416102,3.0085599504498575,-0.10350516717721896,0.0933476580908002,-0.16163173107871232,0.0396280000963058,0.728493943831428,0.0,-1.2190603449532915,-0.4905664011218638,1.7499999999999998,-6.6899999999999995,-0.9780736098515057,-6.669999999999998,10,4,38,2,5,1,7,0,0,0,0,7,26,1,1853.0168166356598,Human,MHCI
8trl,22.0,-2.81,0.3125,-0.0029125297848914085,57.10501556058929,NaN,NaN,NaN,NaN,NaN,NaN,1.5330244470048033,-0.47229877156290545,-0.25125300822459573,0.809472667217302,-2.81,-6.200000000000002,-0.5527828297950628,1.709999999999999,16,7,40,0,1,4,6,0,0,1,2,11,31,4,1855.8038491422267,Human,MHCII
8trq,22.0,0.31000000000000005,0.42857142857142855,2.7548287757243077,53.73841425291468,NaN,NaN,NaN,NaN,NaN,NaN,-1.2096648742376384,0.4440275864706341,0.6018729808996542,-0.16376430686734997,0.31000000000000005,-10.240000000000006,-0.9848862674364026,-2.310000000000003,21,8,43,0,1,1,4,0,1,2,2,18,35,1,1623.7039389391575,Mouse,MHCII
8trr,26.0,-3.150000000000001,0.42105263157894735,0.06204064396282431,61.75130385462953,NaN,NaN,NaN,NaN,NaN,NaN,-0.9522988350989423,0.4403358250204369,1.5052207728480138,0.9932577627695087,-3.150000000000001,-10.080000000000002,-1.5200722101874402,-3.0999999999999988,19,8,45,0,3,1,4,0,1,2,2,16,35,1,2000.9813318589659,Mouse,MHCII
8v4z,27.0,0.5799999999999998,0.34782608695652173,-5.786093517762675,71.05187614469403,29.742374064558895,3.6713474161131896,-0.0678512822990094,0.09230359643260481,0.13710969897761566,0.020454702951239207,0.03612075886387511,-0.11710212392225483,-0.03725563018988931,-0.1182369952482692,0.5799999999999998,-12.720000000000004,-1.9179585165405044,-5.780000000000001,23,7,42,0,0,5,8,0,0,1,1,17,33,5,1880.9464047064175,Human,MHCI
8v50,27.0,2.42,0.36363636363636365,-5.675519723063048,72.07709458781358,29.740111232344965,3.6805979425226996,-0.07057425164716041,0.10410070405384035,0.1332709543965787,0.02167067680352777,0.07472905272184405,0.19252595330936606,0.26658965765978343,0.5338446636909935,2.42,-12.140000000000002,-1.0836608807049728,-6.1499999999999995,22,7,42,0,0,5,8,1,0,1,1,15,33,5,1864.569784858133,Human,MHCI
8v51,28.0,0.7700000000000005,0.35,-5.899040775312722,69.59585105249411,29.772937111320662,3.660965703383045,-0.07016417481243467,0.07170551007285354,0.1479998897633455,0.022677340866840135,-0.368234620393599,-0.5265068300344998,-0.27659250539089575,-1.1713339558189948,0.7700000000000005,-12.420000000000003,-2.43452559985834,-5.4799999999999995,20,7,45,0,0,5,8,0,0,1,1,14,36,5,1956.066057088865,Human,MHCI
8vcx,31.0,-1.8900000000000003,0.5,-2.0699452468603017,56.51616784092247,NaN,NaN,NaN,NaN,NaN,NaN,-0.674418355748367,-0.5312277902992859,0.3274752114357345,-1.4224124802861777,-1.8900000000000003,-7.9300000000000015,-2.6237707289695162,0.8599999999999994,22,10,50,0,2,3,5,0,0,2,3,17,40,3,2193.978831046108,Human,MHCII
8vcy,29.0,-0.7399999999999993,0.46153846153846156,-2.2009348077531694,57.257269437659,NaN,NaN,NaN,NaN,NaN,NaN,-1.0849144942636921,-0.5312277902992859,-0.0029880990141973804,-2.1091341537447286,-0.7399999999999993,-5.879999999999998,-4.390555250417005,1.8500000000000005,26,12,53,0,2,6,5,0,0,3,3,17,43,6,2079.326708746252,Human,MHCII
8vd0,31.0,0.27999999999999986,0.2962962962962963,0.3980807786305685,64.4376816139064,NaN,NaN,NaN,NaN,NaN,NaN,-0.5844173367125045,-1.1759905275434364,1.0949190827885686,-0.9500891873817453,0.27999999999999986,-9.020000000000001,-5.060333924198131,-0.6699999999999982,27,12,57,0,1,8,4,0,0,1,3,18,49,8,2320.7347307252494,Human,MHCII
8vd2,31.0,0.8,0.3448275862068966,0.8724714836792501,67.59511641345702,NaN,NaN,NaN,NaN,NaN,NaN,-1.8434095554479648,-1.1759905275434361,-0.4547800239365093,-3.7587805128422835,0.8,-7.860000000000002,-7.678650352921986,-0.060000000000001386,29,12,58,0,1,8,5,0,0,2,4,19,48,8,2347.5075466819253,Human,MHCII
8vq8,26.0,2.8,0.391304347826087,3.8575235286627105,45.46451988551674,NaN,NaN,NaN,NaN,NaN,NaN,-0.8810048092060186,1.5494285105034127,1.5108183760530365,2.1792420773504295,2.8,-11.410000000000007,6.873397235222561,-2.610000000000003,23,8,52,0,2,5,7,0,0,2,3,16,40,5,1978.226261047901,Mouse,MHCII
8wte,24.0,1.1700000000000002,0.0,-3.7656523176522434,86.02939415754055,30.577367656502048,3.8524256239781276,0.02127737610848291,0.16087773060965185,0.09197166544127743,0.042904762917334256,0.380395008819716,0.0,1.3735696181946662,1.753964627014382,1.1700000000000002,-3.1199999999999983,0.10166370780236389,-1.64,13,5,50,0,2,3,11,0,1,0,2,10,34,3,1682.169480877339,Mouse,MHCI
8wul,24.0,0.75,0.0,-4.250429817730402,85.5256763944936,30.605656404657758,3.846978859700013,0.008280820546726898,0.17756431536580233,0.10415608935341522,0.05520017289771688,0.380395008819716,0.0,1.5951023643777291,1.975497373197445,0.75,-3.3499999999999983,0.10166370780236389,-1.6799999999999995,12,5,48,0,0,3,7,0,1,0,2,9,38,3,1724.8872618517926,Mouse,MHCI
8ye4,24.0,0.7699999999999998,0.4782608695652174,2.2063125162569865,75.10479402171599,31.130826285050524,3.6960333664766227,-0.13985639235248126,0.218888161881933,0.15661834367731944,-0.0991699612089698,-0.708473999396797,-0.3425629053363958,-0.6787772904199421,-1.803001117244747,0.7699999999999998,-12.510000000000003,-0.8485031866936432,-10.510000000000002,23,6,32,0,1,5,4,1,1,0,0,17,26,5,1635.499978468557,Human,MHCI
8yiv,19.0,-0.13999999999999993,0.0,NaN,NaN,NaN,NaN,NaN,NaN,NaN,NaN,-0.5402217788236705,0.0,-0.07053375467261042,-1.4282174515758241,-0.13999999999999993,-9.08,-1.4906063453798195,-6.9799999999999995,18,6,26,2,2,2,3,0,0,0,2,14,19,2,1297.529124689132,Human,MHCI
8yj2,18.0,0.12000000000000001,0.0,NaN,NaN,NaN,NaN,NaN,NaN,NaN,NaN,0.12336430591411862,0.0,3.4859067307604907,2.791809118595065,0.12000000000000001,-11.560000000000002,3.177927084157803,-9.499999999999998,17,6,25,2,2,2,3,0,0,0,3,13,17,2,1250.3481584299698,Human,MHCI
9aud,24.0,2.0200000000000005,0.2916666666666667,-1.2504124601284305,50.32164715981607,NaN,NaN,NaN,NaN,NaN,NaN,-0.23349811577035168,0.3898191305224673,0.6456603100232206,0.8019813247753362,2.0200000000000005,-11.03,0.6725995477228723,-2.330000000000002,24,9,36,1,1,8,7,0,0,0,1,15,27,8,1950.224366080547,Mouse,MHCII
9d95,31.0,1.9400000000000004,0.4827586206896552,1.7438496786177062,79.59096470570913,29.548183364916873,3.752866236860032,0.03906818358701356,0.07066309303979824,0.014247786232444697,-0.0226203779641417,0.18771050542116702,-0.9227333890123879,-1.5746304444250407,-2.3096533280162617,1.9400000000000004,-13.950000000000005,-5.963758225009537,-8.369999999999997,29,9,52,1,2,5,9,0,0,0,1,23,40,5,2451.4116019299545,Human,MHCI
9gv6,26.0,1.0199999999999998,0.4583333333333333,1.3172098406695565,81.22083177968769,30.684757186960667,3.754359118243167,0.04550994052121293,-0.09386083358981044,0.3933905509673051,0.05720870374582338,-1.6443108039847516,0.07553787060931276,-0.7845702385130721,-2.3533431718885103,1.0199999999999998,-10.809999999999995,-5.916252293922468,-9.5,24,6,43,0,2,8,5,0,0,0,2,16,34,8,1694.464329921917,Human,MHCI
9gv7,27.0,-3.07,0.16666666666666666,-2.246031484148755,156.43294899859714,31.862597709180843,5.910736042327108,0.42711856379300234,-0.11544346169008542,-0.035128441246348896,-0.2210138456322104,-0.26919679937956575,0.0,0.32494979450834205,-1.6433566669349824,-3.07,-3.8100000000000005,-1.6355202609699422,-1.8499999999999996,12,6,62,2,2,2,14,0,2,0,1,8,43,2,2065.9830327111267,Human,MHCI
9hlj,31.0,-0.5200000000000002,0.2727272727272727,-9.130803562986584,54.82860932709996,29.82566547189,3.326623310507392,-0.029279506053277126,0.021191179628005683,0.39576881803978226,0.09339969604995042,-0.19113090426955748,-1.6782053411441766,-0.471620483489881,-2.7944638838796876,-0.5200000000000002,-4.25,-2.850952442518342,-4.709999999999999,22,8,55,1,3,5,6,0,0,0,4,16,42,5,2053.333095732276,Human,MHCI
9iky,25.0,-2.1100000000000003,0.2,-6.855837407737012,72.44966022921123,29.10241195231405,3.6328208255726078,0.05198225221646305,0.14771222911417775,-0.03325783370279523,0.05418204491341571,0.0302839047637626,0.213525837168257,1.3150763232152594,1.5588860651472791,-2.1100000000000003,-3.879999999999998,0.8524766362098721,-2.6099999999999994,10,6,47,0,0,1,8,0,1,0,2,9,36,1,1856.7562292384318,Mouse,MHCI
9j4t,19.0,1.0599999999999998,0.3684210526315789,1.0641878749834772,62.543680494822645,31.524674509406058,3.403012209930298,-0.1414422396026316,0.03400872368684947,0.0007294446218291868,-0.05552425991791536,1.2335603654823886,-1.2849169475326938,-0.9433069734366761,-0.994663555486981,1.0599999999999998,-11.319999999999997,-4.473305231194099,-9.55,19,5,23,0,0,1,2,1,0,2,1,15,20,1,1307.384753232829,Human,MHCI
9j4u,22.0,0.48999999999999977,0.38461538461538464,5.383443850313702,56.5979235186112,29.257760500288036,3.330364704933196,-0.01244301908927202,0.10599853405622701,0.14815177874460986,-0.1468677173402754,-0.9594666900421375,-0.1117021392963593,-1.7899821688440531,-2.86115099818255,0.48999999999999977,-14.130000000000003,-1.9689914632132026,-12.479999999999999,26,8,30,0,1,7,5,0,0,0,2,19,22,7,1685.5104641334474,Human,MHCI
9k2i,24.0,-1.41,0.48,-3.880181397897012,66.81821785878505,30.66536476531812,3.4047412547818703,-0.3164146933320792,0.14690701913440818,0.35965472642481816,0.015866440092601467,0.29386914299634,-0.20051704827963907,0.2415898751965645,0.33494196991326575,-1.41,-7.45,-3.1294076580269063,-5.399999999999999,25,6,42,0,1,5,4,0,0,0,4,20,33,5,1873.4742145445416,Human,MHCI
9k2r,22.0,-0.47999999999999965,0.5,-27.26337800695897,52.339549552400754,33.57759655956536,3.245471193991799,-0.2081990063094016,0.30844743499722443,0.17071561568159888,0.006609933206745318,-0.8883275653884661,1.7017900008532705,1.578366433531495,1.7357715287123623,-0.47999999999999965,-10.240000000000006,2.4770662471913454,-10.5,24,7,32,1,2,4,4,0,0,2,4,17,22,4,1656.9591674428084,Human,MHCI
9nds,26.0,1.65,0.43333333333333335,5.848839660832883,56.63380051677166,30.763341465642554,3.401009091176141,0.10302140971395163,0.020061400923266248,0.09609863758922593,-0.10490810668403792,-0.51365670882273,0.3819563258498099,-0.22713057216929797,-0.6795528816721992,1.65,-12.620000000000005,-0.6422831353160368,-11.680000000000003,30,8,39,0,1,4,6,0,0,1,2,25,30,4,1919.3248671113688,Human,MHCI
9nig,27.0,0.26,0.4444444444444444,-1.2916820374782971,74.42813884986712,NaN,NaN,NaN,NaN,NaN,NaN,-0.1276757992043894,0.5771119003288046,2.053006439098581,2.5024425402229964,0.26,-10.450000000000005,-2.888057831206827,-5.610000000000003,18,5,43,0,0,4,4,0,0,2,4,12,35,4,1765.7749143091496,Human,MHCII
9nmu,27.0,2.16,0.45,1.4857396238312128,59.961759835935716,28.39259414755413,3.405312922840636,0.045412679366250076,0.06550836756123644,0.08960868767293628,0.004626107246327688,-0.12954104762453292,-0.9994166157222559,-1.10349508014761,-1.7343867501137158,2.16,-9.980000000000002,-1.2758264284313126,-8.280000000000001,20,8,40,0,3,5,6,0,0,0,1,15,30,5,1790.2719982466588,Human,MHCI
9nmv,29.0,2.74,0.5,1.5267013162620435,57.78555644428996,28.72599738538345,3.373884876399975,0.05514846625779952,0.0641634879146032,0.10103827843098842,0.007272421618084694,-0.38556749424056225,-0.9994166157222559,-1.10349508014761,-1.9904131967297451,2.74,-10.260000000000003,-0.9303932993588278,-7.719999999999999,22,8,46,0,3,4,5,0,0,0,1,18,37,4,2050.6760748958986,Human,MHCI
9nmw,28.0,2.5400000000000005,0.4782608695652174,1.6129612453858162,58.540321080243416,28.358442717969435,3.3856787869188905,0.051158875603242844,0.07564892669464748,0.08818748860505468,0.005326575074934511,-0.3325596941269263,-1.0918297614173058,-1.10349508014761,-2.029818542311159,2.5400000000000005,-10.620000000000001,-1.4070710356922569,-8.05,23,8,43,0,2,5,8,0,0,0,1,18,32,5,1975.8202911637054,Human,MHCI
9nmx,30.0,2.5700000000000007,0.5,1.4815828621501046,58.06554536718081,28.383545638163483,3.377129448926707,0.05529450738641886,0.07498568626220305,0.09665069923162262,0.007990094747248098,0.29367678115039214,-0.9994166157222559,-1.10349508014761,-1.3111689213387905,2.5700000000000007,-10.55,-0.7480717425648734,-8.05,22,8,47,0,2,5,8,0,0,1,1,16,36,5,2104.7189706609643,Human,MHCI
9nmy,29.0,2.2700000000000005,0.4782608695652174,1.6255717645077714,57.930986668632094,28.32090951417772,3.3759440580120925,0.05451944337777946,0.0704733252406101,0.09302749224027997,0.004783824492668606,-0.3325596941269263,-1.0918297614173058,-1.10349508014761,-2.029818542311159,2.2700000000000005,-10.610000000000005,-1.4070710356922573,-8.330000000000002,23,8,45,0,3,5,5,0,0,0,1,18,36,5,1999.4033224355298,Human,MHCI
9pbg,22.0,3.6100000000000008,0.4583333333333333,1.3739626998507495,43.95325242073959,31.404817273579962,3.208261727946886,-0.060494791207150025,0.1882495493476739,0.13939684131824612,-0.15528385521219035,-1.5316045126828737,-0.9206691314704958,-1.361290126733944,-3.8135637708873125,3.6100000000000008,-13.240000000000006,-3.1882273628516336,-9.82,24,7,40,0,2,2,4,0,0,1,1,21,33,2,1811.8455914591032,Human,MHCI
9pbh,24.0,2.9200000000000004,0.4583333333333333,1.3780750387649603,43.798298538671446,31.276664931678607,3.2095482577555763,-0.062496355946268844,0.184345439582077,0.11599332729712293,-0.158836586376347,-0.031021354834604914,0.5238389668815192,-0.9828268612869082,-0.328938126568162,2.9200000000000004,-8.820000000000002,0.4891911381287675,-6.040000000000002,24,6,43,0,2,2,4,0,1,2,2,20,34,2,1779.7676308200244,Human,MHCI
9ru5,27.0,1.84,0.36363636363636365,-14.715419338223588,102.2080939361567,31.231359962696974,4.184643161638575,0.1294035653337663,0.20003218935980338,0.012263502151966298,0.26481332545890407,-0.08533812466519658,-0.21426314380877653,-1.0582515602240348,-2.045291335687557,1.84,-13.220000000000002,-3.9475157267081675,-10.26,22,6,57,0,0,3,10,1,0,1,1,17,46,3,1946.7546906229763,Human,MHCI
9rup,21.0,0.11999999999999972,0.07142857142857142,1.9866284617549586,42.902580789843086,32.14811920648284,1.5386890361228271,-0.32872123696475897,0.47838948676752685,-0.8551144271491667,-0.4279812191920417,0.0,0.0,-0.115701869452559,0.542124590110444,0.11999999999999972,-11.000000000000002,1.0676217522359037,-9.19,14,4,32,0,1,1,2,1,0,1,3,11,26,1,1611.4559373244483,Human,MHCI
9rxm,27.0,2.760000000000001,0.3157894736842105,-2.2264219708063004,88.56795030864312,29.212541439599732,3.9257162485969133,0.048675179900820785,0.11889218034391613,0.1487027625064005,0.006514524372445927,0.0,-0.573572948456321,1.0923628970553723,-0.20349719230637536,2.760000000000001,-11.510000000000005,-2.1232037030600552,-9.590000000000002,19,5,47,0,0,2,9,0,0,2,3,15,35,2,1774.5739498450966,Human,MHCI
9wbd,27.0,1.4900000000000002,0.1724137931034483,-5.195701251535872,75.00988692450984,29.005599486663712,3.7040553435409143,0.2009326332125945,0.16575432644225913,-0.19752995737901946,0.008150587617417852,-0.40324689410145476,-0.973970571346444,0.7550121105340588,-1.553277133046275,1.4900000000000002,-12.799999999999999,-0.7423399703229316,-10.34,29,5,38,0,2,4,3,3,0,1,2,21,31,4,1818.6783669850702,Human,MHCI
