complex.id	extent	chain_balance	pitch	crossing	crossing_signed	dock_d	dock_torsion	dock_tcr_uy	dock_tcr_uz	dock_mhc_uy	dock_mhc_uz	F_cdr12	F_cdr3a	F_cdr3b	F_tcr_pep	F_tcr_mhc	F_pep_mhc	dF_tcr_pep	dF_pep_mhc	n_contacts_tp	n_pep_contacted	n_contacts_tm	ct_tp_salt_bridge	ct_tm_salt_bridge	ct_tm_hydrogen_bond	ct_tp_aromatic	ct_tm_aromatic	ct_tp_hydrophobic	ct_tm_hydrophobic	ct_tp_other	ct_tm_other	n_hbond	burial	mhc_class_bin	cdr3a_reach	cdr3a_ou	cdr3a_ow	cdr3a_on	cdr3a_au	cdr3a_aw	cdr3a_an	cdr3a_topep	cdr3a_ext	cdr3b_reach	cdr3b_ou	cdr3b_ow	cdr3b_on	cdr3b_au	cdr3b_aw	cdr3b_an	cdr3b_topep	cdr3b_ext	n_clashes	clash_score	exp_lost	mean_margin	frac_robust	cdr3_dominance	cdr3_ab_imbalance	chain_cdr_imbalance	p_real	p_real_bn
1ao7	26.0	0.4827586206896552	6.421441918512172	52.43448454939529	52.4344845493953	31.30189695933949	3.352042073182174	0.12512329086616333	0.030252659397856305	0.07952165955375087	-0.12596551967771918	-0.51365670882273	0.15501048858586186	-0.14293332846498763	-0.5015795487018557	0.3000000000000001	-14.700000000000003	-3.0627321641019147	-13.020000000000003	29.0	8.0	41.0	0.0	2.0	8.0	0.0	0.0	1.0	1.0	20.0	30.0	8.0	1994.7227138064482	0.0	13.45962274842648	-0.4359196598966138	0.13046438546467906	0.8904791373706358	-0.09529106415556238	0.9917952140016636	-0.08521658392772397	4.1154780189860825	5.010222345841088	12.533504093280488	0.31792990604647664	-0.0774548439127214	0.9449451422363957	-0.021458304601464875	-0.9751627747824214	-0.22044750726308665	4.9483689453433515	5.211443364108405	2.0	0.9364523294648976	2.8111403619407986	1.1439515165333498	0.5862068965517241	0.7241379310344828	0.23809523809523808	0.034482758620689655	0.7726489697530533	0.9841011748349895
1bd2	24.0	0.47619047619047616	5.005298389147715	68.22069024611271	68.22069024611272	30.120103702582643	3.5969575791136306	0.08294473241630998	-0.04264044965394073	0.1524197274660291	-0.04376619964654837	-0.4080316778952664	-0.7113706726173536	0.7171906476839957	-0.4022117028286242	1.3499999999999999	-13.510000000000003	-4.669406180621382	-12.270000000000003	21.0	6.0	43.0	0.0	0.0	3.0	2.0	0.0	1.0	1.0	15.0	39.0	3.0	1828.0358017657745	0.0	13.164971904421526	-0.4477687807176764	0.006505580162971522	0.8941257161548538	-0.16213679743426587	0.9712089397140607	-0.17454184016365387	3.9241870179433125	5.412207928986685	13.146197099920022	0.3833458462956731	-0.007267140912019215	0.9235762830642001	0.3458888983678058	-0.9352468122101315	-0.07532774954741703	4.080633686087178	5.1973139321648505	2.0	0.875252081932381	0.9005905501925606	1.3451040404707353	0.7142857142857143	0.7619047619047619	0.375	0.047619047619047616	0.10608164341847011	0.7443608441959152
1d9k	29.0	0.2222222222222222	1.318339305274214	79.19126947785831	79.19126947785831	NaN	NaN	NaN	NaN	NaN	NaN	0.9230284081085676	-0.6749008902330198	-0.42941252843667377	-0.18128501056112617	0.3600000000000001	-6.43	-2.245385313480242	-4.42	18.0	7.0	55.0	1.0	3.0	10.0	1.0	0.0	1.0	1.0	13.0	41.0	2.0	1975.7402936485269	1.0	11.368764103824494	-0.43072945187246225	-0.14798417397154395	0.890265591476885	-0.32677990714181404	0.8742183050159302	-0.3591061780683351	6.732643208940454	5.9415230726608605	12.815080908782663	0.2934269319762675	0.02093231038856261	0.9557523077747319	0.5123521468269842	-0.857121851119577	-0.05326734055715698	6.793845664679164	4.937084096328722	7.0	3.831985721054137	1.2136448378983298	1.2087021410597383	0.7777777777777778	0.6111111111111112	0.2727272727272727	0.5555555555555556	0.3848670594025152	0.987744809340855
1fo0	21.0	0.0	-11.356835819880123	60.819620288591274	60.819620288591274	31.404265855268623	3.326915541820422	-0.16197382875823937	0.1241910051020202	0.15073840481787912	0.08874307742710161	-0.173629285550024	0.0	-1.81568852487172	-1.989317810421744	1.1	-10.12	-4.5614248037646234	-11.559999999999999	11.0	4.0	31.0	0.0	1.0	5.0	0.0	0.0	0.0	1.0	6.0	24.0	5.0	1321.0853644588024	0.0	15.37200674885936	0.03323283275265	0.2514271020682775	0.967305531382239	-0.28775389959153835	0.9514616614615858	-0.1091714232894353	10.60559822878823	5.32508476415067	14.832186029672254	0.6310343386122913	-0.07990208187010898	0.7716290045547334	0.041031273584105146	-0.9991558379069304	0.002011410618951062	5.700224940490724	5.103495296164073	4.0	1.9708744376272165	1.1809457162459904	1.2667483621390832	0.5454545454545454	0.9090909090909091	1.0	1.0	0.45641825679187875	0.5976322024887504
1fyt	31.0	0.4166666666666667	-1.027948289983851	69.57125059693071	69.57125059693072	NaN	NaN	NaN	NaN	NaN	NaN	-2.7008469779133315	-1.731187966584305	1.701905428495236	-2.1612970729620535	3.0700000000000003	-6.739999999999998	-7.06976199688386	-0.6499999999999986	24.0	8.0	48.0	3.0	1.0	2.0	0.0	0.0	2.0	2.0	15.0	43.0	4.0	2078.025712396695	1.0	12.562083733516033	-0.34228926200421744	-0.1335397091981395	0.9300565611965089	-0.20412834077838943	0.9534154459737186	-0.2221049470378081	7.974043655164065	5.3889600399459106	12.22373785824764	0.41024106033412616	0.005634337893065805	0.9119597175801258	0.5433093510493171	-0.8300561829301305	-0.12578426722151223	3.9631497552675863	5.534358029745365	2.0	0.8413625668378897	3.2720994808257755	1.1272302222329926	0.5833333333333334	0.6086956521739131	0.2857142857142857	0.13043478260869565	0.5399619928552508	0.9997926868045847
1g6r	30.0	0.42105263157894735	-7.968065839010007	43.411631355773245	43.411631355773245	28.87417183417701	3.073588993815612	-0.05253276562009797	0.09479685226315117	0.05883177594593152	0.00554320276872572	-0.040030417018506015	-0.6741505257779027	-0.5567614568815078	-1.3211398035448296	0.6299999999999999	-12.39	-1.1383464738189981	-12.1	19.0	5.0	38.0	0.0	0.0	3.0	0.0	0.0	0.0	0.0	16.0	35.0	3.0	1776.2264275810485	0.0	13.367396882492079	-0.18055761526619568	0.15299374622430845	0.9715924356622063	0.1492278003334707	0.974064912132474	-0.17008412679853435	7.9446556841514635	5.388373443609664	14.15394077833571	0.4844245594149537	-0.19121721726630483	0.8536795780122981	-0.15501750358534258	-0.9866394310833743	-0.05012191371017202	5.9793178117290315	5.267682915743842	10.0	4.985117684814782	1.3027769128724613	1.2404937535839164	0.6842105263157895	0.5555555555555556	0.0	0.2222222222222222	0.06828949896304684	0.18859662991869985
1j8h	29.0	0.43478260869565216	-1.6169123546567346	69.26706243419893	69.26706243419893	NaN	NaN	NaN	NaN	NaN	NaN	-2.32615352847192	-1.729298540626984	1.810744208529387	-1.6758754175291704	3.08	-6.05	-5.979071506927264	-1.7799999999999994	23.0	7.0	48.0	3.0	2.0	2.0	0.0	0.0	1.0	2.0	17.0	42.0	2.0	2083.753941644776	1.0	12.609056394204375	-0.3404513892234073	-0.13676224183074695	0.9302628341639068	-0.2172037577363967	0.9461101529718424	-0.24020429991698267	7.852177032613506	5.402791038034681	12.187979554147962	0.4165614242018799	0.009192312435839116	0.9090610986588785	0.5240427738970498	-0.8406231006915259	-0.13686479947261282	3.9514978135016263	5.32804592845356	3.0	1.4376219485982933	2.9082474361414485	1.1131364635625483	0.5217391304347826	0.6363636363636364	0.14285714285714285	0.09090909090909091	0.4331160451300782	0.9998420244447307
1jtr	30.0	0.4444444444444444	-10.029155946757294	42.89735588662906	42.89735588662906	28.879584949861695	3.0786932342339064	-0.028696059175707653	0.09728726817443907	0.06949118834765039	0.020200019334816407	1.5964393520687936	0.2569223583625658	-0.363326617877895	1.4900350925534642	1.3599999999999999	-5.779999999999999	2.164848388714616	-7.1899999999999995	18.0	6.0	46.0	0.0	1.0	4.0	0.0	0.0	0.0	1.0	13.0	40.0	5.0	2015.0693265920781	0.0	13.429801686200857	-0.2271350909617214	0.16206438827150155	0.9602836999340726	0.1725164368151518	0.9502699401908759	-0.25927807357234317	7.263579748501123	5.511959942053778	14.018646675786503	0.44052965244183495	-0.18239781349588338	0.8790134599701702	-0.15557625339509995	-0.9877909590746795	-0.008065367356632167	5.91090174497459	5.009135481261335	4.0	2.337010428335043	0.5444818997661134	1.369717573639529	0.6666666666666666	0.4444444444444444	0.25	0.1111111111111111	0.06097568847084242	0.29336701793270364
1kj2	26.0	0.46153846153846156	-9.351648842480737	47.61164551845667	47.61164551845667	29.7601401890982	3.204621427764499	0.12389215177697085	0.03467032409944377	0.04562718873996503	0.14204039910626576	-0.2763625267191269	0.3669150181794271	0.2966060987427549	0.38715859020305515	3.43	-9.03	-3.4846228682478135	-8.709999999999999	13.0	6.0	45.0	1.0	1.0	4.0	0.0	0.0	1.0	1.0	9.0	39.0	2.0	1758.8397856946103	0.0	15.646106218014657	-0.46330788370883474	0.07426085206315955	0.8830804779952207	0.0015421873386088113	0.9675758085816039	-0.25257607949209615	6.429710674981044	5.343720759716355	13.083446837471135	0.22806737938809943	-0.20979525016198275	0.9507740127473254	-0.2664692875056696	-0.9325571154996515	0.24358026363184285	5.961957414090134	6.324453277277809	6.0	3.1138906841740606	0.9107766331245677	1.1946763613463007	0.6153846153846154	0.7692307692307693	0.0	0.07692307692307693	0.06502268804851631	0.6986048913023705
1lp9	26.0	0.3333333333333333	-4.061042643792314	87.9940085117792	87.9940085117792	30.608399627401948	3.9134019170356624	0.04563569325044077	0.10873783116996448	0.12834739017900187	0.0878215745123127	-0.1414995622737	0.8058304886618759	-0.3003519098714163	0.36397901651675946	-3.6199999999999988	-14.24	6.208501445254565	-12.71	24.0	7.0	54.0	0.0	1.0	2.0	3.0	1.0	2.0	5.0	15.0	45.0	4.0	1988.8209304138436	0.0	11.712855913415995	-0.41216467973531173	-0.18905424207854546	0.8912792885285972	-0.5523736886472955	0.7806214972749979	-0.29242671851389196	4.391918117595081	5.242218535153476	14.299257392571837	0.43434230797921336	0.10290413342718809	0.894850545444893	0.6500040724657724	-0.7581045023745158	-0.05265233963108691	6.058288151668876	5.14441331612671	2.0	1.0142491820869255	1.8060637847766317	1.2637139842002898	0.75	0.9583333333333334	0.391304347826087	0.3333333333333333	0.2552633823979855	0.9651915138790861
1mi5	31.0	0.4	-1.9324382654145544	64.7928736580642	64.7928736580642	30.231667455080277	3.401893676934958	-0.27646709193306723	0.177923329947752	0.17071212312949083	-0.09473078750803311	-0.40183180179391736	-0.6840923799989858	-0.1351994124785471	-2.211766468731502	0.36000000000000015	-15.600000000000001	-0.5441994515569164	-13.590000000000002	15.0	5.0	58.0	0.0	1.0	13.0	2.0	0.0	1.0	1.0	10.0	43.0	2.0	2230.6388925350184	0.0	11.76943386323239	0.07155943546822138	0.054718945105081296	0.9959342769842418	0.13331836132985272	0.9623430329083563	0.23690103677454766	4.245181972958854	6.245830064847102	16.25333270618187	0.8121188788505987	0.018785945561660758	0.583189518716471	0.28484258850254673	-0.9454531521810855	-0.1580602303301386	5.538754867619085	5.07611858913281	2.0	0.8503042789469513	1.8246089417519586	1.0075978276442676	0.4666666666666667	0.8461538461538461	0.09090909090909091	0.07692307692307693	0.8896801626381008	0.993379588295634
1mwa	30.0	0.4444444444444444	-7.945635623410934	42.12326446248744	42.12326446248744	28.879736484644248	3.0787890584616946	-0.02870799033858614	0.0972402455973488	0.06947857821145388	0.020202933331241443	1.5964393520687936	0.2569223583625658	-0.363326617877895	1.4900350925534642	1.3599999999999999	-5.779999999999999	2.164848388714616	-7.1899999999999995	18.0	6.0	46.0	0.0	1.0	4.0	0.0	0.0	0.0	1.0	13.0	40.0	5.0	2011.5604817572676	0.0	13.429848536972417	-0.22716481978198524	0.14931089817533544	0.9623421429983053	0.17221894004888616	0.9536879154602993	-0.24661710449733074	7.263579893049101	5.512987626969868	14.018522710509508	0.4404849589612823	-0.19401868594694247	0.8765442089761535	-0.15585641404282882	-0.9875527301813425	-0.021175054045741104	5.911588171810442	5.009435046165475	4.0	2.3366992821235812	0.5464299367161667	1.3698666957984902	0.6666666666666666	0.4444444444444444	0.25	0.1111111111111111	0.059001737549997595	0.2879851544998985
1nam	20.0	0.2222222222222222	-9.559735769168679	60.035402044049974	60.035402044049974	31.40583444258165	3.3325546679438145	-0.2153231594377839	0.09972459893506734	0.2202355918186764	0.07562201001158167	0.0	-0.1773404715187544	-1.09817491724226	-1.2755153887610144	1.4400000000000002	-8.91	-3.3301485098333146	-10.35	9.0	4.0	41.0	0.0	1.0	6.0	0.0	0.0	1.0	1.0	7.0	33.0	1.0	1576.056609533989	0.0	14.357535193957254	0.048056841079699535	0.2024757371242958	0.9781074152474838	-0.2523729437553776	0.9492258414418548	-0.18782491536374984	7.487003490832311	5.437035779983353	15.474516227723077	0.6316327779282248	-0.08789183413804061	0.7702694718144294	0.034841493118448946	-0.9990927229389975	0.024490834131016326	6.440338458856835	5.388174756759609	2.0	1.0466783600709393	0.47707505802577677	1.2334721716210426	0.5555555555555556	1.0	0.5555555555555556	0.5555555555555556	0.24551744684265028	0.4895486725592675
1oga	20.0	0.3684210526315789	-14.326195158588027	83.34715939630854	83.34715939630854	30.38186517894247	3.8171743834460186	-0.000013558132829998624	0.21972124754234346	0.2499872841556007	0.16166176662869458	-3.04881002727373	-0.5447400287074504	0.1897039465437979	-3.4038461094373833	0.47999999999999976	-14.94	-4.907133772601549	-12.629999999999999	19.0	5.0	34.0	0.0	0.0	6.0	0.0	0.0	0.0	2.0	15.0	26.0	4.0	1497.3830116127137	0.0	12.553772312858074	-0.14567726913425744	-0.2373594929719251	0.9604366737033636	-0.6654035903618521	0.5977246336503702	-0.4471725884709657	4.244679965963801	5.245710049113357	14.230696594580815	0.5207421512113543	-0.046919580707418224	0.8524237002556124	0.5045905968941451	-0.8599080112976694	0.07711382011739402	5.667479657921573	5.2770375464974295	0.0	0.0	1.5616899330783318	1.2809325746576226	0.6842105263157895	0.6842105263157895	0.07692307692307693	0.2631578947368421	0.4748827380069852	0.7538149025943894
1qrn	25.0	0.4642857142857143	6.285399510180626	51.87808864784641	51.87808864784641	31.00849280440771	3.334907724417261	0.11827894103412012	0.041261983507228275	0.08555798770133914	-0.12952562943552193	-0.51365670882273	-0.04590654263316968	0.24192569236752026	-0.3176375590883793	0.6000000000000001	-13.940000000000001	-2.3737311456167838	-12.700000000000001	28.0	8.0	39.0	0.0	2.0	5.0	0.0	0.0	0.0	2.0	24.0	30.0	4.0	1964.6989777718154	0.0	13.292349907152328	-0.43213369085796405	0.13145638454822264	0.8921769398704054	-0.15068006193863767	0.9752342417939361	-0.16190643035518443	4.158310107092977	5.313257410889612	12.415143291845693	0.3236123022691111	-0.0803488438965591	0.9427720514225475	-0.06305850250505408	-0.9792685019766025	-0.19250149589110102	4.776174898273857	5.290869014309003	3.0	1.2917413507596414	2.2064000071346124	1.2272038599124788	0.6071428571428571	0.7142857142857143	0.2	0.07142857142857142	0.30143999795931375	0.8758478384957409
1qse	25.0	0.4838709677419355	6.990617626218071	54.82338883218215	54.82338883218215	31.13195674342275	3.3782446056838267	0.1187517562460189	0.029145434177778866	0.08309886525066087	-0.14477810023279603	-0.51365670882273	-0.2775444483790662	1.370830561570074	0.5796294043682779	-0.029999999999999916	-12.88	-4.295216583979924	-11.07	31.0	8.0	35.0	0.0	2.0	3.0	0.0	0.0	0.0	1.0	22.0	29.0	9.0	1946.8781552143264	0.0	13.257971981646808	-0.44235900315804166	0.13803180710321752	0.8861522061147235	-0.17848539561982815	0.9788318653135339	-0.10015559199319565	3.9117070955144166	5.131445500352897	12.82623426959946	0.36698663976339174	-0.06279197169275744	0.9281045061684489	0.0029134439019832007	-0.9847930859424497	-0.17370690645849304	5.420334188779154	5.359092371692853	4.0	2.5253137148711158	2.271816602922185	1.278264584116202	0.5806451612903226	0.7419354838709677	0.21739130434782608	0.03225806451612903	0.46487341747112537	0.9602844911886158
1qsf	22.0	0.2857142857142857	9.579924573068695	53.944983070728206	53.9449830707282	31.313995292437177	3.3483123521039846	0.1275966661462753	0.0112603984092309	0.08998094269959274	-0.14860083659005244	-0.5534782030094016	0.1550104885858618	0.20902945756333602	-0.1894382568602036	0.7699999999999999	-12.060000000000004	-1.1838815167903438	-10.680000000000003	21.0	8.0	38.0	0.0	1.0	5.0	0.0	0.0	0.0	1.0	17.0	31.0	4.0	1811.719148638007	0.0	13.51000624747494	-0.4755745454898823	0.12992924093541866	0.8700271512337987	-0.19304767819816296	0.9711397620910063	-0.14007196734447308	4.040827899616358	5.09721287415635	13.1750145915608	0.28766350772647753	-0.062328272424695894	0.9557012569978389	0.014155566618753373	-0.9768782588200567	-0.21332718301224554	5.39644799668934	5.457675539130244	3.0	1.6730945068182073	1.8957651779539177	1.1114279423710598	0.5238095238095238	0.6666666666666666	0.14285714285714285	0.42857142857142855	0.1642244978817919	0.5537219896899416
1u3h	26.0	0.29411764705882354	1.9046274409123694	69.39410507505	69.39410507504999	NaN	NaN	NaN	NaN	NaN	NaN	0.2681453986067775	-0.6382649277711117	0.07975919754608951	-0.29036033161824454	-1.6300000000000003	-6.040000000000001	0.8617159376083661	-0.20000000000000018	17.0	7.0	47.0	0.0	1.0	4.0	0.0	0.0	0.0	2.0	13.0	40.0	4.0	1853.8363701945636	1.0	10.992206307552191	-0.39009728152387135	-0.0394494131799404	0.9199281790256761	-0.21649831664826957	0.9553131844489428	-0.20125903242329546	4.32737901437668	5.340105797821151	13.587091339918867	0.42106816117179907	0.029729112265180657	0.9065416611409127	0.3124347886831724	-0.9415328919522062	-0.1260964543890595	7.339240278521714	5.220238503881148	2.0	1.032328464578141	1.2858735081364419	1.2499307263440276	0.6470588235294118	0.8235294117647058	0.42857142857142855	0.4117647058823529	0.07631644728862255	0.30769095440982097
1ymm	32.0	0.3225806451612903	-8.617418201138241	112.60702357542067	112.60702357542067	NaN	NaN	NaN	NaN	NaN	NaN	-0.6903093338082681	-0.6130969095433935	0.5677869851313698	-0.8546569386390468	1.47	-14.870000000000001	-2.290323092507143	-10.07	31.0	8.0	40.0	0.0	1.0	4.0	1.0	0.0	0.0	1.0	28.0	34.0	2.0	1974.6408116179518	1.0	14.960598539270487	-0.7301635225421361	-0.3126824132101931	0.6075285496865355	-0.860769210311382	0.4000560951980301	-0.31469268643805365	4.3926169028726445	5.3018684147162745	9.578926947307002	-0.21789347532685102	0.2619630855196536	0.9401583776291195	0.9626077230832405	-0.2699656791114778	0.02247005030691193	4.93331562496221	4.980288153200882	10.0	5.57266402831603	4.636312226069419	0.9603076524915941	0.4838709677419355	0.9333333333333333	0.35714285714285715	0.3333333333333333	0.039877689282842695	0.31513441251743074
1zgl	26.0	0.4090909090909091	-9.373849523433465	63.002401569518405	63.00240156951842	NaN	NaN	NaN	NaN	NaN	NaN	-0.3033581347384903	0.9516669631481118	-1.7768627906849122	-0.5914922023174637	-0.96	-10.730000000000004	-5.102631285845457	-3.6200000000000028	22.0	10.0	48.0	0.0	1.0	6.0	0.0	0.0	3.0	2.0	16.0	39.0	3.0	2179.3811317548243	1.0	13.651070357090312	-0.6399281284866462	-0.08761742431897246	0.7634233276372807	-0.21636890045736357	0.8849323054444337	-0.4124067328875549	5.133178666439368	5.48419977015546	10.60198156755874	0.1887075912838381	-0.2246537682585119	0.9559916993418189	0.1090278258948305	-0.9910562416687648	0.07694451659211099	6.04748245619227	5.044955696745429	5.0	3.07331537578889	1.5350163685053464	1.2732966625279427	0.6363636363636364	0.6190476190476191	0.07692307692307693	0.14285714285714285	0.5886278789170573	0.8681287137687749
2ak4	28.0	0.4444444444444444	-9.704352792828727	85.81413235522577	85.81413235522577	32.79879682613169	4.003176160208152	0.1565916889628296	0.13273342147853232	-0.13235956421858402	0.055602685163713965	-1.7333155116263639	-0.693768505331247	-0.21944881227208599	-2.437699354089948	-1.3499999999999999	-11.500000000000005	-3.2990061812859475	-7.5400000000000045	36.0	7.0	31.0	0.0	1.0	3.0	0.0	0.0	0.0	2.0	26.0	25.0	10.0	1861.9245387111368	0.0	13.836837794586536	-0.28713886378298764	-0.06700597603303621	0.9555425013764346	-0.5650079628126873	0.822100707724534	-0.07011724434363747	4.076102317251231	5.513710452529955	15.470779719083279	0.6050901828988975	-0.12948560174303472	0.7855567130203567	0.6857879880151037	-0.6625285072853988	-0.3012487546183771	4.147315279371972	5.41631910812307	3.0	1.501698553919737	2.548974684597102	1.2833338548425048	0.6944444444444444	0.5142857142857142	0.6666666666666666	0.08571428571428572	0.8416642948391531	0.9898408253894253
2bnq	29.0	0.4827586206896552	-4.727576907385693	89.14921579852758	89.14921579852758	30.780724180471555	3.9044216459004817	-0.12634158236068502	0.07599426236318932	0.0010670893453695568	0.15921706726980425	-0.138660305673265	-2.469230076699159	-0.2058260520901808	-2.813716434462605	3.3500000000000005	-7.08	-7.767699079009915	-6.05	29.0	5.0	44.0	0.0	0.0	7.0	2.0	0.0	0.0	1.0	21.0	36.0	6.0	2088.211233301685	0.0	13.421304624312649	-0.3380745600002616	-0.12593166444064086	0.93265578195968	-0.7801631570379004	0.6200071459532478	-0.0832861753495307	6.0332090660920885	5.5064422108310875	12.554387193768154	0.48655898797215363	-0.0015457454510716395	0.8736463596531534	0.6375991222057854	-0.737767335351338	-0.22173569373130309	4.386958599393915	5.312155189546723	0.0	0.0	1.4952055658850165	1.375998670469182	0.7586206896551724	0.8275862068965517	0.08333333333333333	0.034482758620689655	0.7795567903042732	0.992146709404768
2bnr	30.0	0.5	-4.70539509775363	89.4870372978136	89.4870372978136	30.96240436920417	3.9130591915272945	-0.12595029025150098	0.05873299142639923	0.002520361485395318	0.16058526615996227	-0.423260711587638	-2.586434576036253	-0.7505709657337318	-3.760266253357623	3.0	-7.3	-9.006925605792603	-6.299999999999999	32.0	6.0	42.0	0.0	1.0	5.0	2.0	0.0	0.0	1.0	24.0	35.0	6.0	2050.4224855370703	0.0	13.368294570492496	-0.3398694782053006	-0.13873945471164573	0.9301828322115842	-0.7972873181747012	0.5978760235239711	-0.08292883941294163	5.985427719453175	5.455844899652153	12.613742305153886	0.4895160182925227	0.002837522086318961	0.8719896880954997	0.6458091824601766	-0.7276420774868104	-0.2312304187219004	4.3598108789426435	5.284132295174465	1.0	0.41867173775792565	3.0205339522928143	1.2298200339019536	0.71875	0.8125	0.07692307692307693	0.0	0.8638851272180204	0.9965035091151705
2ckb	31.0	0.4117647058823529	-6.778405891899878	43.140539145310484	43.140539145310484	28.797818999781075	3.0643278869268578	-0.02882765934324055	0.10557602373158619	0.08033950196804325	0.017096475291721955	0.5325235953856878	0.2569223583625658	-0.363326617877895	0.4261193358703585	0.8399999999999997	-6.36	0.7254371936145616	-7.78	17.0	6.0	43.0	0.0	1.0	4.0	0.0	0.0	0.0	0.0	13.0	38.0	4.0	1971.9966084796179	0.0	13.27294104143557	-0.23799739749484639	0.16065397209967255	0.9578870183291948	0.07747555895606478	0.9773489367961607	-0.19694312161991007	6.267685198558175	5.642326968750568	14.130050023416981	0.4396806290421581	-0.1858520044387356	0.8787149576225807	-0.1525196432564182	-0.9875536178624864	-0.038413667916270516	6.88787247344765	5.196604078557453	6.0	3.285291555999234	1.956810183363424	1.1053168866073741	0.47058823529411764	0.47058823529411764	0.25	0.17647058823529413	0.08297948633249565	0.32709072379168475
2e7l	25.0	0.36363636363636365	-5.802860522148286	64.67236768242321	64.67236768242321	28.888699810462047	3.424627077976458	-0.08833321974726065	0.262382405710501	0.14446572627518064	0.027810226452147705	-0.45963047637846427	0.5740230122689836	-1.0015345793279296	-0.8871420434374103	-1.31	-14.800000000000002	-2.005671173535871	-8.84	22.0	7.0	41.0	0.0	1.0	4.0	1.0	0.0	0.0	0.0	18.0	36.0	3.0	1816.7291595401548	0.0	11.568612734976265	-0.17190112048004072	0.015464102253483852	0.9849928254288549	-0.18661159226794294	0.9674561420534143	-0.17089390412539185	4.599463562230865	5.4476797495779445	13.33713993126931	0.6091207112166442	-0.03787263726943299	0.7921727225569122	0.16009848221119174	-0.9845503502055142	-0.07091603145800017	4.247647846349029	5.1797298480325935	3.0	1.5646401599764395	1.3529547421054606	1.2517572295148387	0.6818181818181818	0.5909090909090909	0.07692307692307693	0.2727272727272727	0.23019320460606077	0.7481053099051146
2esv	24.0	0.4	-7.913848362305783	61.35698653627411	61.35698653627411	30.148360723953502	3.3187614173625852	-0.08318879563506461	0.16970102759796557	0.24963743089753584	0.059749520506411476	1.4155471274319438	-1.2209308079284507	-0.2357198756421589	-0.041103556138666064	1.2200000000000002	-14.63	-2.320463969027294	-11.07	20.0	6.0	46.0	1.0	5.0	5.0	0.0	1.0	1.0	2.0	13.0	33.0	5.0	1963.8784440362542	0.0	13.220514803081535	-0.09243049140887272	-0.04423503172016676	0.9947360786034404	0.0932042813724103	0.9952560100918644	0.027900465869817526	4.694868969364085	6.366941802122989	16.840228911406534	0.5834297718831164	-0.1339009245230779	0.801049463874433	0.12204490960280978	-0.9909444990186494	0.055982493006370815	9.364514721920331	5.242304378562423	4.0	1.8298349338861764	1.4435934533075043	1.3757335104361248	0.75	0.65	0.07692307692307693	0.2	0.8957243354375068	0.9996855467125786
2f53	28.0	0.4482758620689655	-5.320876585991661	86.62727434284945	86.62727434284945	30.981197015921285	3.8706384102440903	-0.1327811499962699	0.04443570957105059	0.027375825615550953	0.17343014359336606	-0.7819690896557331	-2.179827385926341	-0.2058260520901808	-3.1676225276722554	1.35	-7.539999999999999	-8.093701424945921	-6.119999999999999	29.0	5.0	46.0	0.0	1.0	8.0	2.0	1.0	0.0	2.0	21.0	34.0	6.0	1922.8821804377367	0.0	13.461872965365338	-0.342864764741368	-0.09998335422451801	0.9340487577360688	-0.7798211727972697	0.6179095552600702	-0.10033304346240528	5.9732977038397586	5.479991036746168	12.62978720324046	0.48439337153088863	-0.014260836325725362	0.874734068163504	0.6299730166488453	-0.7506284133731821	-0.19922595952926045	4.540746383624421	5.251301787763467	1.0	0.4548940742662908	1.9653360451719046	1.3178867584050638	0.7586206896551724	0.7586206896551724	0.0	0.10344827586206896	0.7862505322668563	0.995383071215491
2f54	29.0	0.5	-4.685934809390721	87.91738643011563	87.91738643011563	30.72900495814139	3.877620118740766	-0.12929454442210891	0.06602131626704208	0.022779470049289405	0.1529567698584997	-0.49736868374136006	-2.469230076699159	-0.2058260520901808	-3.1724248125307004	2.8600000000000003	-7.72	-7.8256776692337535	-6.489999999999999	30.0	5.0	43.0	0.0	0.0	10.0	2.0	0.0	0.0	1.0	22.0	32.0	6.0	2063.6969837018296	0.0	13.4220389100986	-0.3330485366993128	-0.12892110569579263	0.9340546132639205	-0.7649430207927048	0.6378435433403998	-0.08954210618146982	5.817286779363404	5.262030177173767	12.688160132275346	0.4967895362875124	0.0074810891042281225	0.8678388040318465	0.6144389581973724	-0.7562219703392227	-0.2249290951494077	4.448916177065242	5.251273856107612	2.0	1.0076895992903285	2.25502547796456	1.2874324254947977	0.7333333333333333	0.8	0.08333333333333333	0.0	0.8780535597105311	0.9959241165963914
2gj6	21.0	0.47619047619047616	6.401670737153998	54.19701806877595	54.197018068775954	30.942907875005513	3.3790790500736003	0.08343042273881222	0.05730070265282921	0.06086587612668742	-0.14920754201731684	-0.7042561791757674	-0.5473036650857231	0.9240672885608984	-0.3274925557005922	0.6599999999999999	-12.870000000000003	-2.877751577959872	-12.200000000000003	21.0	8.0	38.0	0.0	1.0	2.0	0.0	0.0	0.0	0.0	15.0	35.0	6.0	1880.991530543477	0.0	13.00016227734716	-0.4087518266289695	0.15510449522212622	0.8993689674630353	-0.18491426673961386	0.9747391673812682	-0.1252608045666138	4.039900628228077	5.429648056292086	13.025054780256317	0.44330475933088803	-0.0643319061538845	0.8940594477167843	0.05398256340199874	-0.9735315475192284	-0.22208603845449068	4.863090168671798	5.602925968679187	0.0	0.0	0.48687922132247463	1.3922673455140246	0.8095238095238095	0.7142857142857143	0.3333333333333333	0.047619047619047616	0.30220624908154503	0.8176586248861223
2iam	30.0	0.5	-0.371880647642762	68.7335178364525	68.7335178364525	NaN	NaN	NaN	NaN	NaN	NaN	0.47820752751029916	0.515798154399859	-0.09079604678606373	1.3666815625066144	0.3500000000000001	-13.26	2.823574492720383	-7.74	26.0	9.0	59.0	0.0	1.0	4.0	0.0	0.0	0.0	2.0	21.0	52.0	5.0	2181.4145338830604	1.0	12.528169308883678	-0.6397233206932192	0.05629013627378132	0.7665412535277403	-0.2660167775865572	0.9326522616793611	-0.24371055056554095	4.451844121737804	5.40719778445515	13.155003415831633	0.15288122886440442	-0.12789966696075006	0.9799331634862682	0.34525026333259856	-0.9379412078166608	0.032688621378004434	7.2219250780806625	5.254852374124057	4.0	1.884740138546349	2.771785169262901	1.1716423925451716	0.5769230769230769	0.72	0.1111111111111111	0.04	0.01768172877842082	0.12539820995405504
2ian	31.0	0.5	0.07382604274380763	69.41176361268518	69.41176361268519	NaN	NaN	NaN	NaN	NaN	NaN	0.4923803017944093	0.8457269847993607	-0.09079604678606368	1.7107831671902258	0.6599999999999999	-9.94	3.3648441623149443	-5.169999999999999	26.0	9.0	59.0	0.0	0.0	5.0	0.0	0.0	1.0	2.0	20.0	52.0	5.0	2227.695107121366	1.0	12.437638256482362	-0.6449804699951913	0.05648410809521201	0.7621087446661848	-0.19035418530092543	0.961400756572628	-0.19868031869068975	4.4616525487388365	5.479973117162038	13.042472590504474	0.16818771556187062	-0.1299473520948823	0.9771522797723305	0.4021789728981875	-0.914480660103227	0.04446566850360728	7.3000348033070175	5.259663697322025	3.0	1.528453604860581	2.4047126688126186	1.2403591038114605	0.5769230769230769	0.72	0.1111111111111111	0.04	0.012432554742015833	0.0644936705900046
2j8u	24.0	0.4	-4.768412693928483	88.32985413593725	88.32985413593725	30.990471877204193	3.9118430872039998	0.032549966246124135	0.13386445702302416	0.1587815565929584	0.09798425463593348	-0.1414995622737	0.726718117364171	-0.3003519098714163	0.2848666452190546	-3.5100000000000002	-16.64	5.500142735458709	-12.350000000000001	20.0	7.0	44.0	0.0	1.0	3.0	3.0	1.0	2.0	4.0	14.0	35.0	1.0	1991.1295988903476	0.0	12.030224509563558	-0.3820437575756273	-0.2189622209791237	0.8978296680969818	-0.5942651070524848	0.7408881699064214	-0.3129436081140083	4.303380560704558	5.359090317721733	14.535512803376388	0.465818527250984	0.09318763128925718	0.8799597518675655	0.7173758584962511	-0.6951962844133037	-0.04554122757417889	5.729062968624685	5.322832946019275	1.0	0.4156330477978001	1.963434517449421	1.100404091585262	0.65	0.95	0.2631578947368421	0.2	0.45086735018228846	0.9855191218302198
2jcc	24.0	0.36363636363636365	-4.518324424486475	88.41454831681084	88.41454831681084	30.790633092224162	3.906830923813955	0.03905661155503895	0.11376918470841914	0.12851053245897787	0.08919791074399673	-0.1414995622737	0.6824951468062683	-0.30035190987141636	0.24064367466115197	-3.7799999999999994	-13.750000000000004	5.642100611032832	-12.300000000000002	22.0	7.0	47.0	0.0	1.0	1.0	3.0	2.0	2.0	5.0	13.0	38.0	4.0	1971.77799133	0.0	11.881596663161746	-0.4127465392314114	-0.19231225040303027	0.8903124690405542	-0.5860497230407803	0.7574373850212186	-0.28780953688570593	4.386090343729068	5.35220036749044	14.349461921338028	0.4393972683725601	0.10714287928251727	0.8918802855912931	0.647035529081003	-0.7605386265918402	-0.05409270921089522	5.964764779418446	5.278586595608905	3.0	1.5144784352107306	0.8519163500166025	1.3152424475489886	0.7727272727272727	0.9545454545454546	0.3333333333333333	0.2727272727272727	0.42445459260033974	0.9890284647080089
2nx5	29.0	0.16666666666666666	-1.869785729930779	76.36904125626549	76.3690412562655	30.661869537289196	3.7891110511635766	0.13155894355918588	-0.016044968296445892	0.03976700089976214	-0.041288759640032306	-0.35541467556766626	0.11040638813574799	-0.9923940291460099	-1.2374023165779282	0.15999999999999995	-9.950000000000003	-3.6091847282393648	-5.510000000000002	24.0	7.0	56.0	0.0	1.0	14.0	0.0	0.0	0.0	1.0	18.0	40.0	6.0	2073.918670621577	0.0	15.814471701281146	-0.5918329402160719	-0.031102022645853163	0.8054603869440567	-0.3766361698761367	0.9102141173297147	-0.17220759501320765	7.958510436375765	5.340613466458742	12.415582480194265	0.22119703513896877	-0.036289574094779974	0.974553712371289	0.49271986304806903	-0.8566890896484828	-0.1526792057046447	4.740564083673904	5.255630530745531	2.0	1.1269597142210577	2.4419406967529396	1.1722384542427304	0.5833333333333334	0.75	0.6666666666666666	0.6666666666666666	0.5890526455570436	0.8635596523026301
2oi9	25.0	0.2857142857142857	-3.9515170732909892	68.21640734084781	68.21640734084782	28.945573095890218	3.474531795585516	-0.07972179712619107	0.27400468158617086	0.1281081798401847	0.033073257764466304	-0.9806566980799922	0.0620760008810818	-0.9998911935841994	-1.9184718907831102	-2.5200000000000005	-14.32	-2.3111846928926054	-8.56	21.0	7.0	42.0	0.0	0.0	5.0	1.0	0.0	1.0	0.0	16.0	37.0	3.0	1692.2508391366173	0.0	11.849593270979941	-0.11128871850054622	0.02755442023962051	0.9934060473396479	-0.23193348492569996	0.9638348747499293	-0.13126001836191536	5.584680020996458	5.469892095647582	13.304902511641249	0.6184107013936041	-0.024237278153199305	0.785481227400932	0.26138945191516094	-0.9590077164953771	-0.10945206135099747	4.310606033097637	5.052647951553931	4.0	2.524968840482142	2.3966526151696943	1.0685521856105304	0.5714285714285714	0.47619047619047616	0.6	0.42857142857142855	0.23938496201584947	0.5736985150789942
2ol3	19.0	0.35714285714285715	-10.842904332010983	59.556419745141	59.556419745141	31.37551991335684	3.334657475962701	-0.16488002525365106	0.1708115876424683	0.15578601791549568	0.08504504515132208	-0.00254954362231797	-0.1365656676676704	-1.05258947445232	-1.1917046857423084	1.01	-8.27	-4.218721356901005	-8.02	14.0	4.0	28.0	0.0	2.0	4.0	1.0	0.0	0.0	0.0	7.0	22.0	6.0	1461.1354915047232	0.0	14.198868584483522	0.017880003772995853	0.12485239519149062	0.9920142059160086	-0.2281124551560223	0.9558337207611723	-0.18532837258447105	7.6200894351830835	5.351370980972421	15.31604404184074	0.6727887017470969	-0.07089509699060664	0.7364300699275975	0.09380746898150065	-0.995195966928849	0.028020453564458585	5.6663160217613004	5.651634205606856	3.0	1.4523060153555818	0.2579807442959896	1.4270090213603186	0.7857142857142857	0.9285714285714286	0.23076923076923078	0.2857142857142857	0.7565784209247879	0.9849309001134676
2p5e	28.0	0.4666666666666667	-3.9934587201788276	87.61844891396453	87.61844891396453	30.829040346037996	3.889940841367678	-0.1583072742511291	0.048037233105508816	0.03160065047231706	0.14300094051709827	-0.423260711587638	-0.7178502924057693	-0.0006293000338584154	-1.1417403040272656	0.03999999999999984	-8.99	-3.5600228565343257	-7.47	30.0	6.0	41.0	0.0	1.0	6.0	2.0	0.0	1.0	2.0	21.0	32.0	6.0	2044.601503907419	0.0	13.465976799626143	-0.34482420820582527	-0.12441151380232945	0.930385963200282	-0.8060842839789931	0.588904288542501	-0.05847961769720389	6.091072395508865	5.371809689019625	12.634370908949391	0.49472177590467525	0.009200958621853411	0.8690027080785566	0.6269590215630884	-0.7421093175423594	-0.2370572625159046	4.074019513865801	5.182222388190702	6.0	2.6612697940371075	2.4307531121834645	1.31745072004086	0.7333333333333333	0.8	0.0	0.06666666666666667	0.7869296148893767	0.9945604142473952
2p5w	27.0	0.4666666666666667	-4.076161474609921	87.16532398686441	87.16532398686442	30.977818401476355	3.8766355467863516	-0.15672959560669966	0.03773930895305353	0.03817768309543703	0.1473262139843333	-0.423260711587638	-0.7178502924057694	-0.0006293000338584154	-1.1417403040272653	1.04	-8.18	-3.5600228565343253	-7.24	30.0	6.0	46.0	0.0	1.0	8.0	2.0	0.0	1.0	2.0	21.0	35.0	6.0	2061.8843350062525	0.0	13.585129919211154	-0.353925587836591	-0.11960213557425615	0.9275947430281077	-0.8097266784624703	0.5830797963920956	-0.0660352697457898	6.339478926269333	5.332079949227799	12.703064465543834	0.48788758316066955	0.009162192282428705	0.8728583850045655	0.6205290655597527	-0.74593949663537	-0.2419048279227661	4.104248606737664	5.227832162240595	5.0	2.3252074444694113	2.490542741832936	1.2898397223546387	0.7333333333333333	0.8	0.0	0.06666666666666667	0.7494621872063786	0.9934518084871072
2pxy	25.0	0.45454545454545453	1.6175182155255625	74.1723913380139	74.1723913380139	NaN	NaN	NaN	NaN	NaN	NaN	-0.8326526570327033	0.4549592614350908	-1.1119825676480588	-1.4896759632456715	-0.08999999999999991	-6.21	-0.8057165142930036	-0.1200000000000001	22.0	9.0	57.0	0.0	2.0	9.0	0.0	0.0	0.0	0.0	19.0	46.0	3.0	1981.203045751081	1.0	11.30607937751477	-0.4548266326278272	-0.00903290626260422	0.8905341883835716	-0.2583102574311309	0.9540283043117176	-0.15200593772831045	4.167760713061157	5.357494528701463	12.490746462624204	0.3936139368596582	0.027101565509307646	0.9188762559216922	0.44568118386594796	-0.8892174584760595	-0.10325015010761544	5.485330512330677	5.102309633278766	1.0	0.5080974716201219	2.403687346766126	1.0915277106064671	0.5454545454545454	0.8636363636363636	0.05263157894736842	0.09090909090909091	0.12215101131162817	0.5759029501781114
2pye	26.0	0.4482758620689655	-3.591269044060964	86.94005313375692	86.94005313375692	31.20314214661793	3.8718016493300844	-0.1632519655099148	0.043021448282663605	0.031630397380188115	0.14025474910949992	-0.423260711587638	-0.6006457930686749	-0.0006293000338584154	-1.0245358046901714	1.2399999999999998	-7.84	-3.5463800801305387	-6.75	29.0	5.0	38.0	0.0	1.0	6.0	2.0	0.0	1.0	2.0	20.0	29.0	6.0	1880.4567686419286	0.0	13.637011029339721	-0.34991227365219657	-0.11551924733174918	0.9296325640255921	-0.7652677543587527	0.6415458317417956	-0.05276560944748174	6.323847647474034	5.360848048172351	12.876374769934998	0.495916648783426	0.013583123923759433	0.8682638861824006	0.5866462769131366	-0.7719292725429514	-0.24489047266383018	4.117109057468513	5.351158336179219	0.0	0.0	2.42566177261534	1.259154750476339	0.7586206896551724	0.7931034482758621	0.043478260869565216	0.10344827586206896	0.6656414271653034	0.9904499996206197
2uwe	25.0	0.3333333333333333	-3.6710461686250104	88.54125554216856	88.54125554216856	30.689445565511512	3.9146644830163106	0.041154524106657424	0.10376974887336096	0.12115454532949144	0.08185276253083604	-0.1414995622737	0.49405086463103465	-0.3003519098714163	0.05219939248591848	-3.4899999999999998	-13.430000000000001	5.896721821223724	-11.870000000000001	24.0	8.0	52.0	0.0	1.0	2.0	3.0	2.0	2.0	5.0	15.0	42.0	4.0	1977.9352490373349	0.0	11.743961321532192	-0.42198782521670114	-0.1959519992338665	0.8851717851325974	-0.5777215453868303	0.7662260179385245	-0.28131033584681125	4.3877844460859565	5.3236968177466775	14.338930061646003	0.43225293421013145	0.10921404380871472	0.8951143465290898	0.6713478367647082	-0.7397145041741208	-0.04598406245616109	5.970833112647023	5.183912264030368	2.0	1.0145296822444356	1.6894231384447038	1.266035788060949	0.7083333333333334	0.9583333333333334	0.391304347826087	0.3333333333333333	0.28008389679126106	0.9728984837287925
2vlj	21.0	0.42105263157894735	-14.643629979954607	81.37287236470301	81.37287236470301	30.81864850033742	3.7973177507910605	0.03401180894181287	0.26274615397682266	0.2597837683494359	0.12460712472659707	-3.04881002727373	-0.5686064576270933	-0.3473578134140291	-3.9647742983148526	0.4399999999999999	-14.2	-4.741470186424301	-12.209999999999999	19.0	6.0	36.0	0.0	0.0	6.0	0.0	0.0	1.0	2.0	14.0	28.0	4.0	1461.1864732703325	0.0	12.579592191625169	-0.12406595853226343	-0.2208622213350747	0.9673817844891538	-0.641194415134514	0.64645867320903	-0.4134741895668962	4.335352681856411	5.061651820971694	14.598768284960514	0.5354056786644238	-0.04750420765541585	0.8432580324977171	0.4730113764411809	-0.8765599287366534	0.08889841789235368	5.972720958403924	5.172648511953993	1.0	0.537051392204142	1.6316898997708655	1.272374336674979	0.6842105263157895	0.6842105263157895	0.23076923076923078	0.15789473684210525	0.5116241913897581	0.7407943303498362
2vlk	20.0	0.3684210526315789	-14.292865145986955	83.4686914595536	83.4686914595536	30.699970033399765	3.8135882748890113	0.00955697177000133	0.2533222144675521	0.2360495891189006	0.1369699883006984	-3.04881002727373	-0.5447400287074504	0.1897039465437979	-3.4038461094373824	0.3599999999999999	-14.940000000000001	-4.907133772601548	-12.63	19.0	5.0	34.0	0.0	0.0	6.0	0.0	0.0	1.0	2.0	14.0	26.0	4.0	1499.287671273949	0.0	12.597730314520406	-0.1284817988195632	-0.22869691588773716	0.9649819417360969	-0.6831454470849947	0.6007123958713138	-0.4152793218827981	4.370095752177377	5.126204501012881	14.421362524782111	0.5349054926237261	-0.04144131801188597	0.8438949762759129	0.49725731657206684	-0.8634654398296085	0.08463211533826853	5.698918453702788	5.144322501417337	0.0	0.0	1.6205777384338198	1.2326239593026325	0.5789473684210527	0.6842105263157895	0.07692307692307693	0.2631578947368421	0.5631906698369492	0.8131364348415663
2vlr	19.0	0.3684210526315789	-14.753363289424678	82.59094914788528	82.5909491478853	30.949517118531936	3.79916539178075	0.012368334756499006	0.2466891826876964	0.23548077569446074	0.1457406984816413	-3.04881002727373	-0.5447400287074504	0.2950386946506998	-3.2985113613304815	0.5699999999999998	-14.36	-5.058683670728749	-12.25	19.0	5.0	33.0	0.0	0.0	6.0	0.0	0.0	1.0	2.0	15.0	25.0	3.0	1536.3547072415022	0.0	12.657546843728015	-0.13358312605130374	-0.2280345090408441	0.9644458569369533	-0.6658087380664279	0.6068790097990553	-0.4340467617681304	4.369342892224807	5.2866855071668635	14.451146945049729	0.54579589117463	-0.047847718553972504	0.8365509194709393	0.5031221967645213	-0.8614481047913942	0.06910294855500962	5.499015162853052	5.33104394453675	1.0	0.41318641721685134	2.04348735703212	1.1167916970815635	0.5789473684210527	0.6842105263157895	0.07692307692307693	0.2631578947368421	0.5527042621898255	0.8257375339692167
2wbj	25.0	0.0	-12.224444178536682	161.60083142696902	161.60083142696902	NaN	NaN	NaN	NaN	NaN	NaN	0.0	0.0	0.0	1.0588225681911259	-14.87	-9.419999999999998	0.6658543018794192	-6.649999999999999	4.0	2.0	90.0	0.0	1.0	16.0	0.0	1.0	0.0	14.0	3.0	58.0	1.0	2507.3824428410953	1.0	83.44449228537809	0.8775184343886098	-0.15749677065623857	0.45294167893565657	0.8983891522421492	0.3951852957095419	-0.1916390169408091	69.42623069419446	5.339671574132174	22.301659382914576	0.3774696158303825	-0.05497841184558559	0.9243884807082579	0.20571139149851916	-0.917231509236376	-0.34112927386539194	12.226447806568338	5.211410159239454	6.0	5.421789955610494	0.8584181958676926	0.9442592498519519	0.5	NaN	NaN	NaN	0.9329126939055231	0.9934253099366436
2ypl	17.0	0.17391304347826086	-3.312699668762471	52.27978440769258	52.27978440769258	30.742246993146505	3.2423595567314507	-0.04901292710843311	0.14342192952629296	0.11153623526615844	-0.09917151923201865	0.2082751017831061	-1.3653444907959886	-0.23427481035021552	-1.5103818797818533	-1.75	-12.93	-0.6980686659321187	-7.679999999999998	23.0	8.0	26.0	0.0	0.0	9.0	0.0	0.0	0.0	1.0	15.0	16.0	8.0	1484.4531587282872	0.0	12.301093382642284	-0.21440774596318868	0.09065440388242581	0.972528198750617	-0.17053701702243376	0.9766413292971879	-0.13072428757460056	3.9643683227025774	5.378870714294849	14.670947651634643	0.554442592797511	-0.13531098347984855	0.8211481893698395	0.005769335605410861	-0.9877289433605153	-0.15607129413787957	5.96987074267687	5.544463282836939	6.0	2.7659562186441664	0.841016474775047	1.534922477927351	0.8260869565217391	0.7272727272727273	0.625	0.6363636363636364	0.7567772200307584	0.893933998882804
2z31	23.0	0.47619047619047616	0.8253643818550358	72.19555704902527	72.19555704902527	NaN	NaN	NaN	NaN	NaN	NaN	-0.517601310863563	0.4246753566713283	-1.1119825676480588	-1.2049085218402935	-0.10999999999999986	-5.75	-0.5604987290256074	-0.5	21.0	8.0	51.0	0.0	2.0	7.0	0.0	0.0	0.0	0.0	19.0	42.0	2.0	1977.4925986324888	1.0	11.399697939264534	-0.45537804835970863	-0.004779230617922535	0.8902853429386335	-0.1848303982041385	0.9589118252435369	-0.21523437214389116	4.126206979219817	5.623775018718208	12.357079628554864	0.3845568660648951	0.019872755090675882	0.9228873659367115	0.3740955121442454	-0.9232057359124074	-0.08799838964373818	5.470475637003989	5.101080337387243	1.0	0.5939628702424544	2.400898330813168	1.0722188722570198	0.5714285714285714	0.8571428571428571	0.0	0.047619047619047616	0.13204116071109448	0.6743811121604756
3c5z	27.0	0.45454545454545453	-0.8854780398474712	64.45763183185157	64.45763183185157	NaN	NaN	NaN	NaN	NaN	NaN	-0.6730800716656078	-0.9552411439602527	0.13433216059465403	-1.1846678074759445	1.0899999999999999	-0.540000000000001	1.072320931810423	4.969999999999999	22.0	8.0	51.0	0.0	1.0	4.0	0.0	0.0	0.0	1.0	17.0	45.0	5.0	2228.0029580687187	1.0	13.4667501335549	-0.5080972347517768	0.031214862489151146	0.8607338916580821	-0.2138989137093165	0.9566957162415309	-0.19743495354850213	6.4856433705978755	5.612003006104029	12.894324184202643	0.26996480294426817	-0.07530489867043463	0.9599209223953767	0.26706961452373146	-0.9603969347704523	-0.07944525338958797	4.68593409116557	5.056517738479978	1.0	0.4227064669316367	1.4920912308847774	1.3313255665473043	0.7727272727272727	0.7142857142857143	0.06666666666666667	0.14285714285714285	0.18984258128209833	0.7601104187183179
3c60	19.0	0.4666666666666667	-1.6340373086697815	74.83398941156011	74.83398941156013	NaN	NaN	NaN	NaN	NaN	NaN	-0.20590887313430886	0.3300671240058373	-4.2291290711867005	-4.104970820315172	-2.8200000000000003	-0.55	-0.9537601854354918	4.44	15.0	7.0	32.0	0.0	0.0	6.0	0.0	0.0	0.0	1.0	15.0	25.0	0.0	1424.8590184789937	1.0	14.734119263300274	-0.3445132840041475	-0.07219362614598376	0.9360014302087536	-0.2570686863404044	0.9411938296913953	-0.21924840954021052	9.655238341224813	5.432534474332385	14.832061200736558	0.3239843236352263	0.062196775951046085	0.9440157408460291	0.4100865228301559	-0.9102495467602316	-0.05722592096667807	8.248800251288843	5.189674586017707	0.0	0.0	2.627037166511175	0.76304607503397	0.3333333333333333	0.6	0.3333333333333333	0.06666666666666667	0.22427107091437323	0.468469766784365
3c6l	21.0	0.45	0.2260543872050234	67.92104235085723	67.92104235085723	NaN	NaN	NaN	NaN	NaN	NaN	0.037894253530493915	-1.9750690759306282	-4.161773001043683	-6.098947823443817	-1.3599999999999999	-0.8799999999999997	-3.376222800749187	4.02	20.0	9.0	33.0	1.0	1.0	5.0	0.0	0.0	0.0	2.0	15.0	25.0	4.0	1786.53948458151	1.0	13.54909144216537	-0.27059204792079466	-0.05459595196083755	0.9611447474152418	-0.1437096379257532	0.9766315500221618	-0.1598072435792412	8.913496429256814	5.432366041516626	14.840200719845086	0.4241522224007709	-0.00900422683118185	0.9055461423897132	0.3755408304978152	-0.9233905299357184	-0.07949222266562908	7.001770844134756	5.131856276754872	4.0	1.9615276530421601	2.2377313013750406	1.2204326158155947	0.55	0.55	0.2727272727272727	0.1	0.9766479162048561	0.9994501448377633
3d39	21.0	0.5	6.691313376422922	53.269952166035004	53.269952166035	31.13238644592964	3.3600546321461504	0.10554603759392395	0.021108920566096603	0.08414533318571661	-0.1430289925721704	-0.7042561791757674	-0.4460965025762742	-0.14781273391127062	-1.2981654156633124	0.5999999999999999	-13.610000000000003	-0.7577383206191548	-11.700000000000003	18.0	7.0	38.0	0.0	2.0	4.0	0.0	0.0	0.0	1.0	14.0	31.0	4.0	1735.0863795698897	0.0	13.51359038385144	-0.4192613631506792	0.13401769229659333	0.897919354604037	-0.1778060800748029	0.9665047358644501	-0.18507726243650183	3.9755846442457603	5.419585879232922	12.876749246882477	0.33517246228868197	-0.05200314314006273	0.9407205182579879	0.027241780146561402	-0.9787613728468231	-0.20318479292103492	4.904130372268494	5.508361005046955	3.0	1.7364883503232051	0.3808133260632238	1.3491181281734783	0.8333333333333334	0.6666666666666666	0.3333333333333333	0.0	0.413930050606486	0.8886382867055443
3d3v	22.0	0.47058823529411764	6.510519545918444	53.2950516027629	53.29505160276291	31.05115060787355	3.3529867398921254	0.09831521028881932	0.022832354589447965	0.0893865686664396	-0.1385455750708741	-0.7042561791757673	-0.4460965025762742	-0.35865875741507464	-1.509011439167116	0.07000000000000009	-14.350000000000003	-0.7897410517053284	-12.160000000000004	17.0	7.0	36.0	0.0	3.0	5.0	0.0	0.0	0.0	2.0	11.0	26.0	6.0	1732.2592226419147	0.0	13.548338459918362	-0.42526342816496693	0.13260928939933114	0.8953020679540312	-0.14369351565034277	0.9698549417771904	-0.19680844771443534	3.9689404263700143	5.282047962132051	13.098564533771466	0.32686616739978375	-0.07261366344821804	0.9422769042788414	0.08165285734883561	-0.9692218258744676	-0.2322538756728605	5.143359385335237	5.401483445284241	3.0	1.767633844288666	0.48849848312566246	1.3773702014375662	0.7647058823529411	0.6470588235294118	0.2727272727272727	0.058823529411764705	0.8404980051227275	0.9871546092569218
3dxa	30.0	0.46875	1.3692534562077052	79.40980437507878	79.40980437507879	30.454493773919914	3.742471758996946	-0.08301743050620405	0.014104072845808717	0.17875926212578955	0.024370756277936834	-1.1241196112887009	-0.02378416646026782	-1.0388021341939784	-2.328205474216647	0.4500000000000002	-7.38	-4.080143409334605	-4.739999999999999	32.0	7.0	41.0	3.0	2.0	6.0	1.0	0.0	0.0	0.0	24.0	33.0	4.0	2010.535091047881	0.0	13.098327159599355	-0.2780851703377787	-0.1138576578941727	0.9537846044177747	-0.15961030286577163	0.9689058074504499	0.18906635660563498	4.979088112271971	6.498585688592387	14.599284465312776	0.625849968160897	0.025779881562570356	0.7795172961022937	0.5153557083781156	-0.846059353151679	-0.13635272049896568	5.626165883540769	5.010219593927444	4.0	2.25813669762744	3.0867394960453285	1.136298625340937	0.5	0.7741935483870968	0.08333333333333333	0.0967741935483871	0.8658571390468598	0.999992817408942
3e2h	24.0	0.3333333333333333	-5.548009466085174	65.84782365884618	65.8478236588462	28.92803226088736	3.455600176960593	-0.08611985354501699	0.2828107786429752	0.12769016104042138	0.04280208898256932	-0.49447911029434155	-0.8758940306813368	-1.0031779650716595	-2.3735511060473375	-0.14000000000000024	-14.200000000000001	-5.848283797715224	-8.82	18.0	6.0	45.0	0.0	0.0	6.0	1.0	0.0	1.0	0.0	14.0	39.0	2.0	1753.1795153788735	0.0	12.183661254176604	-0.1391343742572452	0.008702807740843164	0.9902352684454926	-0.2080122798012907	0.97522706837062	-0.07525328026518525	5.354839058276412	5.284784156977936	13.434374339256273	0.6354775142955547	-0.035085741240753615	0.7713218001829444	0.2080554785257797	-0.9651789280632704	-0.15856403843829794	4.967349013966984	5.099660537610496	2.0	0.9144737557174105	0.7465441659139849	1.4039322555617304	0.7222222222222222	0.5555555555555556	0.2	0.3333333333333333	0.3348157734449311	0.6985007056550906
3e3q	23.0	0.2777777777777778	-4.634523023846174	64.19446366319369	64.19446366319369	28.8370805138686	3.40342366111053	-0.09578378173453607	0.2857424977140629	0.12888593161824177	0.028144362236575605	-0.3672173306834144	0.2516649004950574	-1.0015345793279296	-1.1170870095162868	-0.6600000000000003	-14.679999999999998	-6.567704770473341	-8.899999999999999	18.0	5.0	39.0	0.0	0.0	5.0	1.0	0.0	2.0	0.0	14.0	34.0	1.0	1646.8417813995657	0.0	12.288695463743426	-0.17175204101689417	0.014626123665024679	0.9850316303298667	-0.1430096884068035	0.9787045036391526	-0.1472607320972667	5.565928785213427	5.549294313407067	13.425159595448935	0.6152195736052493	-0.049118051880114075	0.7868241818116063	0.15376767132760666	-0.9816743169405139	-0.11256570667996378	4.2278638918392115	5.082575619288047	4.0	1.8390272173341575	1.271774338200184	1.2505677969902305	0.7222222222222222	0.5555555555555556	0.4	0.4444444444444444	0.18832122997198367	0.5325672068556278
3ffc	29.0	0.1111111111111111	-9.55644848696639	50.83977956158009	50.83977956158008	30.675367610258352	3.2058401217027335	0.15226998884697196	0.012909388774166074	0.07238850008111197	0.14121596828682959	-0.9822597950073106	-0.041416103716717	0.3441058480944799	-0.6795700506295479	0.1699999999999999	-15.900000000000004	-1.5594953529284	-13.800000000000004	18.0	6.0	57.0	0.0	0.0	8.0	0.0	0.0	0.0	2.0	14.0	47.0	4.0	2127.2341117579854	0.0	17.543825501148678	-0.6120351126624839	0.06251658917310882	0.7883556918246871	-0.1701768078172825	0.944359487835727	-0.2814693791913737	8.531698042496725	5.084071509905872	12.607730188178694	-0.05696219441979575	-0.302781501009026	0.9513562271278669	-0.08837117666149495	-0.9938873563202156	0.06616991535831471	5.905068124232361	5.211742028970016	4.0	2.292154799421201	1.685317047317405	1.2384285638171482	0.6111111111111112	0.5555555555555556	0.6	0.7777777777777778	0.2126295908474043	0.4372883143600268
3gjf	0.0	NaN	NaN	NaN	NaN	NaN	NaN	NaN	NaN	NaN	NaN	0.0	0.0	0.0	0.0	0.0	-6.97	0.0	-6.329999999999999	0.0	0.0	0.0	0.0	0.0	0.0	0.0	0.0	0.0	0.0	0.0	0.0	0.0	NaN	0.0	NaN	NaN	NaN	NaN	NaN	NaN	NaN	NaN	NaN	NaN	NaN	NaN	NaN	NaN	NaN	NaN	NaN	NaN	0.0	0.0	NaN	NaN	NaN	NaN	NaN	NaN	0.9736293690074073	0.9989976876057903
3gsn	22.0	0.5	-4.4574714674814055	59.671287652558924	59.671287652558924	29.92204571690497	3.414333016978864	-0.176839306249478	0.08586520457598608	0.22406425479098552	-0.020775064434826507	-1.2772985211848575	0.4363339626624985	-0.5178145625960813	-1.3587791211184401	-2.5600000000000005	-7.039999999999999	-3.514379885774325	-5.699999999999999	26.0	8.0	37.0	0.0	1.0	5.0	0.0	0.0	1.0	2.0	22.0	29.0	3.0	1877.0221407919453	0.0	12.531854577860525	-0.07084367646630278	0.10632733384411472	0.9918042505569062	-0.17001108599960033	0.9809826934999941	-0.09364392815824946	6.723008032535326	4.880118250476508	14.260052606510776	0.6351624818112046	-0.10564134275904638	0.7651199437076809	0.2766709122247936	-0.9588181453096662	-0.06419478339434523	3.9283571488824194	5.906927473438963	5.0	2.467276805981512	1.953090038692607	1.2153738093501743	0.6538461538461539	0.6923076923076923	0.2222222222222222	0.0	0.48517636297402017	0.8870347960241017
3h9s	22.0	0.5	8.321497182891441	54.53555152407407	54.53555152407407	31.380580609118052	3.361386201680529	0.10262514981336886	0.0025750665489248136	0.08171223058140993	-0.1555169284909922	0.17623790355151908	-0.18415888918777557	-0.5904143641966555	-0.598335349832912	0.41	-13.91	-1.6090094683673128	-13.68	22.0	8.0	34.0	0.0	3.0	3.0	0.0	0.0	0.0	1.0	16.0	27.0	6.0	1843.7237845044365	0.0	13.42110435128467	-0.4355641397294635	0.14687861006687652	0.8880937754187537	-0.21833182664092615	0.9584940357989528	-0.18335865524947859	4.104503252410056	5.577628495963387	13.127466498801754	0.3572872351741875	-0.029147289788262927	0.9335396440040624	0.06024430511540817	-0.9665630108366385	-0.2492520199085475	5.172651923775466	5.632487360961868	3.0	1.7348213083087636	1.644805301652187	1.2250627874581683	0.6363636363636364	0.6818181818181818	0.3333333333333333	0.0	0.7345450073599326	0.9821069116028853
3hae	0.0	NaN	NaN	NaN	NaN	NaN	NaN	NaN	NaN	NaN	NaN	0.0	0.0	0.0	0.0	0.0	-6.76	0.0	-5.58	0.0	0.0	0.0	0.0	0.0	0.0	0.0	0.0	0.0	0.0	0.0	0.0	0.0	NaN	0.0	NaN	NaN	NaN	NaN	NaN	NaN	NaN	NaN	NaN	NaN	NaN	NaN	NaN	NaN	NaN	NaN	NaN	NaN	1.0	0.4328926265690476	NaN	NaN	NaN	NaN	NaN	NaN	0.973134673663987	0.9989951803973613
3hg1	25.0	0.35714285714285715	4.551175471517514	69.04987849886426	69.04987849886426	28.663392555688898	3.6361955084421096	0.016417318388307192	-0.035589716708901986	0.158645916735586	-0.0012317129191471334	-1.0725513487923313	0.2813004762574246	-2.891081947066983	-3.682332819601889	1.08	-10.37	-3.859919977218953	-7.789999999999999	28.0	9.0	46.0	0.0	2.0	2.0	0.0	0.0	0.0	2.0	22.0	40.0	6.0	1919.1657517267486	0.0	13.369530601469897	-0.5312799795077487	0.037065308754657605	0.8463851050860796	-0.3430613989908014	0.9227897152193208	-0.17540814587577852	6.253474353197986	5.429754277674497	11.101333620017748	0.30592919979452876	0.0792758785153749	0.948747943143244	0.36456361091595546	-0.9209381115196092	-0.13771843719788182	4.06357061225364	4.970312926222108	9.0	4.4505798037669155	1.7420882424892437	1.293292518169565	0.75	0.7142857142857143	0.8	0.2857142857142857	0.608875953313101	0.9050676868335764
3kpr	30.0	0.4090909090909091	-1.15674925899143	62.77989427614114	62.77989427614114	29.999674765005327	3.398691349931679	-0.2799922999036102	0.21417518800839414	0.16425454560828168	-0.09823462189365324	-0.320870398603309	-0.6409788283798747	0.4171754648944939	-1.944905461840766	1.5000000000000002	-5.73	-0.14661412313214361	-4.55	22.0	6.0	57.0	0.0	1.0	12.0	3.0	0.0	1.0	1.0	15.0	43.0	3.0	2258.3107694773935	0.0	11.505920782839626	0.046616030190513955	0.085909011634414	0.9952118303534437	0.16339972313855572	0.9536682780656938	0.2526209523889137	4.895439617796424	6.588130671346826	16.069027301604454	0.8269741232703316	0.030868719347978024	0.5613919499624298	0.23771248314765925	-0.9516939819145622	-0.19434850076989854	5.721333401727494	5.103712443634158	9.0	4.322838516812131	2.39840241935233	1.0695560384063119	0.5909090909090909	0.85	0.058823529411764705	0.1	0.7895005276395372	0.9961133024704497
3kps	29.0	0.38095238095238093	-0.2963246847239398	64.57203957038786	64.57203957038786	29.992049045772763	3.4591519816734735	-0.29307663679909146	0.21556839036115608	0.15679446460770372	-0.09026844363914134	0.30289998417881603	-0.6409788283798747	0.7235582272769101	0.6272087874634353	1.4600000000000004	-6.4	2.469307134785745	-4.62	21.0	7.0	57.0	0.0	1.0	9.0	4.0	0.0	1.0	1.0	14.0	46.0	2.0	2250.0045618640543	0.0	11.648056841751538	0.04020265169746469	0.0740923872982153	0.9964406980695045	0.10298722786176571	0.9661557211765844	0.23650951994180225	4.944915421608182	6.410236307406208	16.202679902298417	0.8163415853088344	0.04494745796771575	0.575817802776419	0.26449556174768707	-0.9429272154351682	-0.20231253997504348	5.624462974820538	5.31488508838162	5.0	2.683662284903867	2.9216012349381795	0.9951261818958406	0.47619047619047616	0.8421052631578947	0.0	0.15789473684210525	0.33444423473594864	0.9842551636430443
3kxf	26.0	0.42857142857142855	-9.874497682586808	84.06083183839084	84.06083183839084	32.87999224217032	3.970996460289074	0.17983777866721687	0.1715476415169004	-0.13966791343819562	0.03641367661200848	-1.7333155116263639	-0.409168099416874	-0.21944881227208599	-2.153098948175575	-3.3499999999999996	-12.41	-3.017884039747899	-7.41	35.0	7.0	32.0	0.0	2.0	5.0	0.0	0.0	0.0	4.0	25.0	21.0	10.0	1745.3377733897178	0.0	13.890790158847087	-0.29413581403437494	-0.04445243648498187	0.9547293352824683	-0.5558731761616531	0.8182916684542016	-0.1463002290021463	4.071422854842918	5.613025694168552	15.457934040279424	0.5784293516414158	-0.14711127455488798	0.8023576247092964	0.6736358802496356	-0.6775809762181422	-0.2951249246561639	4.204669619091055	5.6455452523600975	5.0	2.611810297348785	2.365249391134913	1.3390776032525396	0.7142857142857143	0.5	0.6470588235294118	0.11764705882352941	0.9298983621245593	0.9968202989407511
3mbe	35.0	0.5	-1.8563360409692142	68.16888286214663	68.16888286214663	NaN	NaN	NaN	NaN	NaN	NaN	-2.167612060765482	0.39347230386634746	0.8693834747770441	-1.0251982123719419	2.92	-13.31	-1.1880688176950363	-6.700000000000001	38.0	15.0	58.0	4.0	3.0	9.0	0.0	1.0	0.0	0.0	33.0	45.0	1.0	2635.454808072205	1.0	10.778680436985512	-0.613771650940613	0.024729080442363674	0.7890962126994133	-0.49042057515240234	0.8268725886736408	-0.2752623860480441	5.048556250729681	5.070013983849435	12.299253878582492	0.4794716053978553	-0.08285897873559109	0.8736368634034889	0.48517801218334167	-0.8729428408830555	-0.05072566086100741	5.9996424233706955	5.332545574633749	4.0	1.9783154825671945	4.6055637289347064	1.0669955014468229	0.4473684210526316	0.6	0.14285714285714285	0.02857142857142857	0.5985450993201926	0.9999910905810885
3mv7	25.0	0.4444444444444444	-8.086064135433654	63.23979782849299	63.23979782849299	30.757386835103407	3.537257338985409	0.017799062146914103	0.0480923720349293	0.28618211804592597	0.023160226137632356	-0.5591349786170926	-1.1690053012472452	-0.7904211144823017	-2.998720606230311	-1.6300000000000001	-11.48	-4.851243926348017	-6.289999999999999	36.0	10.0	32.0	1.0	0.0	1.0	0.0	0.0	0.0	2.0	25.0	29.0	10.0	1835.8885644618313	0.0	11.042237527044735	-0.2973473954554744	-0.03388660899175217	0.9541678175068384	-0.20622685879675562	0.9412228068200473	-0.26752590575816115	3.83817787619332	5.250855347840892	14.610934565670277	0.5418042293441042	-0.17481229220239664	0.8221245887472906	0.19146451846086163	-0.981294284536746	0.02007149512589615	5.891798630759495	5.135084559741894	6.0	2.821915622364126	3.229685517764261	1.2989614750404614	0.6666666666666666	0.6363636363636364	0.5238095238095238	0.21212121212121213	0.8076515589786668	0.995929393236032
3mv8	25.0	0.45714285714285713	-8.37130994736413	62.45872963389673	62.458729633896716	30.928749057967465	3.5178313393357463	0.02810137273825631	0.055057452098199774	0.28319538242450815	0.019241516843364927	-0.5591349786170926	-1.1706486869909751	-0.7904211144823017	-3.5388796078693767	-1.5400000000000003	-12.130000000000003	-4.974148612124454	-6.000000000000002	35.0	10.0	33.0	1.0	0.0	2.0	0.0	0.0	0.0	2.0	26.0	29.0	8.0	1869.6986484935114	0.0	11.07786415165882	-0.29494446903810057	-0.029753107848047012	0.9550510523404889	-0.2336000222313177	0.9301909151953925	-0.2831534752160624	3.9524652468654886	5.339699475542893	14.655829362866612	0.544955780953505	-0.17915287795204654	0.8191016072444188	0.16058284013731233	-0.9867281816924031	0.02409660804584434	5.756503100153594	5.1529955721213865	2.0	0.9456171059364573	2.8942967902900154	1.329398296306662	0.6571428571428571	0.625	0.5	0.1875	0.8102180278838137	0.9957343469632285
3mv9	26.0	0.4444444444444444	-8.769931432441586	62.77951181150759	62.77951181150759	31.056183923919605	3.5269724705337917	0.041943286404555	0.06239996549881708	0.2759675902364267	0.026303282919312866	-0.5591349786170926	-1.1690053012472452	-0.7904211144823017	-3.884126915348122	0.3400000000000001	-11.680000000000001	-6.30402802873674	-5.91	36.0	10.0	34.0	0.0	0.0	3.0	0.0	0.0	0.0	2.0	28.0	29.0	8.0	1852.3219717389984	0.0	11.076555644259987	-0.2913259757738527	-0.03292478380614061	0.9560570768893297	-0.24329897578899803	0.9436614590716118	-0.2242959176427896	3.9951826306924247	5.381541536520886	14.741276661769822	0.5434777860927208	-0.17178711470521635	0.8216575217871119	0.1982598371282743	-0.9801300343599263	-0.006176759715235557	6.534907754834905	5.451063685814793	6.0	3.369224734674036	4.229767451921141	1.2015350138851701	0.5555555555555556	0.6363636363636364	0.5238095238095238	0.21212121212121213	0.6305595465928779	0.904106972796183
3nfj	6.0	0.0	NaN	NaN	NaN	NaN	NaN	NaN	NaN	NaN	NaN	0.0	0.0	-0.3604869781121262	-0.3604869781121262	-0.8	-14.640000000000002	-5.324852907480423	-12.210000000000003	15.0	5.0	6.0	0.0	0.0	0.0	0.0	0.0	2.0	1.0	10.0	5.0	3.0	518.29986802454	0.0	NaN	NaN	NaN	NaN	NaN	NaN	NaN	NaN	NaN	13.458571936499698	0.486480427703772	-0.26781929024406054	0.8316306999418183	-0.10721736245526779	-0.8116771980017548	-0.5741816463997509	3.471530692205368	5.40792972990666	2.0	0.8743753031884762	0.9900205257276773	1.3082105864192137	0.7333333333333333	1.0	1.0	1.0	0.02714754014639685	0.0266096227525627
3o4l	31.0	0.391304347826087	-0.18124021961869108	69.91443880416968	69.91443880416968	28.49845417175293	3.5747123873931557	0.045423014598492434	-0.004393355602021852	0.061472795734696745	0.04499447987868419	1.125984113164353	-0.5172735215599309	1.4429606824519041	2.0516712740563263	1.5599999999999998	-12.7	-0.37066875156373547	-9.989999999999998	23.0	6.0	53.0	0.0	2.0	6.0	0.0	0.0	0.0	2.0	20.0	43.0	3.0	2144.737495227502	0.0	12.30456818327101	-0.4257278667934737	-0.006521121552928583	0.9048277505949014	-0.191943515552256	0.9758931625991137	-0.10387599163014632	4.711835134664715	5.09431730032865	12.445305502522086	0.5979907715728244	0.012894996237337628	0.8013992488298664	0.5090954154058853	-0.8273601018435076	-0.2372701403926659	4.9044234072880055	5.431028142031216	1.0	0.4083255987275738	2.8262292885327227	1.128145067168855	0.6086956521739131	0.8260869565217391	0.3684210526315789	0.21739130434782608	0.03888850925651015	0.24751320940327196
3o6f	29.0	0.39285714285714285	0.7011067348005107	62.628387640291386	62.628387640291386	NaN	NaN	NaN	NaN	NaN	NaN	-0.36351190186096294	-0.5286237373221416	-0.8520522000708576	-1.7441878392539625	2.4500000000000006	-8.749999999999998	-3.832681059909879	-4.549999999999999	28.0	9.0	50.0	0.0	2.0	5.0	0.0	0.0	0.0	1.0	25.0	42.0	3.0	1895.3269696802563	1.0	11.58739458407912	-0.496195126263309	-0.06499957979183636	0.8657744805241271	0.18232948928858145	0.9812061882858283	0.06316940007296731	4.49105920422607	6.671520287613186	10.975407327668789	0.44758753868388357	0.009949898426504095	0.8941847653331942	0.28494444287814724	-0.9384754456786953	-0.1951166367612528	4.2091471878662	5.1280290113311455	3.0	1.3168037526663885	3.137892340681367	1.0619294077844175	0.42857142857142855	0.7857142857142857	0.36363636363636365	0.21428571428571427	0.04107131309094827	0.2269357594737518
3pl6	22.0	0.3076923076923077	-7.750560242976524	43.50435241271274	43.50435241271274	NaN	NaN	NaN	NaN	NaN	NaN	0.47738871935073196	-1.1760885405858357	-0.782084412742789	-1.480784233977893	-0.16999999999999998	-18.31	-1.4358847389035532	-8.79	13.0	8.0	33.0	1.0	1.0	2.0	2.0	0.0	1.0	2.0	7.0	28.0	2.0	1575.8108615902129	1.0	13.435824418837901	-0.39524758899435475	0.07825880655736578	0.9152348892177956	0.10140633149222304	0.9771267074034309	-0.18692285371485176	7.392006085482735	5.386260625160631	14.122807767292981	0.3616967373194719	-0.20884957963095557	0.9086018507348569	-0.18893202475934195	-0.9818614021292889	0.015902095231686064	7.288850747063894	5.046876423067024	2.0	0.967646058790395	1.5887965262154697	1.1255018112077553	0.6153846153846154	0.5384615384615384	0.7142857142857143	0.38461538461538464	0.5334113577389521	0.987962345945939
3pqy	22.0	0.38461538461538464	-8.824951691893753	71.49129220875308	71.49129220875308	31.481871383548924	3.475556936748643	-0.2122829513471184	0.2791940530888593	0.10023406020685945	-0.002961564005414342	-0.0970225566385681	-0.4996873953533669	0.024002211764405812	-0.5587875869706654	0.5800000000000001	-8.520000000000001	-0.5875108298422497	-7.830000000000001	26.0	7.0	29.0	0.0	2.0	6.0	0.0	0.0	0.0	0.0	19.0	21.0	7.0	1668.3314438224952	0.0	13.119312443041077	0.22195789316988956	-0.0784028100961246	0.9718990137232201	-0.03142474701446764	0.989599341225681	0.14037673889034652	4.25583629672504	6.682570527623975	16.535545125919118	0.808590477422298	-0.018255147847267318	0.5880885896513408	0.2036567942681331	-0.9558496293755685	-0.2118381358077554	4.2511301846057625	5.147863049015663	1.0	0.42137165448106684	1.9069196846324572	1.3496946058248749	0.7307692307692307	0.76	0.3684210526315789	0.2	0.6108369582848603	0.9442771678488204
3pwp	23.0	0.3181818181818182	7.099350006163903	52.720039714706566	52.720039714706566	31.041257139242436	3.3671321787006416	0.09211524458608998	0.03372399464962027	0.08486060822272207	-0.14945502675862485	-0.7637268511901698	-0.33071599287582076	-0.8058055488663552	-1.9002483929323457	0.88	-11.450000000000003	-2.8290002039845885	-10.690000000000003	22.0	8.0	36.0	0.0	2.0	3.0	0.0	0.0	1.0	2.0	17.0	29.0	4.0	1922.1341295277089	0.0	13.257460865624392	-0.41354710656423554	0.15177261433050077	0.8977437630197023	-0.22038832411511455	0.9591038500040855	-0.17761979372969885	3.9927138556526613	5.312217049114071	12.960949960161175	0.3736419166328939	-0.06082746163799186	0.9255764354667131	0.009476394661287536	-0.979716736488105	-0.20016321798130415	5.218050069368437	5.607121282446621	3.0	1.5785148126063664	1.0734134192694587	1.266969444899836	0.7272727272727273	0.6363636363636364	0.14285714285714285	0.36363636363636365	0.7252215885737119	0.9597034715992505
3qdg	28.0	0.4583333333333333	3.011262423779789	55.35344213434421	55.353442134344206	28.890579831059014	3.3697519716092157	0.019203990240650885	0.025185187674969956	0.12972788073467922	-0.009002776043459743	-1.288232636300862	-0.1269299725043194	-0.9448975895078154	-2.360060198312997	1.86	-9.24	-1.9674788880079928	-7.469999999999999	24.0	8.0	48.0	0.0	0.0	4.0	0.0	1.0	2.0	2.0	15.0	41.0	7.0	2161.957708101523	0.0	13.266568247494947	-0.42826532328002126	0.20437759813410628	0.8802378145172117	-0.11848662774805532	0.9894616312494179	-0.08322619163093434	6.50666942227174	5.606240424767426	12.426857012289657	0.2997095742497158	-0.05235130308630154	0.952593046377769	0.12859801984195487	-0.9800129128982052	-0.15178023412449404	5.3574170329325	5.338793473557824	3.0	1.4878788229413638	1.769936465671384	1.1951851283169328	0.7083333333333334	0.5	0.6666666666666666	0.08333333333333333	0.597201361102492	0.8970106422555415
3qdj	29.0	0.4117647058823529	0.8986402024288328	55.412178639938155	55.412178639938155	28.759187785939307	3.36678414288958	0.013825166052124038	0.02035916838895188	0.12050546090706411	-0.010615132647891063	-0.763667740713027	0.15830717338939454	-0.6034354817608731	-1.2087960490845058	1.05	-6.45	-0.6188749850416743	-5.2299999999999995	17.0	7.0	49.0	0.0	0.0	6.0	0.0	1.0	2.0	2.0	12.0	40.0	3.0	2110.074820648708	0.0	13.639190133766343	-0.4049469272211911	0.18687887684487278	0.8950386982564933	-0.10970759467945176	0.9897966449354139	-0.09092219189505107	7.56427762322555	5.475743302541252	12.697567129079854	0.30862189157720704	-0.0558445532741467	0.9495440557190629	0.08546692231535444	-0.9826142603362902	-0.16481692932988234	5.791610592312226	5.263504466757487	1.0	0.6074788469306904	0.7917105730409295	1.331047485113055	0.8823529411764706	0.5294117647058824	0.5555555555555556	0.17647058823529413	0.2471095846972787	0.5532752067790836
3qdm	18.0	0.3076923076923077	3.6479987703392114	55.38736124105087	55.38736124105087	29.674672855737214	3.3035464456839683	-0.09622163931481066	0.06654581818800791	0.031964473505163876	-0.10136757314250343	-0.5876796078774243	-0.157213877268082	-0.7306936433795121	-2.0846163458069222	-0.26000000000000034	-10.440000000000001	-7.582125014897278	-7.550000000000001	26.0	8.0	34.0	1.0	1.0	3.0	0.0	0.0	0.0	1.0	23.0	29.0	2.0	1648.1917865944888	0.0	13.124417673244409	-0.27167686179890504	0.16370187405822578	0.9483635268400699	-0.20208211541263943	0.9789783710151384	0.02764357709630355	5.392377994349146	5.5521732312250425	11.615114709862926	0.4630181327722236	0.08428670007477546	0.8823321147631649	-0.04641238274653441	-0.9469740344688166	-0.3179403535384915	4.115599727125853	5.533100161744986	2.0	1.0995678824889632	2.950377484293794	1.086255579296071	0.5769230769230769	0.76	0.8947368421052632	0.44	0.32206441668468616	0.9540862735469826
3qeq	25.0	0.23809523809523808	1.398107432810019	68.8525890002155	68.8525890002155	28.98317909312381	3.560673119732397	-0.022627727179648064	-0.0016284540698732202	0.052353488996332784	-0.017718375187148302	0.251016571493662	-0.16687356519429897	-1.021986625478162	-0.9378436191787991	-0.17000000000000037	-6.5600000000000005	-5.446054486684428	-5.34	21.0	6.0	44.0	0.0	1.0	7.0	0.0	0.0	1.0	2.0	18.0	34.0	2.0	1839.79521032481	0.0	13.820224353599642	-0.4538075261242892	0.022808561727662408	0.8908077787043356	-0.43020053597511076	0.9001740758963162	-0.06792739920448215	6.908385840549482	5.430996686750217	11.534463251893198	0.37781599788355313	0.1115224253323224	0.9191397174629427	0.1705387783837537	-0.9596273725725781	-0.22367796159761294	4.161709633649846	5.371074458036405	2.0	1.035645048200653	3.0604287919991915	0.9328513521220468	0.5238095238095238	0.9523809523809523	0.6	0.5238095238095238	0.23331512937239812	0.5115709631849815
3qfj	24.0	0.375	7.12946652178259	53.57154896100072	53.57154896100073	31.020764632448667	3.3618187855132504	0.10972607927709616	0.03183576819362423	0.08155265719026485	-0.14653609230686396	-0.7229995850363942	-0.40296374955985076	-0.45000853600330243	-1.5759718705995471	1.7400000000000004	-13.260000000000003	-2.590476551003408	-12.590000000000003	24.0	8.0	41.0	0.0	3.0	4.0	0.0	0.0	1.0	2.0	18.0	32.0	5.0	1931.0241078878971	0.0	13.211983657784488	-0.4326654119137757	0.14494524669213163	0.889826677866798	-0.20113685220644642	0.9642732352335557	-0.1723980687871386	3.9045262529783527	5.331070661838771	12.71911895277387	0.3626605877064051	-0.05564476148230563	0.930258543893459	0.015133345422399636	-0.977481374040991	-0.21047837155344848	4.909543852351834	5.442603735111533	5.0	2.5591396689730725	1.0086841800272555	1.3235649993053642	0.7916666666666666	0.6666666666666666	0.0	0.25	0.7118544144035042	0.973232476105
3qib	34.0	0.46875	-4.854729661871849	65.33818122699	65.33818122699	NaN	NaN	NaN	NaN	NaN	NaN	-0.25966103388993556	-0.1133245898834161	-1.9373715812001286	-2.3103572049734806	2.4499999999999997	-8.35	-2.293754558345257	-4.289999999999999	32.0	9.0	67.0	1.0	2.0	9.0	0.0	0.0	0.0	4.0	22.0	52.0	9.0	2553.9366487994594	1.0	10.191073727179388	-0.2645753169602777	0.03140742628277071	0.9638534510149408	-0.44328237140680166	0.8708723849413267	-0.21232528809668208	4.181069299842978	5.246192202416266	14.156238959668434	0.6342956482686426	-0.10707935526084898	0.7656389763609888	0.16201352416663495	-0.9804072164139385	0.11204154404878523	4.628170846258647	5.028358983320923	6.0	3.4283752827198772	2.1897675134764665	1.379018358052233	0.71875	0.8125	0.07692307692307693	0.0625	0.8996760804440199	0.9992302342266696
3qiu	32.0	0.45454545454545453	-6.522986215440525	67.93593086170617	67.93593086170617	NaN	NaN	NaN	NaN	NaN	NaN	-0.25966103388993556	-0.6468504597946076	-1.4144889528998477	-2.3210004465843905	3.0	-8.51	-3.242652026565958	-4.8	33.0	9.0	62.0	1.0	2.0	12.0	0.0	0.0	1.0	3.0	21.0	45.0	10.0	2423.203078130613	1.0	10.571179533883676	-0.3369859051991416	-0.07146972865824777	0.9387931494176114	-0.5229457727172873	0.7930739744814093	-0.31234818620956667	4.201764443183027	5.420435193606727	13.57004179296104	0.6042890557652454	-0.11767943692157834	0.7880268314345553	0.20797707641557786	-0.9741705770875471	0.08796148039655947	4.499038355095966	5.14151920088986	2.0	1.1833580650781204	2.368121702484299	1.3144645848009229	0.6363636363636364	0.8181818181818182	0.1111111111111111	0.09090909090909091	0.9523979323997509	0.9996008420541026
3qiw	31.0	0.4838709677419355	-6.588473077152518	68.1167020270971	68.1167020270971	NaN	NaN	NaN	NaN	NaN	NaN	-1.4760563582144295	-0.3033170442790494	-1.4700569946506168	-3.2494303971440965	2.3699999999999997	-9.389999999999999	-4.314193356196952	-5.159999999999999	31.0	9.0	60.0	0.0	2.0	10.0	0.0	0.0	1.0	3.0	23.0	45.0	7.0	2441.718205230969	1.0	10.492255032570432	-0.3551926190576299	-0.09574425252288526	0.9298770033102218	-0.5349883474217777	0.7854739405572734	-0.311156160869839	4.305496419791527	5.248139591111298	13.721620440943928	0.6130273002725857	-0.10804021008368316	0.782639662922742	0.12162405936664346	-0.9882399956121447	0.09267847037627465	4.403502739087365	5.20289578278993	3.0	2.243441438608326	2.6394957261613827	1.302255539564136	0.6451612903225806	0.8064516129032258	0.04	0.03225806451612903	0.9077327913413588	0.9932494640296027
3rdt	19.0	0.4666666666666667	-2.361375992431813	65.42046999412479	65.42046999412479	NaN	NaN	NaN	NaN	NaN	NaN	-0.276668344457147	-1.2156618173649691	-2.4135911075108156	-3.596600021777669	-0.5200000000000001	0.2999999999999994	-1.4363280942528336	5.460000000000001	15.0	6.0	32.0	2.0	1.0	6.0	0.0	0.0	0.0	2.0	10.0	23.0	3.0	1529.324174741243	1.0	13.89131942100983	-0.43490635645786363	-0.09175874185580049	0.8957883646607672	-0.1857506312500784	0.9515397882190849	-0.24508923691097534	6.611410380360669	5.311065927396898	14.403227921527511	0.327767348680934	-0.055083571027854994	0.9431512949694937	0.29139811280694605	-0.9532531335732293	-0.07997251278191712	7.478234585834251	5.198643709370481	3.0	1.5200187609382638	0.5051779327207906	1.348722287500536	0.8	0.7857142857142857	0.2727272727272727	0.14285714285714285	0.8215755365667106	0.9995613049564356
3rgv	21.0	0.3333333333333333	3.465965309738129	74.20420984993257	74.20420984993258	29.691963891430078	3.6202747335676606	-0.08891855701745734	-0.061027149736109614	0.08733124980477233	0.0197217789695252	0.028918090017430495	0.13403881668841588	-1.396424341219658	-1.2334674345138117	1.1	-18.23	-1.5388360059864974	-15.01	12.0	5.0	35.0	0.0	0.0	3.0	0.0	0.0	2.0	0.0	10.0	32.0	0.0	1568.730930687001	0.0	19.86763526862494	-0.781657212771071	-0.0480426199410979	0.621855214894504	-0.10282998935543933	0.9876109093887891	0.11853558403537308	7.116798067904359	7.610269468379403	14.880878167242892	-0.38907143565086677	0.06347266309129149	0.9190183017036561	0.4090389251879171	-0.9095084719409435	-0.07403713096674622	6.687500811885894	5.1682667558460125	6.0	2.868964246483912	1.190673992005999	0.9090863030288817	0.4166666666666667	0.8333333333333334	0.6	0.3333333333333333	0.10604677744254078	0.14428615877514475
3sjv	28.0	0.47058823529411764	-0.7001588058558736	61.135073731466356	61.135073731466356	29.210943581996712	3.373572929588056	-0.170635273851872	0.060323874978508885	0.18264846884601027	-0.1246352269573407	-0.5635879779706758	0.8954010837977151	0.5155369179779234	0.8473500238049627	3.0	-17.25	-1.170389497022381	-12.92	17.0	6.0	49.0	0.0	1.0	6.0	0.0	0.0	1.0	0.0	13.0	42.0	3.0	1964.5832163657396	0.0	12.792773138025723	-0.251293672540145	0.018879996781399053	0.9677267360709234	-0.32015558101247155	0.9320382748181738	-0.16972052878677982	6.650989195836402	6.081508404014394	14.01998691472628	0.5941532310867397	0.03730236298165805	0.8034864476532997	0.15931380688563596	-0.9791978391771015	-0.12566106117036402	4.468777049406127	5.101517991816883	3.0	1.50482816462657	1.8560751683111874	1.1276713076319813	0.5294117647058824	0.6470588235294118	0.45454545454545453	0.058823529411764705	0.054844500622015756	0.20497893953642035
3t0e	28.0	0.3125	-3.7319852038225223	49.178509784218626	49.178509784218626	NaN	NaN	NaN	NaN	NaN	NaN	-0.8688056061358238	-0.5286237373221416	-0.5012742388372498	-1.4475697870893052	2.7199999999999998	-7.959999999999999	-1.8923153314539303	-5.67	32.0	14.0	55.0	0.0	0.0	4.0	0.0	0.0	0.0	1.0	28.0	50.0	4.0	2229.0898862949543	1.0	14.512351142532511	-0.7366201571929902	-0.004976023270201829	0.6762883875031236	0.35285163874579595	0.9302386582051656	-0.10075594029349028	4.416442170861366	6.438453265041327	9.245794672349309	0.0027227762586001375	-0.1860922334716846	0.9825285069221407	0.011856334435428877	-0.9675481888350557	-0.2524082590654003	4.6373146935362355	5.386018641215796	3.0	1.3214081794751524	3.779094290911412	1.0642875308830684	0.4375	0.7666666666666667	0.391304347826087	0.3333333333333333	0.027783969808382554	0.05530468896376288
3tf7	18.0	0.0	NaN	NaN	NaN	NaN	NaN	NaN	NaN	NaN	NaN	-0.26283345495280497	0.161071122671832	0.0	0.5999253733771336	-1.4599999999999995	-14.95	-0.6871032288917437	-8.93	13.0	4.0	34.0	0.0	1.0	4.0	1.0	0.0	2.0	1.0	8.0	28.0	2.0	1343.369950354263	0.0	13.436918042772906	-0.05097284832037424	-0.03309357261213475	0.9981515836971004	-0.17435033662509172	0.9814866799689825	-0.07928339555868702	6.662966769375393	5.700185634809873	NaN	NaN	NaN	NaN	NaN	NaN	NaN	NaN	NaN	1.0	0.4068073760153097	1.6256881767495655	1.0997186487216255	0.5384615384615384	0.3333333333333333	1.0	1.0	0.0876900006501701	0.35698776685866795
3tfk	23.0	0.4444444444444444	-6.177050349791258	63.974953661646104	63.974953661646104	31.131242361158325	3.3583219851001034	-0.18291742760430055	0.3813586087149148	-0.04484418835419554	-0.030046284818988016	-0.6721684782634118	-0.9273794887029749	1.4590444900705308	-0.1405034768958563	-0.45999999999999974	-12.459999999999999	-2.0676601860892516	-7.619999999999999	18.0	6.0	40.0	0.0	1.0	3.0	0.0	1.0	0.0	1.0	13.0	34.0	5.0	1618.1431942789022	0.0	13.050698759247876	-0.007813033422994262	0.06467961891383847	0.997875494865288	-0.3250646036564729	0.945361436158094	-0.024995161414375633	5.875582631357247	5.254367665098795	15.301165577457104	0.6883679717993736	-0.009406325461284379	0.7253006661457195	0.15602372018355937	-0.9650422707683075	-0.21059443008496936	5.692486997975362	5.1597133160581015	2.0	0.9481613386793519	2.5713450489264984	1.1638627814092746	0.5555555555555556	0.7222222222222222	0.23076923076923078	0.1111111111111111	0.11233974888219622	0.49805424841545776
3tjh	22.0	0.37037037037037035	-17.569827699697917	30.11471407992355	30.11471407992354	30.80354951808363	2.679034758780764	-0.35509067108022246	0.26071482326422196	-0.19965690709800848	-0.11669671991026098	0.09573427387147734	-0.8546738289993884	-1.59770053730156	-2.3566400924294713	0.5100000000000001	-14.700000000000001	-8.821618708615752	-8.17	27.0	6.0	33.0	1.0	0.0	4.0	1.0	1.0	2.0	0.0	20.0	28.0	3.0	1611.2310495561214	0.0	14.14259119901291	0.3530352996664301	0.40124760205943716	0.845202010698962	0.3276839196005806	0.9408167672507097	-0.08652779286956941	7.098974785724206	5.614107536533656	14.913291236649167	0.7915061591621345	-0.037737000673275484	0.6099950152701923	-0.47154121442854224	-0.8644934022092631	-0.1740690674718335	4.321992388982076	5.243902480656484	0.0	0.0	2.5593822788461194	1.2126471789939097	0.6666666666666666	0.6666666666666666	0.5555555555555556	0.25925925925925924	0.48375863881037096	0.990752255212103
3tpu	31.0	0.34615384615384615	-8.163341028376562	63.46233704916359	63.46233704916359	29.518419892913013	3.3529376645396187	-0.1718547303973579	0.29896787379290896	0.10082542415245323	-0.03344756516974536	-1.1794180851382983	2.04621528159286	0.10484183890451448	0.9716390353590751	-0.6000000000000001	-20.89	-1.9108725649593128	-15.100000000000001	26.0	7.0	56.0	0.0	1.0	8.0	0.0	1.0	3.0	1.0	19.0	45.0	4.0	2197.488367031481	0.0	11.626680731198109	-0.10024177257009065	0.06502637197546265	0.9928359168602319	-0.14801412728196145	0.971171831057777	-0.1868611578882434	6.137750906002124	5.594278635373746	14.028542404820012	0.6668786910171427	-0.045383562660094905	0.743782994942055	0.12955988790290915	-0.9787085373333544	-0.15919746862784137	4.544308324807804	5.264843584406117	6.0	3.545881309128646	3.2494914984876018	1.0601209305268582	0.5384615384615384	0.6538461538461539	0.058823529411764705	0.3076923076923077	0.20843540429911817	0.6321343081691312
3uts	20.0	0.4117647058823529	-3.660565142357815	58.00265746189097	58.00265746189097	31.91486550848165	3.3773060283948326	0.07135562186970203	0.00573857108073562	0.16802356337012447	0.07719067115334652	-0.1484654787908288	-0.45712640173847824	-1.6617838616948417	-2.3887096349032535	0.7100000000000001	-5.88	0.43724054686259883	-4.989999999999999	17.0	7.0	23.0	0.0	0.0	1.0	1.0	0.0	0.0	1.0	12.0	21.0	4.0	1311.3835482915165	0.0	14.113681490724636	-0.4735372121095523	-0.0048584828568867255	0.8807604122291918	-0.22038894076590293	0.9494627374078992	-0.22349323184771916	4.541656419083498	5.259779438839554	14.724775954199743	0.35341505763378295	-0.22346982694475148	0.9083826469870323	0.2885595192959328	-0.956877290517426	0.0334552586458714	6.998551169615908	5.199283199128212	4.0	2.092214675171403	1.465435820698259	1.2692033944472327	0.7058823529411765	0.875	0.42857142857142855	0.25	0.16611123287297275	0.5628723499812222
3utt	17.0	0.35	-5.414687865580728	69.12099533301968	69.12099533301968	31.041142552432724	3.626510488849252	-0.0016639354849058488	0.009168354412911259	0.15653359752361345	0.12100962224787232	0.11059563734978217	1.0336802274149661	-1.6617838616948417	-0.5175079969300933	0.35999999999999993	-5.920000000000001	2.690578361250543	-5.94	20.0	7.0	25.0	0.0	1.0	1.0	1.0	0.0	0.0	2.0	14.0	21.0	5.0	1341.849205881641	0.0	13.533989122906071	-0.40076957042044203	-0.06483586985983268	0.913881863950017	-0.39283978665808417	0.8956753731701158	-0.2084287109112034	4.2186192916063625	5.2233151909057	14.559764530890398	0.4158951108837743	-0.16356094281392264	0.8945831848360604	0.46996538171239266	-0.8826425922054448	0.008636784069594963	6.670755418729598	5.295027953903872	3.0	1.4311187162750003	2.525785472467852	1.2498506793052049	0.6	0.8	0.5	0.3	0.13998601721000803	0.6182455537155461
3vxm	28.0	0.3333333333333333	11.972396170455301	68.132502881035	68.132502881035	31.480147100922075	3.5855205043513125	-0.06498052232010895	-0.022348235410552867	0.27764985944261517	-0.14800928886932485	0.020324752448535717	0.41108344884649	-0.13511422017963287	0.29629398111539285	2.97	-15.829999999999998	-4.688506734370455	-13.029999999999998	27.0	8.0	40.0	0.0	1.0	4.0	0.0	1.0	3.0	2.0	23.0	32.0	1.0	1852.855652932587	0.0	13.032321580097758	-0.30514490380182807	0.31923242639853566	0.8972052415506787	-0.3312609600029201	0.9385214216192802	-0.09717878969516841	7.650946355517804	5.361200516589216	14.33755373071127	0.4480604833379337	0.08220354439264776	0.8902159178653061	0.300834519736879	-0.9226405484791492	-0.24131516667961037	4.850822685967585	5.447104550522827	4.0	1.8852247398895625	2.0930943514635754	1.1889490758359729	0.6666666666666666	0.5555555555555556	0.2	0.3333333333333333	0.02847413031084629	0.13356654608261914
3vxr	24.0	0.4827586206896552	-1.9773914256832386	75.87963287729303	75.87963287729303	30.249763722100447	3.6185784374014296	0.018508585366238058	0.04537652642745653	0.17652522740629759	0.09767412525122983	-0.5503914238146362	-0.4932941186472774	-1.030680589714661	-2.215865694450275	1.29	-15.13	0.8449959761961017	-12.830000000000002	29.0	9.0	38.0	0.0	1.0	7.0	1.0	1.0	1.0	3.0	24.0	26.0	3.0	1823.987294144932	0.0	13.837678525819014	-0.5100942150105207	-0.0571224109313751	0.8582196233119206	-0.49431205507558795	0.8399680609158443	-0.2238509514529249	6.819742786464087	5.237720172065387	13.164797711323462	0.3869437822025132	-0.039647754505650806	0.9212505440028532	0.38394457770299767	-0.9233356240666425	-0.006155176235296433	4.003816988697294	5.162052986766554	1.0	0.43106424686973543	1.8332532776910413	1.2045020937430215	0.6896551724137931	0.8214285714285714	0.043478260869565216	0.0	0.41943726082430316	0.8965076962237075
3vxs	25.0	0.5	-2.0163632760185686	77.65343359712942	77.65343359712944	30.26695236687449	3.6477757730402227	0.013628631172738907	0.05843022568741212	0.1686934099555597	0.09520064878894825	-0.1723823178223109	0.3172699243099761	-0.18950478038252583	-0.04461717389486064	1.9499999999999995	-13.98	2.4696172814520825	-11.89	26.0	8.0	44.0	0.0	1.0	9.0	0.0	1.0	1.0	3.0	22.0	30.0	3.0	1919.7938189300767	0.0	13.809269247994694	-0.4749597164779455	-0.0623106989021803	0.8777987493615383	-0.5048718652093562	0.8382270244329153	-0.20610641633154078	6.92247843022064	5.300318796054578	13.277442886448398	0.41100239104682007	-0.030361424372357143	0.9111285410485432	0.39686195499666077	-0.9176314695143598	-0.021285545596231248	4.093084023307387	5.238133356623117	2.0	0.8680575716417529	2.0135895352793534	1.173982159501958	0.7307692307692307	0.8076923076923077	0.047619047619047616	0.0	0.13937399604002898	0.5178842212817878
3vxu	33.0	0.23076923076923078	-7.032648633688201	78.84292593930323	78.84292593930323	27.858152791834083	3.8170547717682886	0.11719920187187925	0.12504605522531764	0.0839875857865164	0.07973545630166573	2.787842001765547	-0.007847326327759974	-0.5819582273051969	2.1980364481325902	6.72	-12.009999999999998	4.332765417486094	-10.249999999999998	26.0	7.0	71.0	0.0	0.0	11.0	4.0	0.0	0.0	1.0	19.0	59.0	3.0	2279.419871932656	0.0	13.4891795676117	-0.5536861439619511	-0.034128686457451644	0.832025772796112	-0.6696159293462371	0.7427072521910988	-0.0006666133128760601	6.597286180154443	5.966337677791849	11.36228212609225	0.40334366472191796	-0.04984960257523249	0.9136897203513694	0.5870022361553844	-0.8095754365106264	0.003998370537405994	3.3664396060482233	5.259659198096337	9.0	4.670024210213464	2.361550660313388	1.1707582088874042	0.6153846153846154	0.6923076923076923	0.4444444444444444	0.5384615384615384	0.008822985380641184	0.25808386218202617
3w0w	27.0	0.23076923076923078	-7.657061949945377	74.4166856056677	74.4166856056677	29.267822280004758	3.722558283134512	0.09101439514709964	0.10306100236148605	0.11372216109959211	0.07374675333612704	2.489986249613635	-0.04606853914795736	-0.5545759038173319	1.889341806648346	3.69	-13.82	4.245502028581436	-11.84	26.0	7.0	48.0	0.0	1.0	8.0	0.0	0.0	0.0	2.0	22.0	37.0	4.0	2083.933062691507	0.0	13.696443875148654	-0.5582655258388092	0.004823279556154934	0.8296483221752562	-0.5400064438239917	0.8320947879889612	-0.12653578171737861	6.6116321306208405	5.328448466798198	12.374539391082356	0.37579112747372617	-0.06412296274861122	0.9244832470081562	0.38555496130208816	-0.9220492457255139	0.03424266191092248	4.075403692084526	5.2964659353893415	3.0	1.718974606706983	1.7550596596596786	1.2277052919667535	0.6538461538461539	0.6923076923076923	0.3333333333333333	0.5384615384615384	0.0526131884698613	0.18201029322980264
4c56	7.0	NaN	9.955497113878039	89.14825779105563	89.14825779105564	NaN	NaN	NaN	NaN	NaN	NaN	0.0	0.0	0.0	0.0	1.01	-7.029999999999999	0.0	-0.8700000000000001	0.0	0.0	9.0	0.0	1.0	2.0	0.0	0.0	0.0	0.0	0.0	6.0	0.0	472.3421876792345	1.0	19.051813305538307	-0.6379458477560809	0.0504089735255335	0.7684295872842877	-0.7394633748646751	0.6667558684514855	-0.09290063906510504	8.237642792528584	5.25561363523513	18.507624480474828	0.06940685572846735	0.1096887818701667	0.9915397417157131	0.6321646809825463	-0.7657206223701685	-0.11848942666575418	11.774227515018747	5.499064040233795	0.0	0.0	0.0	0.0	0.0	NaN	NaN	NaN	0.0052436240150824	0.023264674255427813
4e41	29.0	0.4	-2.551768263841062	72.20920524077277	72.20920524077279	NaN	NaN	NaN	NaN	NaN	NaN	-0.744861611330674	-1.518605991939948	0.21614126720779397	-2.0473263360628278	2.07	-12.830000000000004	-4.410569078257776	-6.250000000000004	20.0	8.0	41.0	1.0	1.0	5.0	0.0	0.0	1.0	4.0	15.0	31.0	3.0	2059.769465097321	1.0	11.766010693608957	-0.5509468242882788	-0.03856676936268258	0.8336487275451242	-0.42912837958603545	0.8531842593927852	-0.2965222638797526	3.69576862769242	5.237324597333162	13.473908401926252	0.31580344422819007	-0.050605214705967766	0.9474741667769839	0.2945072583557347	-0.9515900752995187	0.08798751604266897	7.242256838133168	5.1561522063924095	1.0	0.580905822283051	1.4742144386806046	1.2556501639585365	0.65	0.75	0.3333333333333333	0.2	0.7056260897610213	0.9878922359267046
4eup	24.0	0.25	1.9809248192300695	52.25805616403334	52.25805616403334	29.798256145841062	3.3479760405865417	-0.06896931995359076	0.14244741560159727	-0.021997691527947737	-0.12740425252627088	-0.978946491969491	0.0	-1.3408678872411706	-2.3198143792106616	1.86	-11.36	-3.001977566515772	-9.029999999999998	20.0	7.0	43.0	0.0	1.0	2.0	0.0	0.0	2.0	3.0	13.0	37.0	5.0	1819.8969907754072	0.0	13.192135612138221	-0.2182038965606599	0.25859290417347147	0.9410190058044893	-0.23268995601299913	0.9723530067857046	-0.01962177872974606	7.959213945725729	5.48020922008715	11.505553042894407	0.48242804236441666	0.07721852024878673	0.8725253485699973	-0.1001415394452286	-0.9532480470558828	-0.28511371850718886	4.2375334835546115	5.2536344065578335	0.0	0.0	0.7659475844255206	1.5096565514357676	0.85	0.7	1.0	0.5	0.5518821724913854	0.7869402054485336
4euq	25.0	0.38461538461538464	3.860516655222328	54.172248333810245	54.172248333810245	29.89540299172524	3.364976713525516	-0.06972982614723397	0.1533194975715586	-0.033233894007776196	-0.15237059965565206	-0.9861510416007873	-0.157213877268082	-1.1322183945161137	-2.275583313384983	1.17	-6.11	-3.148106102961404	-5.11	26.0	9.0	36.0	0.0	1.0	0.0	0.0	0.0	2.0	2.0	19.0	33.0	5.0	1738.184919837866	0.0	13.22199035415106	-0.20039867223249624	0.25314397228370467	0.9464451919221822	-0.21218067735662088	0.9761201799332218	0.04656988427502081	6.277347679368143	5.521316971393916	11.752715365734053	0.49683921023727456	0.1221673215426907	0.8592007591638362	-0.00398807199151574	-0.9417384209280493	-0.33632252592007805	4.495887424888959	5.148350772143158	3.0	1.452537476810222	1.7695950331428913	1.2124463251583801	0.6153846153846154	0.6153846153846154	0.875	0.23076923076923078	0.2906710662534711	0.5991509993073331
4ftv	26.0	0.4642857142857143	7.809061939402075	51.9533291850386	51.95332918503859	31.124916690937738	3.345468254230597	0.10519217406969947	0.01853032293130605	0.08186997444541941	-0.14142918688685743	-0.51365670882273	0.1550104885858618	-0.28110371419633906	-0.6397499344332074	0.9899999999999998	-14.270000000000003	-1.5920819836172573	-12.500000000000004	28.0	8.0	45.0	0.0	3.0	6.0	0.0	0.0	0.0	2.0	20.0	34.0	8.0	2060.7627612961587	0.0	13.455816295410868	-0.4421346873390608	0.1411139108249911	0.8857786305136475	-0.1764116844128051	0.9644265031539322	-0.19687670569762458	4.183514647798528	5.397149083090403	12.361270132144005	0.30387934404171224	-0.06014001481870233	0.9508104557274226	0.0018054061631789051	-0.9725448387200663	-0.2327085663055929	5.001969780013354	5.625219020117534	3.0	1.7646028653184147	1.8449114810913576	1.3155920764711733	0.7857142857142857	0.7142857142857143	0.2	0.07142857142857142	0.765513963992204	0.9890780054428632
4g8g	26.0	0.48148148148148145	-3.944205492858531	62.90574930742977	62.90574930742977	31.527633122732745	3.383903179372682	-0.3535371873408692	0.1378207876183651	-0.0010116245105024704	-0.04203941246330355	-0.2847209768571149	-1.4100069409608664	-1.0976941000616607	-2.826256019450524	2.73	-3.0599999999999996	-3.9632736451894637	0.6000000000000005	27.0	7.0	32.0	0.0	0.0	7.0	0.0	0.0	3.0	1.0	22.0	24.0	2.0	1771.0505782859873	0.0	14.208126835973621	0.12400720208076882	0.2349901616263425	0.9640548934734787	-0.289203473720776	0.933764493493465	0.21082035266282004	8.012521629373929	5.2376180014856955	13.858904776210943	0.8126624567437088	0.1503714468440957	0.5629992533112113	0.10790406021641279	-0.9282827921893725	-0.35587606151947476	4.342077421303759	5.693110152061611	5.0	2.337795192210385	3.118033896779331	1.0438582086437602	0.5925925925925926	0.72	0.4444444444444444	0.04	0.44015659303012405	0.7133470958914718
4g9f	26.0	0.45454545454545453	-4.136096801001849	62.23652805395659	62.23652805395659	31.986073511499274	3.376706620433589	-0.35102669836982286	0.14189882331703335	-0.012897932563505554	-0.044853535768637216	-0.4583781330380089	-0.987095920603851	-1.2802122926494246	-3.198205989779592	1.13	-3.2100000000000004	-4.389444673603018	0.06000000000000005	22.0	6.0	34.0	0.0	1.0	6.0	0.0	0.0	4.0	1.0	17.0	26.0	1.0	1742.1467069350583	0.0	14.434734682389681	0.11748732724573921	0.23404954779126125	0.9650997549356252	-0.30726741301101296	0.9236609808793389	0.22899154772417787	8.236691781843637	5.355858863172566	14.012478132597051	0.8062747670031023	0.1542652941577613	0.5710719910569793	0.08536735334900535	-0.9279478999666306	-0.3628017496858294	4.518394289142143	5.640049216866013	4.0	1.7112213001121108	0.6403605874920957	1.2350191081114121	0.8181818181818182	0.7	0.42857142857142855	0.0	0.6889051524306262	0.902609731605037
4gg6	18.0	0.4375	0.8509893191291716	62.03081084578454	62.03081084578454	NaN	NaN	NaN	NaN	NaN	NaN	-0.59397423795731	-1.0070342778595127	-0.6907609001886776	-2.2917694160055007	-2.650000000000001	-5.07	-5.195113358255014	3.4099999999999984	16.0	6.0	37.0	0.0	0.0	2.0	0.0	0.0	1.0	2.0	11.0	33.0	4.0	1675.3664122517148	1.0	13.455070587215648	-0.3928485983147422	0.07249917552054377	0.9167408838937757	0.2742440019326057	0.9404904952368363	0.20066852153753506	6.544343962507235	8.435243179830653	13.162611335656365	0.39914599514520144	-0.042674437206968334	0.915893753017603	0.2418629942953199	-0.9631690956717178	-0.11750567972060431	6.365238093045374	5.452158527803061	4.0	1.8806788156039858	1.6008268999339976	1.278624219381638	0.625	0.75	0.0	0.125	0.3884584824863957	0.8213951373615536
4grl	25.0	0.3076923076923077	-8.31542166075756	45.93019050592772	45.93019050592772	NaN	NaN	NaN	NaN	NaN	NaN	-1.1858116022819751	-0.7390578675762945	-0.286637983324613	-2.63541929399179	-0.43000000000000027	-16.22	-2.410376101423509	-8.7	13.0	7.0	37.0	1.0	2.0	5.0	1.0	0.0	3.0	3.0	6.0	27.0	2.0	1734.4712557284183	1.0	13.48705909824125	-0.3857933447343487	0.0439936460162868	0.9215357042028202	0.039547274895535355	0.9672129005654699	-0.2508689252512988	7.367262115029212	5.3860966249171085	14.35838573719738	0.36555674942260086	-0.2122944487540631	0.9062556647218812	-0.13577623017403573	-0.9900272890010994	0.03756037746467669	7.088279234233965	5.030523382588491	0.0	0.0	0.5369368580840841	1.265710801074962	0.6923076923076923	0.5454545454545454	0.6666666666666666	0.2727272727272727	0.91234355368272	0.9982259655032671
4h1l	26.0	0.38461538461538464	-2.8002282416040862	75.68793824622225	75.68793824622225	NaN	NaN	NaN	NaN	NaN	NaN	0.08883615614508766	0.4227072051912755	-1.5393419400593698	-1.2432760735290223	0.43999999999999984	-7.040000000000001	-6.628558454150227	-2.9800000000000013	26.0	8.0	47.0	2.0	1.0	8.0	0.0	0.0	0.0	1.0	22.0	37.0	2.0	2143.4712323262283	1.0	14.718687915961274	-0.6197114742812009	-0.054653863033772565	0.7829244176571736	-0.3393389455976523	0.8913475444313407	-0.30058049613277776	4.650350506058752	5.242930926927161	11.331794574166947	0.16119523906430822	-0.01384825220510194	0.9868253749460285	0.4226874202242794	-0.9045975072102692	-0.05512435343349803	4.0983598169308735	5.106611050696519	0.0	0.0	2.9370403062236057	1.1363386323008735	0.6153846153846154	0.7916666666666666	0.47368421052631576	0.25	0.571418701419806	0.9988750237012152
4jfd	28.0	0.3333333333333333	3.3926047156671664	62.540561320787226	62.540561320787226	28.7784017594161	3.521910201584961	-0.0008419317751831919	-0.04692020401210935	0.1673350634770959	0.013989135088800423	-0.8138808427220396	0.139293636279648	-1.9176253458251524	-2.592212552267544	-1.8100000000000003	-9.429999999999998	-2.6391210600531787	-7.229999999999997	30.0	9.0	54.0	0.0	0.0	6.0	0.0	0.0	1.0	5.0	23.0	43.0	6.0	2293.2225220880464	0.0	13.651255871772552	-0.48727297051076796	0.07612351494880201	0.8699254350431106	-0.1704462061461701	0.9734482621819814	-0.15279584840730762	6.056190186667475	5.336906978830187	11.489800274000187	0.3710717400890503	0.0047472922236997395	0.9285920669216164	0.15857544700030535	-0.9871967258798573	-0.017217771641990343	4.711231164770617	5.548963308439318	5.0	2.2648575859590787	3.8151017714845055	1.0588080865274756	0.4666666666666667	0.7333333333333333	0.8181818181818182	0.3333333333333333	0.7719963929155528	0.9319840166985243
4jfe	30.0	0.3333333333333333	3.4552551048143694	62.2084237897606	62.2084237897606	28.85858610060039	3.5190494516513446	-0.0016817626423614367	-0.05230650668716888	0.1692952906839603	0.011063017758574437	-1.0725513487923313	0.0302839047637626	-0.6508521666663101	-1.6931196106948787	-1.3299999999999998	-7.880000000000001	-1.4346099621910104	-5.82	27.0	9.0	54.0	0.0	0.0	6.0	0.0	0.0	0.0	4.0	21.0	44.0	6.0	2405.0570253351834	0.0	13.610529817045204	-0.48550212095799944	0.07312197584835983	0.8711721225144724	-0.20890415671218923	0.9618380825841213	-0.17671037273540477	5.938664380035624	5.449830026980714	11.58028350785942	0.37737938761227635	0.002973044009178999	0.9260539717759411	0.1748105066153571	-0.9843913532555316	-0.020370322865153417	4.764857148342611	5.571117540919706	2.0	1.2507450680237402	2.6331498539709384	1.1452705422632505	0.5555555555555556	0.7037037037037037	0.8947368421052632	0.3333333333333333	0.648005853487874	0.892814503204091
4jff	29.0	0.35714285714285715	3.323434030332517	62.2253013193451	62.2253013193451	28.725509217535564	3.528636150938115	-0.002073063618013127	-0.04076497159492828	0.17179366087499656	0.012820862207749441	-1.0394628847845018	0.0302839047637626	-2.1487585866126997	-3.1579375666334397	-1.11	-9.66	-2.6778951719465085	-7.08	28.0	9.0	56.0	0.0	0.0	7.0	0.0	0.0	1.0	5.0	20.0	44.0	7.0	2330.400179816217	0.0	13.584773571933724	-0.4898467615961326	0.07539152847514766	0.8685426111830895	-0.175050345983364	0.9725405625577097	-0.1533695868928937	6.051298261437198	5.444515129934168	11.504885153903123	0.37237965493566627	-0.0022701868259786817	0.9280777115457143	0.1506404436327648	-0.9880966877137521	-0.03118320229831026	4.7031380828793115	5.46958085858517	3.0	1.6443257338193216	2.81823114988729	1.161793495345916	0.5357142857142857	0.6785714285714286	0.8947368421052632	0.2857142857142857	0.8918447339681749	0.9675821696950911
4jrx	27.0	0.4444444444444444	-10.553738836386115	83.3729326541174	83.3729326541174	33.11573487522064	3.9600771029300055	0.2033070286458216	0.15463704138077775	-0.09391723569889429	0.04630046224032889	-1.6978572588587864	-0.693768505331247	-0.337476018360643	-2.5202683074109276	-0.7500000000000002	-10.970000000000002	-3.599968083162539	-7.960000000000002	36.0	7.0	31.0	0.0	0.0	4.0	0.0	0.0	0.0	1.0	26.0	26.0	10.0	1738.411353269952	0.0	13.86442946798742	-0.282239698235759	-0.04779545766160259	0.9581525696998633	-0.4751828886940147	0.8713843700670421	-0.12202664269769506	4.0115564478635175	5.446558219855617	14.374791737939558	0.44499744782536677	-0.07070521047366563	0.89273626816751	0.6613452188659443	-0.7162537080399474	-0.22271759434324434	4.232061964138359	5.374326033545795	3.0	1.3371105223145947	2.916572794630509	1.2652346762667142	0.6666666666666666	0.5428571428571428	0.5789473684210527	0.08571428571428572	0.6166777561081666	0.9508943858195105
4jry	25.0	0.0	10.791208732598264	77.72162651815472	77.72162651815472	32.82946882481034	3.687448400315963	0.3988051879246215	-0.3484304597062196	-0.15611182339993637	-0.13394937354472097	0.0	0.0	-1.2659907015068157	-1.2659907015068157	-0.6899999999999998	-11.130000000000003	-3.5580272768577084	-7.070000000000004	19.0	7.0	58.0	0.0	3.0	9.0	0.0	0.0	0.0	1.0	12.0	45.0	7.0	1913.8796450959853	0.0	22.681476686021316	-0.8577734774658416	0.09432644774750695	0.5052991020408769	-0.7013184674574494	0.7115498445275109	-0.04300262305710767	10.662486900036415	5.4612351827953916	13.580622732834506	-0.47725502306101286	0.17380279780585162	0.8614059613739748	0.5196386807072766	-0.8430351548230227	-0.13880694814164496	4.4029870422747965	5.090023767111564	7.0	3.422565888251915	1.098486765460497	1.4116956500057474	0.7894736842105263	1.0	1.0	1.0	0.6591031536661146	0.949922848843063
4l3e	27.0	0.4583333333333333	1.7216225449921918	54.21764034942771	54.21764034942771	28.89856093303744	3.345612337735989	0.016790738670584133	0.04384982075650581	0.11632725121007202	-0.008938666384159175	-1.4403587807274463	-0.1269299725043194	-0.19785411953858423	-1.7651428727703502	-0.16000000000000011	-9.610000000000001	-0.45014363009468594	-7.6800000000000015	24.0	9.0	52.0	0.0	0.0	2.0	0.0	1.0	1.0	2.0	20.0	47.0	3.0	2209.121533831152	0.0	13.205317816768767	-0.4005645547469391	0.20973777489790996	0.8919406387814192	-0.09672399539111091	0.9918096871802851	-0.08341470354135627	6.046943523746179	5.494010411590278	12.240555444188876	0.3192356297553573	-0.05656142134289571	0.9459859502904788	0.11215214924588945	-0.978608341356742	-0.1724749525568342	5.13250068925704	5.167266675211005	2.0	1.3444539764004046	1.099227913969937	1.1924720268282025	0.625	0.5	0.6666666666666666	0.08333333333333333	0.13268453729609617	0.4729752392716826
4may	20.0	0.4166666666666667	-11.063372678835771	43.908540290655054	43.908540290655054	NaN	NaN	NaN	NaN	NaN	NaN	0.36728734644661964	-1.1800074726758767	0.0468643089762177	-0.7658558172530394	-0.9500000000000002	-15.78	-0.7035048708448874	-8.26	12.0	7.0	34.0	1.0	1.0	6.0	1.0	0.0	2.0	2.0	7.0	25.0	1.0	1640.7249245737185	1.0	13.688293793924808	-0.3242418548345372	0.06856633972546672	0.9434860234704066	0.08435174622406776	0.9677835803163105	-0.237233480358212	7.147807466550475	5.315979766317846	14.455351275547821	0.4129295317861371	-0.20663938616972252	0.8870114800406614	-0.16445880320791037	-0.9861582408802845	0.02110036965376144	7.032435666005779	5.104649410644648	1.0	0.5278705790868741	0.7473525233661253	1.1311609433507022	0.6666666666666666	0.5833333333333334	0.7142857142857143	0.16666666666666666	0.6156705875693724	0.988476170357117
4mji	29.0	0.5	-9.480821203206565	65.44786876128916	65.44786876128916	28.10976099618839	3.4776049565100835	-0.029249908653408745	0.1389310003527652	0.210960961505324	0.04554708771761642	-0.2008191422725819	0.22561736768025886	-1.0984017634244105	-1.0736035380167337	6.19	-10.159999999999998	-3.681248967087927	-4.959999999999998	20.0	8.0	68.0	0.0	2.0	9.0	0.0	0.0	0.0	4.0	17.0	53.0	3.0	2172.9308388511818	0.0	11.992921019747316	-0.2857825401852388	-0.09878657114236827	0.9531891485536547	-0.30281261453131075	0.9220749682103887	-0.24100264126980114	5.094910544828928	5.242439489365953	13.760232858884219	0.5600158271676372	-0.12737950019466923	0.8186310134038148	0.3091198295399372	-0.9502201273411308	0.039072243211357924	4.719285123469352	5.109370053948964	6.0	3.804556260789709	2.6706866682413977	1.0913095094430874	0.6	0.8	0.125	0.0	0.1264103212411975	0.3863468633450342
4mnq	32.0	0.37037037037037035	-5.006707044615904	64.81690883428605	64.81690883428607	29.474417380314087	3.528137193597056	0.08097349323809289	0.2277241146285356	0.17664682705960252	-0.037567274453536845	-0.08797468764251196	0.5086463624574317	-0.06568905717183093	0.35498261764308886	2.28	-15.649999999999999	-1.7771116420079345	-13.999999999999998	27.0	8.0	60.0	1.0	2.0	6.0	0.0	0.0	1.0	1.0	21.0	51.0	4.0	2495.124777687244	0.0	12.721571646635331	-0.4632445665374445	0.09137954597731601	0.8815068065496157	-0.3897963044555239	0.9064049762079641	-0.16275398543293235	6.024108109182077	5.495210039742099	13.61233307400761	0.48903803384714617	-0.08869636383458918	0.8677411805063271	0.2357014766729691	-0.9714210614806946	-0.028034529198810998	5.048055932015872	5.283968124907878	4.0	2.1021662841273296	2.3889669834857448	1.2054278599021861	0.5925925925925926	0.7407407407407407	0.5	0.25925925925925924	0.46839252602184245	0.9886877086296044
4ms8	18.0	0.09090909090909091	-3.5920397607283467	85.52624467389028	85.52624467389028	29.705485408376852	3.7166105696017393	-0.07996770674258155	0.25820093839752445	-0.053143559966794825	0.024277863053143136	-0.10163596010659899	0.0	-0.6412272695644601	-0.742863229671059	0.9299999999999999	-11.91	-4.2359993047792495	-3.350000000000003	11.0	4.0	39.0	0.0	0.0	5.0	1.0	0.0	2.0	0.0	8.0	34.0	0.0	1513.9757604692932	0.0	13.615087157987388	-0.19697153822119928	-0.1305699018262969	0.9716757245711917	-0.42845711728174585	0.9034006181174395	-0.017082782974661228	7.452365973050909	5.532720473672269	13.782196970781584	0.5695304393474924	0.05770911085676289	0.819941910769086	0.5018557790269154	-0.8217206510150907	-0.2700295324150006	5.093155340730022	5.314060295078773	3.0	1.6812333557611527	0.28524313550016744	1.1512695747721124	0.5454545454545454	0.7272727272727273	1.0	0.8181818181818182	0.12780588909578325	0.31530254006061725
4mvb	24.0	0.125	-5.167904959723217	81.65062332182755	81.65062332182757	29.698372130415727	3.6720032087614998	-0.09848759125573182	0.21528898152941275	-0.04256231020610723	0.02415883505925511	-0.7137924461867701	-0.229675253177425	-0.8388410376189307	-1.7823087369831256	0.1299999999999999	-9.96	-4.735373424482308	-1.8000000000000025	16.0	4.0	37.0	0.0	0.0	5.0	0.0	1.0	2.0	0.0	12.0	31.0	2.0	1592.4407440719988	0.0	13.089293248544417	-0.21015165148134154	-0.09914007819750911	0.9726291832563219	-0.4561646338080038	0.8890961463855996	0.03770767780196162	6.922477043943825	5.264967811114402	13.404946218946026	0.5959894370875518	0.04245482585075003	0.8018691779167264	0.4853837986659114	-0.8386335212950632	-0.24717682854347828	5.064895269506779	5.207241626082066	2.0	1.2191264581489314	1.44704493307318	1.103601730211603	0.5625	0.6875	0.8181818181818182	0.75	0.17215958047098895	0.32604184363227157
4mxq	18.0	0.16666666666666666	-8.190233361248296	68.91863566916506	68.91863566916506	30.515319879569642	3.4296852186725166	-0.14267434529263723	0.3382486991910684	-0.02317611218134093	-0.013671859129223193	-0.5466070703420174	0.161071122671832	1.711331411355126	1.3257954636849405	-0.7500000000000003	-11.800000000000002	-0.023551902983194983	-2.9200000000000053	12.0	5.0	36.0	0.0	0.0	6.0	0.0	0.0	2.0	1.0	7.0	29.0	3.0	1565.9588018959075	0.0	13.570973086769081	-0.018971369193697362	0.0091126698334935	0.999778498594588	-0.2800812667748154	0.959682846554152	-0.023734314276188342	5.948872223271586	5.596398032712471	15.128668557889101	0.6818010715644068	-0.015507619790699978	0.731373237417021	0.22433814335907143	-0.9456840879860994	-0.23527431390246828	5.717078253695083	5.237983308753146	2.0	1.0337830073090784	0.7421653629623939	1.2708921714674848	0.75	0.4166666666666667	0.6	0.6666666666666666	0.12711440990373757	0.25499526849168597
4n0c	21.0	0.25	-9.73850066024223	66.55355054181001	66.55355054181001	30.842184377071415	3.3754426041803463	-0.17590446880857008	0.33329323984344217	-0.03401312544640524	-0.023641228341714664	-0.7946895700034794	0.14922460862499062	0.9651563284867369	0.31969136710824797	0.7299999999999999	-14.870000000000003	-0.7388479602249165	-7.300000000000002	16.0	7.0	36.0	0.0	1.0	4.0	1.0	0.0	1.0	0.0	13.0	31.0	1.0	1529.935063715846	0.0	13.461916688794467	0.05092945146170684	0.06946888993944268	0.9962832248692254	-0.3006456424437474	0.9532276057135001	0.031134049259563056	6.677068285126422	5.524901942801319	15.504316842192356	0.7448560855423038	-0.03508141322129917	0.6663022633519986	0.24099441623283513	-0.9567698067160226	-0.16282883014881305	5.7020815914796765	5.354054970153838	3.0	1.8498329974466738	1.568451766007838	1.2065472576921308	0.6875	0.5625	0.3333333333333333	0.5	0.059845524733905794	0.23876970179226434
4n5e	25.0	0.5	-9.588635225688993	66.05068776993339	66.05068776993339	30.482939651221503	3.37199680388941	-0.18563020488919843	0.34045708904721456	-0.02224353517269359	-0.04206398510700023	-0.3597623182147428	1.3249182790122331	0.5050810469799343	1.470237007777425	0.27999999999999975	-19.979999999999997	-2.6141567185648453	-12.229999999999997	22.0	8.0	46.0	0.0	2.0	5.0	0.0	0.0	2.0	1.0	16.0	38.0	4.0	1743.579172654263	0.0	12.959928235390516	0.0300549794931314	0.03820601674272907	0.9988178003710186	-0.356934055709145	0.9340612258959466	0.011300698271087359	7.037513139352342	5.385500272102221	14.679416369883027	0.7343168433122649	-0.014211091478720888	0.6786581012340814	0.17925707873803365	-0.9527546771865769	-0.24520486218306126	4.706820109361463	5.219298173811767	5.0	2.383885441852119	2.6133110577765533	1.038297842406038	0.5	0.7727272727272727	0.058823529411764705	0.0	0.11582051348113097	0.395293349920047
4nhu	20.0	0.0	0.4279808167818061	120.4205671727241	120.4205671727241	31.01896989222446	4.236928332100686	-0.24792708038904507	0.0387915110789431	0.455496462576866	0.0575153418566476	-0.37054464173800267	-1.2725422357059581	0.0	-1.6430868774439606	0.2899999999999999	-11.31	-2.8660754922306313	-8.02	21.0	7.0	24.0	0.0	1.0	4.0	0.0	0.0	2.0	0.0	16.0	19.0	3.0	1449.697530706173	0.0	11.759782938206415	-0.6597084483959635	-0.052266941125860555	0.7497018939620366	-0.8037834494716035	0.4264028328609486	-0.4148647853377272	4.812579700550849	5.400014332535862	15.866570847971161	-0.1376904963235348	0.43603993035352695	0.8893314940073913	0.9008583274674501	-0.40125546347583885	0.16567536472768124	7.903881341267658	5.185544565562702	2.0	0.885365770560111	1.0390190804781727	1.264678516194722	0.6666666666666666	0.47619047619047616	1.0	1.0	0.2521261077630363	0.430018137969207
4ozf	24.0	0.07692307692307693	-9.737657528338321	63.72316612934834	63.72316612934834	NaN	NaN	NaN	NaN	NaN	NaN	-0.46916985912244297	0.0	-1.8272162580812852	-2.2963861172037285	-1.94	-1.5300000000000002	-4.5317898365720035	3.4699999999999998	13.0	5.0	44.0	0.0	0.0	7.0	0.0	0.0	1.0	2.0	10.0	35.0	2.0	1687.2630832768082	1.0	17.512795828480566	-0.43227913476215757	-0.005449205171877872	0.901723380920154	0.17067858289300733	0.9765499449069003	0.13122128703659064	10.41098043311393	7.341458704908869	11.778079172695236	0.15361817742577072	-0.018230109716560555	0.9879621037743805	0.028187711789288507	-0.9996019034415544	-0.0012194921107918089	6.835266086113391	5.275695223521203	4.0	1.9870701502793464	0.9050338074424338	1.2228033558071574	0.6153846153846154	0.7692307692307693	1.0	0.8461538461538461	0.22485401817539719	0.38970978667118056
4ozg	28.0	0.23076923076923078	-4.345050426637586	59.387039417642455	59.387039417642455	NaN	NaN	NaN	NaN	NaN	NaN	-0.470813244866173	-0.236054412177114	-1.4642663329910695	-2.171133990034357	-1.8799999999999994	-2.21	-5.237226257107732	4.17	13.0	5.0	53.0	0.0	1.0	9.0	1.0	1.0	1.0	1.0	9.0	41.0	2.0	2061.937415355638	1.0	16.251636029639528	-0.5298781503827611	0.040820466508020806	0.8470908069020389	0.18242945052995435	0.9659815577920667	0.18330064182936934	7.721609675516603	6.899102635843384	12.364913322722224	0.21757334254974897	-0.03525750998885639	0.9754069655479026	0.03969071949765106	-0.9970384448175337	-0.0658709796217107	6.756724870945622	5.191172536457663	3.0	1.3481802541354222	0.44266079389041213	1.3789196457738144	0.7692307692307693	0.8461538461538461	0.6363636363636364	0.5384615384615384	0.571542279850073	0.9595622765688121
4ozh	29.0	0.26666666666666666	-3.621410082917455	55.764221703745534	55.764221703745534	NaN	NaN	NaN	NaN	NaN	NaN	-0.5087195152604249	-0.236054412177114	-0.39851246003771845	-1.1432863874752577	0.5299999999999998	-1.4100000000000001	-4.879483933376984	3.5600000000000005	15.0	6.0	54.0	0.0	1.0	10.0	0.0	0.0	0.0	1.0	11.0	42.0	4.0	2039.9138832434364	1.0	16.68479428974568	-0.6063444750610884	0.036699166079290246	0.7943548002323072	0.21827241954256088	0.9544948923288967	0.20321577476676048	5.572745135115885	7.379248014516829	12.027980728260976	0.06588137991593009	-0.042653648818219106	0.9969153975421315	-0.013956295273918357	-0.9988535659351327	-0.045790558667298906	6.887208230098103	5.293329831756724	0.0	0.0	1.2664399285978027	1.2442362880136466	0.7333333333333333	0.7333333333333333	0.6363636363636364	0.4666666666666667	0.2675289112435737	0.6764398659192378
4ozi	31.0	0.5	-1.2134529307511337	68.60653340981469	68.60653340981469	NaN	NaN	NaN	NaN	NaN	NaN	0.12134072659237741	-0.15618806590343318	1.9509548605048561	1.9161075211938	-2.33	-7.8100000000000005	0.2994219070724442	0.14999999999999858	14.0	8.0	49.0	0.0	0.0	5.0	0.0	0.0	0.0	1.0	14.0	43.0	0.0	2044.710391508761	1.0	14.093385558204556	-0.5161793025247834	0.0648587462025987	0.8540212354175652	-0.16860277952029246	0.9677737149657399	0.18704849386429995	7.198334701902504	6.610719456208079	12.429032801313545	0.3183067961166446	0.08039926429394821	0.9445722532903639	0.24579851095677208	-0.9506053504775792	-0.18955885438219777	6.251478160955184	5.2612060813080115	2.0	0.9495854446398759	1.4915610979360738	0.9992379010095954	0.42857142857142855	0.6428571428571429	0.3333333333333333	0.0	0.006764065897654794	0.02363119340045359
4p23	19.0	0.4444444444444444	-2.471781100757267	64.72424165621635	64.72424165621635	NaN	NaN	NaN	NaN	NaN	NaN	-0.276668344457147	-0.9947246306113093	-3.3505181474297276	-4.312589874942922	-0.5200000000000002	-0.8899999999999999	-2.50995414045712	5.060000000000001	18.0	6.0	32.0	2.0	1.0	6.0	0.0	0.0	0.0	1.0	12.0	24.0	4.0	1576.491431090075	1.0	13.846885523124532	-0.4372063569170836	-0.09484157134214682	0.8943465087270185	-0.1659164136200865	0.9552217610084189	-0.2449961848992668	6.299141405119024	5.373058240241901	14.404941063143221	0.3289075578084205	-0.05324601335537313	0.9428598413016744	0.31664769338341425	-0.9459505870133633	-0.07008369859822156	7.479487626640892	5.06546929629696	0.0	0.0	1.8875542566531376	1.3034842137289568	0.6666666666666666	0.8235294117647058	0.2857142857142857	0.17647058823529413	0.9090854744554077	0.99983354160728
4p2o	31.0	0.48	-0.13655934124143906	67.42960421784012	67.42960421784014	NaN	NaN	NaN	NaN	NaN	NaN	-0.857181605253275	-0.623715581816771	-0.13533355370768632	-1.6162307407777323	1.88	-12.96	-2.599770862039102	-7.56	25.0	9.0	61.0	0.0	2.0	8.0	0.0	0.0	2.0	4.0	18.0	47.0	5.0	2224.160048837457	1.0	14.859458739185708	-0.7539616584673031	0.006682759050922971	0.6568844328784984	-0.38872607742325976	0.8415159913734176	-0.3751571305597312	4.0750026770628685	5.20659032684909	13.50259561822716	0.032136187606570416	-0.10563519681314806	0.9938855419474836	0.2199465724380017	-0.9706311457205085	0.09746119143724631	6.12718976935997	5.080013163116258	2.0	1.2687599018010274	2.079108925707327	1.2777331182603844	0.64	0.76	0.05263157894736842	0.04	0.4858379045667871	0.8726041726201588
4p2q	27.0	0.44	-3.0262421916877775	60.27169920607355	60.27169920607355	NaN	NaN	NaN	NaN	NaN	NaN	-0.003239108664451984	0.5670694874992308	-1.351876519358923	-0.7411818315479264	3.5999999999999996	-9.87	-0.3239128727090799	-5.659999999999999	25.0	8.0	47.0	1.0	1.0	8.0	0.0	0.0	1.0	0.0	16.0	38.0	7.0	2078.8490358666604	1.0	10.697507294926998	-0.4249003768027577	-0.04664815558117519	0.9040373992190752	-0.4317622986919047	0.8454466893257312	-0.3143266017799671	3.9793651642016976	5.715901089920021	14.044344284947492	0.5433215469846822	-0.11153601020291254	0.8320825769524208	0.12005624826250914	-0.9916215807044365	0.04767743230988372	5.259611399161582	5.225996204066633	3.0	1.5487575710493706	0.7494218880991559	1.5164602846932647	0.76	0.875	0.14285714285714285	0.16666666666666666	0.491378564854144	0.9848393475356769
4p2r	26.0	0.46153846153846156	-1.7032195251301612	59.126864252875194	59.126864252875194	NaN	NaN	NaN	NaN	NaN	NaN	-0.6245016568970616	0.27969653033863406	-0.3615545116086808	-0.6594953291908906	2.7	-10.089999999999998	-0.9292684892687791	-6.209999999999999	26.0	9.0	44.0	0.0	2.0	7.0	0.0	0.0	3.0	0.0	19.0	35.0	4.0	1957.463450067793	1.0	10.207392470918725	-0.33470512739791813	-0.0399317147977378	0.9414764657976955	-0.4000651913764961	0.8598148921391602	-0.3172793620093627	3.8967977412192325	5.754662997274192	15.005982760732143	0.5810043490302726	-0.11106433227919724	0.8062869590722681	0.09593960148373358	-0.9923870526548004	0.07722389666715945	5.0751646766984315	5.350439500664058	0.0	0.0	2.3663284646804734	1.2010192165895317	0.6538461538461539	0.84	0.047619047619047616	0.12	0.23197919293973512	0.7061786779085086
4p46	19.0	0.42857142857142855	-1.46116637625146	65.83296283759549	65.83296283759549	NaN	NaN	NaN	NaN	NaN	NaN	-0.276668344457147	-1.2156618173649691	-2.4135911075108156	-3.9059212693329313	-0.27000000000000035	-0.05000000000000032	-1.8079681062073534	4.51	14.0	6.0	34.0	1.0	2.0	7.0	0.0	0.0	0.0	1.0	11.0	24.0	2.0	1535.8958839177249	1.0	13.258196377800056	-0.3660269470200546	-0.0996301067133218	0.9252557028954861	-0.207918017049061	0.9429346572063514	-0.26008523611082224	6.239888461658204	5.225959270600524	14.989224602998583	0.38486965671728496	-0.052338936049098145	0.9214857475718974	0.34143420498557203	-0.9376918827232085	-0.06447182611501759	7.520020274793683	5.287229388340098	6.0	5.657629793819325	0.24032324205462086	1.464568567950419	0.8571428571428571	0.7857142857142857	0.2727272727272727	0.14285714285714285	0.7667112584640045	0.9957764772426644
4p4k	24.0	0.3684210526315789	-7.261980768665479	69.3476736322748	69.34767363227482	NaN	NaN	NaN	NaN	NaN	NaN	-0.3687735306048213	-1.1625062440170844	-0.20590959132705777	-1.673217128308036	0.4500000000000002	-16.040000000000003	-1.9897291857928374	-10.790000000000003	19.0	8.0	37.0	0.0	1.0	4.0	2.0	1.0	2.0	1.0	11.0	30.0	4.0	1897.4487762256867	1.0	12.899133759329136	-0.4313296678337212	-0.0026742179661224386	0.9021904267113855	-0.3340669421574396	0.9066050603742288	-0.25781105929313924	4.744445415692187	5.441172218217879	14.377925299527936	0.33727099688950735	-0.04639420176403192	0.9402637143699282	0.3935264231743258	-0.9193070507671076	0.0033912057159209974	6.914347825414206	5.034032148346505	2.0	1.2350707126184095	1.8860322674545995	1.2055371412660059	0.631578947368421	0.8333333333333334	0.4666666666666667	0.3333333333333333	0.7008539802394461	0.9828060943286376
4p5t	25.0	0.38095238095238093	2.6154644992600544	68.53688338382698	68.53688338382699	NaN	NaN	NaN	NaN	NaN	NaN	-1.020482136981822	-1.418714693210073	-3.475357268810319	-5.914554099002214	-0.68	-0.8400000000000001	-5.117246718995652	4.029999999999999	21.0	7.0	43.0	3.0	3.0	4.0	0.0	0.0	0.0	2.0	15.0	34.0	3.0	1958.4107533501701	1.0	13.459889965217396	-0.384639708131699	-0.10167237078879444	0.9174502841015189	-0.20065420835333364	0.9673391336032199	-0.15489638120457938	7.875201399339472	5.561822595867176	14.170294982726405	0.2873388365176579	-0.017826378327246775	0.9576631000113099	0.36469438372782387	-0.9295990663220629	-0.05332524711730845	7.126000940209905	5.122823996921056	2.0	1.2090489667607316	1.715795565671009	1.2593057378508443	0.6666666666666666	0.6190476190476191	0.07692307692307693	0.23809523809523808	0.9913464853978969	0.9999991857908223
4prh	28.0	0.4444444444444444	-7.675214439753507	64.51954586403123	64.51954586403123	30.67493281553369	3.558138396080466	0.02975196139515186	0.06652882952980517	0.29294132054547994	0.023558346336647735	0.6660136687684012	-1.2420032881827403	-0.7904211144823017	-1.8465699457803113	-0.3100000000000002	-11.430000000000001	-2.4051236975723875	-7.200000000000002	36.0	10.0	37.0	0.0	0.0	5.0	0.0	0.0	0.0	2.0	28.0	30.0	8.0	1982.962940822792	0.0	10.882566911367624	-0.2899870678077032	-0.04955436359033963	0.9557467579697388	-0.32267736972175054	0.9150546117377684	-0.24198010710051385	3.8486119431139745	5.340184700386949	14.734021280839777	0.5407029624112591	-0.17460382979448918	0.8228935586848674	0.2412169689456548	-0.9696851648527784	0.03905194704475307	5.969930801659572	5.139742385813375	3.0	1.346217259235547	3.8403764572292887	1.245940263308368	0.6388888888888888	0.6666666666666666	0.5454545454545454	0.21212121212121213	0.4628403554404675	0.8278356792361106
4pri	27.0	0.4444444444444444	-7.328658040318612	63.37477102064412	63.37477102064412	30.71707487850558	3.529779728451562	0.04366910553417192	0.059421735824069025	0.2861471017521824	0.01778003017736187	1.0193139468486692	-0.9474725550641823	-0.7904211144823017	-1.1987389345814856	-0.8200000000000001	-11.89	-3.0512622546991914	-7.7	36.0	9.0	39.0	0.0	2.0	4.0	0.0	0.0	0.0	2.0	26.0	31.0	10.0	2070.286461726395	0.0	11.013607540702914	-0.3178649421227492	-0.05162087944601926	0.9467297202438124	-0.2657803018067202	0.9196096309689386	-0.28927315363961154	4.05347938711893	5.207050444246177	14.74838720539064	0.5221448961283978	-0.1680415533832994	0.8361379931853259	0.2137108617440001	-0.9760807162061895	0.03992621476314625	6.135641219625561	5.028462016763037	4.0	1.9226812389000751	3.270151565865743	1.2506495666093513	0.6111111111111112	0.6060606060606061	0.5	0.21212121212121213	0.8289725336620961	0.9901764570323378
4prp	27.0	0.43243243243243246	-7.892453661871552	63.51562359999964	63.51562359999964	30.887682515754598	3.526774322796388	0.032070000543186254	0.04387538628150995	0.2869771750841916	0.02383122354835782	0.7521831510918786	-1.149454444946071	-0.7904211144823017	-1.6678516202201652	-0.6799999999999999	-12.39	-3.2988421941548083	-6.400000000000002	37.0	10.0	34.0	0.0	0.0	3.0	0.0	0.0	0.0	2.0	28.0	29.0	9.0	1886.8368281002804	0.0	11.126062238371047	-0.3120098780664526	-0.045896383214747906	0.9489696295546048	-0.254110502116218	0.928225270318242	-0.27170885131196365	3.824288957838667	5.3247745741467885	14.695922796021879	0.5360131848474546	-0.17528177157053787	0.825812427908838	0.23208679566380072	-0.9718045860742033	0.04161208200708437	6.084566458077627	5.0672599349397505	3.0	1.5679769604363742	3.622402391914821	1.2445905942269044	0.6486486486486487	0.6176470588235294	0.5238095238095238	0.23529411764705882	0.40468662749662876	0.8054621398946331
4qok	24.0	0.38461538461538464	4.11396105816273	68.4935154141642	68.49351541416421	28.56743345812587	3.620248563112175	0.015012343711477742	-0.047808147983537726	0.16819302727363225	0.01368472825796001	-0.8890095355931478	0.2813004762574246	-2.407012047036093	-3.0147211063718165	1.8599999999999999	-6.030000000000001	-2.8346216791536203	-4.610000000000001	26.0	9.0	48.0	0.0	2.0	4.0	0.0	0.0	1.0	2.0	19.0	40.0	6.0	2002.1295085758502	0.0	13.415682323337863	-0.5435569005310293	0.03389902026690275	0.8386875175898145	-0.31201601350756114	0.9314717677143762	-0.18709984743204586	6.1097206112359235	5.605225501130361	11.121808247139587	0.30172972481444493	0.06289172316540068	0.951316878931967	0.3385315204371452	-0.9369763974224495	-0.08643864858136308	4.811376367011851	5.330623692013548	2.0	1.1283853211808106	0.9557656578068996	1.3223542360929366	0.6923076923076923	0.6923076923076923	0.7777777777777778	0.23076923076923078	0.687892687591534	0.9372144613934223
4qrp	26.0	0.42105263157894735	-8.052259537910171	70.3111151144026	70.3111151144026	30.516389155029707	3.5742250826259205	0.02748296997029489	-0.022801368903754806	0.2760943336681084	0.14804005819109314	-0.220542769614152	-2.321182587300839	-2.0552106423416294	-4.596935999256621	2.38	-2.7199999999999998	-11.90049635011816	0.5700000000000007	19.0	7.0	44.0	3.0	1.0	5.0	0.0	0.0	0.0	0.0	16.0	38.0	0.0	2163.8412059946895	0.0	14.402926273804274	-0.4611954102475658	-0.22663002603834068	0.8578680695337598	-0.35972538342266286	0.8618299335842629	-0.3575567279960971	5.87720463340783	5.490154084242197	13.750250574326621	0.2349835531318532	-0.14006161108628482	0.9618552254429936	0.3326561158995326	-0.9424142669427593	0.034572498114859435	5.46813719778738	5.108863995932478	1.0	0.5070234797564694	1.3086147798661556	1.1758769046267665	0.6842105263157895	0.9473684210526315	0.1111111111111111	0.15789473684210525	0.9619474787126523	0.9999910748726714
4qrr	16.0	NaN	NaN	NaN	NaN	NaN	NaN	NaN	NaN	NaN	NaN	-0.628266817369406	0.0	0.0	-1.696989213436808	-0.9500000000000001	-11.65	-0.016087807088964956	-6.7299999999999995	5.0	3.0	34.0	0.0	1.0	3.0	0.0	0.0	3.0	3.0	2.0	27.0	0.0	1377.3666952550375	0.0	NaN	NaN	NaN	NaN	NaN	NaN	NaN	NaN	NaN	NaN	NaN	NaN	NaN	NaN	NaN	NaN	NaN	NaN	1.0	0.4633660032047837	0.3280286985554217	1.099839255122018	0.6	0.0	NaN	NaN	0.36906971411556566	0.6681262664781062
4wuu	0.0	NaN	NaN	NaN	NaN	NaN	NaN	NaN	NaN	NaN	NaN	0.0	0.0	0.0	0.0	0.0	-14.670000000000002	0.0	-11.920000000000002	0.0	0.0	0.0	0.0	0.0	0.0	0.0	0.0	0.0	0.0	0.0	0.0	0.0	NaN	0.0	NaN	NaN	NaN	NaN	NaN	NaN	NaN	NaN	NaN	NaN	NaN	NaN	NaN	NaN	NaN	NaN	NaN	NaN	1.0	0.40506421472083876	NaN	NaN	NaN	NaN	NaN	NaN	0.9804614203120989	0.9991227012477506
4y19	22.0	0.07142857142857142	-40.45682402265444	121.97034889245879	-121.97034889245879	NaN	NaN	NaN	NaN	NaN	NaN	-0.5804188154398294	0.208833475139749	0.0	-0.4028208783368661	3.1700000000000004	-7.640000000000001	-1.0095061625790878	-3.3499999999999996	14.0	8.0	30.0	0.0	1.0	6.0	0.0	0.0	0.0	1.0	13.0	22.0	1.0	1434.8968593965255	1.0	21.1429355322182	0.3862271790846681	0.45683769630434734	0.8013288246887431	0.28556392981746276	-0.4828433792605644	-0.8278378541192619	13.095029430354302	5.281765708275609	20.654929303394365	-0.03960031220292967	0.35428273316451453	0.934299502385655	-0.3611505165347405	0.6959662808606413	0.6206458248645258	18.21501501025551	5.1291317206962495	0.0	0.0	2.387214706189888	0.8086506891908263	0.42857142857142855	0.1	1.0	0.8	0.028815983163743196	0.027893482848020984
4y1a	19.0	0.0	-40.13584492769471	119.70921685960693	-119.70921685960693	NaN	NaN	NaN	NaN	NaN	NaN	-0.36923899742541433	0.0	0.0	-0.5615456581340319	2.1	-7.010000000000001	-1.4066538274416804	-3.4899999999999993	10.0	6.0	28.0	0.0	1.0	5.0	0.0	0.0	0.0	0.0	10.0	22.0	0.0	1281.4802734856094	1.0	20.866091289762082	0.5127106370771362	0.4489423641267073	0.7318323279443394	0.34091585390630946	-0.478004088086635	-0.8094989017688738	11.864277419522175	5.51293105090444	20.23393863714344	0.013203436859236433	0.3583488466859631	0.9334943884325714	-0.2997483357014194	0.7388524646376217	0.6035295936114407	18.51342823378036	5.286099272331982	1.0	0.5700208413222181	1.4515368697997268	0.8044230214673547	0.2	0.0	NaN	1.0	0.02036849395166349	0.02298506342292403
4z7u	25.0	0.47619047619047616	0.19989542232717836	61.86131433489332	61.861314334893336	NaN	NaN	NaN	NaN	NaN	NaN	-1.1170023822368114	-0.6135843552898043	0.41575379582512195	-1.3148329417014935	-0.19000000000000014	-4.330000000000001	-5.860471174604688	3.0999999999999996	21.0	8.0	46.0	0.0	2.0	3.0	0.0	0.0	1.0	2.0	15.0	39.0	5.0	1847.1897151836347	1.0	12.014135287701844	-0.33219465247663926	-0.012060558589958803	0.9431337421733741	-0.011694645052858473	0.9918373286589716	0.12697223491965576	7.227806622288578	6.344558714605261	12.428750374542833	0.4686854647804925	-0.07467145144053905	0.8802034476655609	0.21203138816648878	-0.9747847111166338	-0.0695518297550542	6.5656772058842146	5.219521367402056	4.0	1.8040746059932067	2.217860642610766	1.22089875324987	0.6190476190476191	0.5714285714285714	0.0	0.047619047619047616	0.22668841104548018	0.7768347780778219
4z7v	22.0	0.36363636363636365	0.7752380497355507	62.42958966617103	62.42958966617103	NaN	NaN	NaN	NaN	NaN	NaN	-1.0508476778198519	-0.7491102852793573	-0.3164044621167058	-2.1163624252159154	-0.7799999999999999	-4.550000000000001	-3.838112564026296	2.799999999999998	22.0	8.0	43.0	0.0	1.0	1.0	0.0	0.0	1.0	1.0	15.0	40.0	6.0	1839.6503452042743	1.0	13.457688138047937	-0.3616479079059044	-0.014402804771390533	0.932203491611883	0.08806403089036265	0.9872920720046738	0.13228412871415263	7.07878362345173	6.443358558300648	12.950736662322202	0.43330473798988167	-0.03313854456184196	0.900638018709743	0.21137875909128515	-0.9735583807017976	-0.08662043171398606	6.76827526734676	5.263085062895391	0.0	0.0	2.2858500492112124	1.252681338713227	0.5909090909090909	0.6818181818181818	0.3333333333333333	0.2727272727272727	0.28196443971928303	0.7779604348825004
4z7w	29.0	0.37037037037037035	-0.3363876375909927	69.24188233951327	69.24188233951327	NaN	NaN	NaN	NaN	NaN	NaN	-1.3138264806147024	-1.2767298071576894	-0.7516517166913064	-3.6268084103780716	1.9100000000000001	-4.6499999999999995	-5.104479225739929	2.8200000000000003	27.0	12.0	56.0	0.0	4.0	9.0	0.0	0.0	0.0	2.0	23.0	41.0	4.0	2309.993399248102	1.0	13.961392149420739	-0.6852137529560708	-0.025575826418129728	0.7278928421956314	-0.43888530667033643	0.8914416269902152	-0.11274534531884556	3.795002793885285	5.451715095252442	11.548515854603679	0.1324997603776345	0.06669584652647925	0.9889365386023531	0.3812725219601239	-0.9124451777814663	-0.14857678542731864	7.9852291966893425	5.3533232580862915	0.0	0.0	3.519045369714693	1.0151677351474369	0.5185185185185185	0.7692307692307693	0.1	0.23076923076923078	0.874527984985951	0.9894894984683251
4zez	27.0	0.3181818181818182	-5.496633088930646	50.167056348721644	50.16705634872165	30.112666888911885	3.2550506790836664	-0.13024248482100642	0.07215152460927635	0.24928601889488178	0.11175468149951785	-0.31958741665619056	1.4745388115787146	-0.14652058876179191	1.008430806160732	1.35	-8.61	-5.686114573962996	-6.489999999999998	22.0	9.0	48.0	0.0	4.0	8.0	0.0	0.0	1.0	0.0	17.0	36.0	4.0	2154.0833312480536	0.0	12.601133243921238	-0.15361601967637153	0.01136461031060862	0.9880652630128037	0.031534328779485574	0.9636082132450536	-0.265452061794129	5.35202105673966	5.489238160369304	14.452486559129953	0.5024132465693147	-0.18685921697374	0.8441946236296803	0.0915125596692343	-0.9957918463406076	-0.004904057888772351	6.248174396008802	4.992847336576616	1.0	0.7939225051526773	1.4175002737319415	1.2989911292769447	0.8181818181818182	0.5454545454545454	0.16666666666666666	0.36363636363636365	0.5924684249359566	0.958657220867964
5brz	23.0	0.4666666666666667	-8.120343253250772	79.34853605886083	79.34853605886083	31.53105447610112	3.7754701888279687	0.17927160643278514	0.13854452550242222	0.24577482751961707	0.13423381999343123	-0.4532712517023136	-0.820986548262071	1.5062462199472093	-0.014693895971520363	-0.8600000000000002	-7.1000000000000005	-0.5800496256961853	-6.550000000000001	15.0	7.0	41.0	0.0	1.0	7.0	0.0	0.0	2.0	2.0	11.0	31.0	2.0	1799.2074794349464	0.0	15.263455802759607	-0.6086547905948464	-0.1715281162211607	0.7746724798910388	-0.6021918824108601	0.6923184910368556	-0.3975676588269957	7.278611967918041	5.2391999903984	14.728580892701258	0.18784805706557828	-0.030156421182205573	0.9817350444913221	0.4968335803549833	-0.857615731763137	0.132859511072985	6.919807840616034	5.242809507022407	2.0	1.2076638580803887	1.801148819410876	1.0362268430564374	0.4666666666666667	0.7142857142857143	0.2	0.0	0.27280688973358747	0.6924001282318973
5bs0	24.0	0.47058823529411764	-8.50667392562094	79.27574299481915	79.27574299481915	31.645705926585574	3.800411323291438	0.2045028222624759	0.1315537401625552	0.21656311844679962	0.14206668474949802	-0.3322234160953187	-1.050661801439496	2.3329558658515515	0.7033883323623918	-0.9300000000000002	-3.42	-0.17680656591901645	-3.1299999999999994	17.0	6.0	49.0	0.0	1.0	8.0	0.0	0.0	4.0	2.0	10.0	38.0	3.0	1918.367623829883	0.0	15.151090274605677	-0.5998048391167594	-0.17172059958218433	0.781502521121493	-0.6027599179285238	0.6993563887733345	-0.384162885305449	7.230553337882283	5.340280591876475	14.598374906718732	0.2084877654153643	-0.03256897015518681	0.9774825388303041	0.5528232492186869	-0.8217088291234056	0.1384956853845578	6.6788121068786594	5.078761235682565	4.0	2.396330804802234	1.8257487472216631	1.0710785832555672	0.5294117647058824	0.6875	0.09090909090909091	0.0	0.2569964268606108	0.7649657637763949
5c07	22.0	0.4090909090909091	-6.975700561265651	64.45746363520604	64.45746363520604	31.24174737953484	3.5434617616726567	0.010936620061023429	-0.00827866653584681	0.1441915240528268	0.15405249854621625	0.35699275702604216	-0.39078403810139006	-0.8048713003989477	-0.9599964741534006	0.3099999999999998	-7.369999999999999	1.9618543068068386	-5.679999999999999	22.0	9.0	31.0	0.0	1.0	1.0	1.0	0.0	0.0	2.0	16.0	27.0	5.0	1645.837640422782	0.0	14.104760640751529	-0.443947592562177	-0.05236891497358129	0.8945211186221045	-0.34942046327547793	0.9085220439262267	-0.22911358574062488	4.4908897635797835	5.354234554536558	14.322681457857575	0.4140316187828789	-0.20070760046116773	0.8878593794208128	0.3877267731223201	-0.9217605318017987	0.0050468826644245735	5.862999797441078	5.102166132466309	6.0	2.9539545678408197	3.844527250120874	1.0735571789977678	0.5	0.8095238095238095	0.5294117647058824	0.23809523809523808	0.25249583085729443	0.7504655075474023
5c08	22.0	0.3333333333333333	-5.017265236003137	67.25709268085457	67.25709268085457	31.131678305917934	3.5467979596182992	-0.008867053352855907	-0.018478399898738843	0.15098324298949573	0.12183270121162612	0.16220080708762966	-1.091009543372934	-1.6617838616948417	-2.711926490659251	0.28999999999999987	-2.79	0.26560231670241174	-1.8299999999999996	21.0	8.0	28.0	1.0	1.0	3.0	1.0	0.0	0.0	1.0	15.0	23.0	4.0	1528.9139832715955	0.0	14.0365986141899	-0.44034342720784714	-0.044540971657690276	0.8967239083553822	-0.3992321747574674	0.8941514381892072	-0.20274830664069304	4.537952765533561	5.306064798731245	14.524416067604985	0.41729474151364	-0.1620339774000126	0.8942091974114881	0.4399321495967542	-0.8977135768663124	-0.023875453248785983	6.500651830618789	5.085999954738169	4.0	1.9954067403929088	2.885289035473345	1.1239410257567881	0.5238095238095238	0.8	0.5	0.4	0.5689328650910358	0.9883254417072768
5c09	21.0	0.35	-6.9682720781730465	66.22267154808392	66.22267154808392	31.343333638563443	3.527158687149517	0.007684337242113725	0.0029465976153190115	0.1515934980633583	0.14455993569337244	-0.2899650410645288	-0.25178760604580885	-0.6553395664279837	-1.3184261062174265	-0.26	-10.170000000000002	0.9501770590383631	-9.410000000000002	20.0	8.0	28.0	0.0	1.0	0.0	0.0	0.0	0.0	1.0	15.0	26.0	5.0	1491.111538162906	0.0	14.11524550299637	-0.4504976584844319	-0.05791118828440753	0.8908973868127806	-0.3626392176151754	0.8996297997456584	-0.24322627507198463	4.367917597801373	5.381440593186026	14.36061580117577	0.4141046878628438	-0.18856146547020974	0.8904840712165906	0.443980470289522	-0.895979531279816	0.010100551105150485	5.9836586155400155	5.044536664648226	4.0	2.3631741182884904	2.998972311348891	1.1802306763627428	0.6	0.8421052631578947	0.625	0.3684210526315789	0.17230679914583322	0.4307376555092724
5c0a	19.0	0.4444444444444444	-5.9820963132556315	67.45596124186741	67.45596124186741	31.981147030807204	3.551930682326868	0.006269274366694886	0.007480801226613846	0.15195114976171284	0.1253156920677074	0.05896864757048917	-0.6165211143854753	-0.3442095246148606	-0.9017619914298467	-0.17	-11.63	2.190780536609083	-11.3	18.0	7.0	20.0	0.0	0.0	1.0	1.0	0.0	1.0	1.0	10.0	18.0	6.0	1324.2112114500233	0.0	14.481382928090607	-0.4408058056896222	-0.061424350765661856	0.8954983476619215	-0.3948790957968981	0.8828990674165251	-0.25408608006737116	4.499178778566315	5.352572212656228	14.822233546292818	0.3881587198575533	-0.16535725374821325	0.9066365240251809	0.4560971524727506	-0.8898785514159808	0.0095682205729382	6.766071898949174	5.113621401047678	4.0	2.1768489696674886	1.6068185190465978	1.3848969211885302	0.6111111111111112	0.7222222222222222	0.23076923076923078	0.1111111111111111	0.29928033811792054	0.7270151026445247
5c0b	23.0	0.45	-7.301338064094471	66.45121912377434	66.45121912377434	31.23125569870621	3.552034282144536	-0.016882956167210517	0.0065778609984639075	0.14036665077166532	0.15551994948175252	-0.7566530230513143	-1.0146137745390755	-0.8048713003989477	-2.697471990668442	1.0099999999999998	-4.8100000000000005	0.0689953703774524	-3.9700000000000006	20.0	9.0	32.0	1.0	1.0	2.0	1.0	0.0	0.0	2.0	14.0	27.0	4.0	1643.1892024175577	0.0	14.159342246814454	-0.4179951719301709	-0.051834915485061486	0.9069692264010251	-0.3972040423157778	0.8947439127279656	-0.20411339747255805	4.714324973230648	5.312567752019814	14.458275138806611	0.4521725457131475	-0.18339938594072078	0.8728714991346257	0.4358985178671116	-0.8998749087347441	-0.014752300207292277	5.71417972404025	5.134983995868069	4.0	1.8679646527431264	2.9194892822910212	1.151302389327566	0.6	0.7368421052631579	0.42857142857142855	0.15789473684210525	0.5891037035147437	0.98905717772688
5c0c	22.0	0.47619047619047616	-7.052885180878302	64.71316856204697	64.71316856204697	31.333025998294595	3.535574698850642	-0.010651147910670535	-0.01566961805130632	0.13349452956395105	0.14392680007646985	-0.31071323585961336	-1.0146137745390755	-0.6280578874133079	-2.074718790491101	1.1599999999999997	-5.890000000000001	0.7574400194326918	-4.17	21.0	9.0	32.0	1.0	0.0	1.0	1.0	0.0	0.0	1.0	15.0	30.0	4.0	1615.1313242691176	0.0	14.212255705430428	-0.4354347199206171	-0.04119921406356608	0.8992770592578656	-0.3610116963712564	0.9091173912426265	-0.20778865139355004	4.565440758159314	5.3276702134027545	14.37354119999731	0.42364549584858263	-0.1969676598081785	0.884153965493428	0.4052063011090968	-0.9140975747383039	-0.01527995431064888	5.786976718224923	5.059452477528376	3.0	1.3171612410616582	2.5155557434204305	1.1753512340036372	0.6190476190476191	0.75	0.3333333333333333	0.1	0.24534193624809333	0.9433717120571367
5d2l	22.0	0.375	-6.9307648282345165	51.035806300605294	51.035806300605294	29.401158772263084	3.188787131347967	-0.1784184888414293	0.17040101567983704	0.2896795835117414	-0.007927745534257291	-1.0912093760206072	-0.5338782286076047	-0.42666033000215065	-2.0517479346303626	1.18	-7.45	0.41877602923156365	-5.01	24.0	8.0	40.0	0.0	1.0	9.0	0.0	0.0	1.0	2.0	20.0	28.0	3.0	1824.34112544233	0.0	12.341888001928377	-0.09973039122990437	0.1486724348123244	0.9838446808465529	-0.32250963971892127	0.9334542981525522	-0.15700511196423178	5.032802651836603	5.464528847705439	16.113258346762777	0.6613856973667157	-0.1701224777835758	0.7304979820282863	0.031862609013186584	-0.9973703220566235	0.06509388946845035	6.815919918450646	5.243709834469287	5.0	3.0856727477264	2.6902908248732964	1.1192127019306668	0.625	0.625	0.06666666666666667	0.25	0.4086107723529676	0.7722941951712079
5d2n	24.0	0.38095238095238093	0.8321165288001368	83.89262526097453	83.89262526097453	29.78640718444648	3.8214380419072476	-0.17065385738804079	0.1047758252332062	0.15021989900828733	0.03748558296909875	-0.324507718359375	0.613326492532245	0.11131506539987548	0.4001338395727455	0.14000000000000007	-7.289999999999999	-4.247396432019839	-6.079999999999998	21.0	5.0	43.0	0.0	1.0	6.0	0.0	0.0	0.0	3.0	18.0	33.0	3.0	1849.1947927125293	0.0	13.373129819386312	-0.09429525857467477	-0.15872376521166537	0.9828098343106941	-0.20512933877780348	0.976751558821539	0.062276371224736254	5.274715576236994	6.68105632710531	13.77838580274333	0.6416009760719854	0.07702957461116197	0.7631609476339473	0.6074445045663744	-0.7815476770470321	-0.1421070089477604	4.371170413415961	5.229832963721351	4.0	1.823542568173345	1.2983062133144285	1.2442201753689364	0.6666666666666666	0.9047619047619048	0.3684210526315789	0.23809523809523808	0.13813601426718494	0.5381243070288801
5e6i	26.0	0.375	-15.07514508452406	84.65145492982909	84.65145492982909	30.71471593459102	3.861387455199883	0.04887545706251626	0.30190115171003845	0.1910646102859128	0.15605905456627817	0.8485445740676999	-0.28736572627813206	-2.048654154376119	-1.1742890474602852	0.5799999999999998	-13.920000000000002	-2.710777142835466	-11.360000000000001	24.0	8.0	47.0	0.0	2.0	3.0	1.0	0.0	2.0	2.0	18.0	40.0	3.0	2071.0820763491065	0.0	12.490864723012539	-0.24262303472131852	-0.25663007685811656	0.9355613643766496	-0.48259365881253746	0.7578914003118029	-0.438980620825577	4.558381797741947	5.764789896781272	15.20830718548481	0.5965390223619241	-0.012432982475966609	0.8024877666449034	0.7179299759797886	-0.6740295559256921	0.17395604885864022	6.053629915741895	5.079177997536771	3.0	2.1396262538024033	2.5741504213975954	1.0630924816025296	0.5833333333333334	0.7272727272727273	0.125	0.18181818181818182	0.7058290181476766	0.9729836631996376
5e9d	16.0	0.4117647058823529	8.755872556422064	60.56337018878759	60.56337018878759	32.78859571899213	3.4981433992294155	0.05959058686727659	0.22680202413052733	0.006564410835041544	-0.2573006386771098	-0.650470188690036	0.13648124546995777	-0.3780024062376478	-0.8919913494577262	-0.21000000000000016	-9.839999999999998	2.97725041666695	-7.529999999999998	17.0	7.0	27.0	0.0	1.0	0.0	0.0	0.0	1.0	2.0	14.0	24.0	2.0	1365.0579101054864	0.0	14.066090152966243	-0.2486742375049043	0.14456091656914202	0.9577386203238637	-0.2840342854965956	0.9588005650282716	-0.005099097837253097	4.674285726293191	5.477184074459206	15.079281696239939	0.5375438967632955	0.10782692486184593	0.8363132865109443	0.2630503518651949	-0.9179787884386612	-0.2968492142038014	4.888352459407476	5.169694164104298	3.0	1.2632783175646587	1.2520534320120356	1.1390824385050198	0.6470588235294118	0.8235294117647058	0.0	0.17647058823529413	0.08263451473935476	0.3723573372296152
5eu6	24.0	0.38461538461538464	-14.442658987650159	65.86209800743829	65.86209800743829	29.947941859266848	3.514099454085714	-0.047399258654624375	0.14903171742264112	0.2091190818541241	0.23368441006013116	-0.25871279640245326	0.1451046790923161	-1.122489141327391	-1.3574311513166333	1.44	-8.55	-2.8173988659704396	-7.82	26.0	7.0	43.0	0.0	1.0	4.0	0.0	0.0	0.0	3.0	22.0	35.0	4.0	1730.0046649572687	0.0	12.695180599824578	-0.40443423620879815	-0.0690163217110092	0.9119592621176389	-0.3699700977568429	0.8805145601167625	-0.2963380431512724	4.551279199929721	5.413442694322376	12.96464526283021	0.6374958698918047	-0.11545044303927172	0.7617546920883791	0.3374549267099145	-0.9412353311014695	0.01415003680283168	4.013747552335761	5.20844066015974	2.0	0.9191305702441284	1.9667864557240118	1.1910203409451012	0.6923076923076923	0.84	0.047619047619047616	0.2	0.11759670916153872	0.39327989717199935
5euo	21.0	0.4	-14.272650108744124	84.9601432896438	84.9601432896438	30.588729162974374	3.8475720605880506	-0.0013472518995083932	0.26714533780723343	0.201946052189921	0.15662656314097556	-3.04881002727373	-0.24692475671962155	0.18970394654379785	-3.106030837449554	-0.06999999999999976	-15.87	-5.197666189644065	-12.87	20.0	7.0	41.0	0.0	0.0	8.0	0.0	0.0	1.0	3.0	13.0	30.0	6.0	1720.5786303594432	0.0	12.55141129082697	-0.24161628869028295	-0.32294348361210135	0.9150568699663808	-0.6793446974485133	0.6402801906659684	-0.35851368052566707	4.42267855344873	5.4752666375264845	14.274730037530958	0.542079112596493	-0.029573718075062677	0.8398069008681148	0.5092591769157325	-0.8577648424553801	0.06996117061212916	5.409362033894893	5.246751052681121	3.0	1.3906429038535997	1.0604520470053065	1.3293795099552113	0.65	0.7	0.14285714285714285	0.2	0.8449121904165233	0.9420994604819645
5hhm	19.0	0.35	-14.853899023510204	84.32930119537214	84.32930119537214	30.51680893298975	3.8287784488441536	0.016932753270556294	0.24627840082779368	0.23647352160941962	0.15305600548752588	-3.185680321163767	-0.3595956182230875	0.3151913760646751	-3.5510738337917296	0.3899999999999999	-14.11	-4.992042732556637	-12.139999999999999	20.0	5.0	31.0	0.0	0.0	6.0	0.0	0.0	1.0	2.0	14.0	23.0	5.0	1419.5594658315458	0.0	12.577156065159292	-0.10550387090200858	-0.24297314321701236	0.9642784788332253	-0.6869478850122388	0.5868106319226014	-0.42866756950754303	4.191294492669822	5.098070057319147	14.40710545783593	0.5475645272731289	-0.038951299234384076	0.8358563779868454	0.5271711801224261	-0.8476958883616662	0.05917961909124819	5.523263041304817	5.164364098480285	2.0	0.8761927279580211	1.5587242413708546	1.3253063110308232	0.65	0.6842105263157895	0.07692307692307693	0.2631578947368421	0.611188101095852	0.8398044526748528
5hho	19.0	0.3157894736842105	-15.69261829945532	83.49398251116041	83.49398251116041	30.577390943243536	3.837017234172838	0.003963507154987381	0.27054225178809105	0.20644661190786473	0.1576205935766681	-2.659661566065806	0.1300775233754198	-0.681481049850938	-3.2110650925413244	-0.030000000000000138	-14.899999999999999	-4.8582469353655595	-12.449999999999998	19.0	5.0	32.0	0.0	1.0	7.0	0.0	0.0	0.0	3.0	15.0	21.0	4.0	1487.3415515803717	0.0	13.008946917627833	-0.09016076269304968	-0.22031208020018997	0.9712536352749125	-0.6928618777560676	0.6178659755762546	-0.37173115851312233	4.4383940423181	5.434314497239984	14.412660006950796	0.5605888063419827	-0.05562545349965363	0.8262239399752722	0.5329070517969694	-0.8450986355230081	0.04264234984343175	5.728261336747981	5.235010756324769	2.0	1.2892390500258206	1.780521280946337	1.2319466332019886	0.6842105263157895	0.6842105263157895	0.07692307692307693	0.3684210526315789	0.7686307157442968	0.9377932007922802
5hyj	22.0	0.42105263157894735	-6.044786001113934	68.37569185860016	68.37569185860016	31.093575007142366	3.5348237914018417	-0.0001885099313294744	-0.029086604809001916	0.18402148334686486	0.14702225042675285	-0.2697993714699338	-0.4920875708958773	-1.6617838616948417	-2.5450046967397575	2.05	-2.0200000000000005	-0.1205518209122527	-1.2500000000000002	19.0	7.0	34.0	0.0	1.0	1.0	1.0	0.0	0.0	2.0	11.0	30.0	7.0	1581.4597844734672	0.0	13.81446257345474	-0.4462679759326404	-0.08136759258442036	0.8911925764890686	-0.4275436417536753	0.8575210922165449	-0.28611887461934704	4.837262720623523	5.177226417820138	14.383531781070447	0.3733404490933048	-0.18903016461830516	0.9082315265372248	0.3124547204269628	-0.9489301803169535	0.04362980850897813	6.384415663039148	5.318970453281755	4.0	2.252352165186135	1.8295387251511865	1.3393240902225323	0.631578947368421	0.8333333333333334	0.4666666666666667	0.2222222222222222	0.46071238258829555	0.9095289860991114
5isz	25.0	0.41379310344827586	-13.306423654464108	74.4079530259408	74.40795302594081	30.252650867047418	3.677976212572415	0.03705751083951672	0.18895509696297433	0.1272103046700103	0.14127038505056952	-3.085866132347907	0.07755590151711521	0.5524916234200645	-2.6416184285810074	-0.5600000000000004	-20.96	-4.52922377640018	-16.27	29.0	8.0	52.0	0.0	0.0	0.0	0.0	0.0	0.0	0.0	28.0	52.0	1.0	1901.3388973113251	0.0	12.942438027132548	-0.3226354164977378	-0.18108002977443374	0.9290405861337228	-0.5562218553440937	0.7771226509050267	-0.29444461739313327	4.057135490390292	5.317314407119277	13.777222971623782	0.43279439840216	-0.10517863563019589	0.8953359498945164	0.40442623196465194	-0.9141286213918445	0.028430372214203872	5.195857315086614	5.169545434499981	0.0	0.0	1.8952771266219415	1.220234856561541	0.6818181818181818	0.6428571428571429	0.1111111111111111	0.14285714285714285	0.02100901332152332	0.0834388141273895
5ivx	24.0	0.36363636363636365	-16.399756851458783	45.59448646827272	45.59448646827273	30.289449052838815	3.1516463439192997	-0.14949646046052129	0.2909408004456272	-0.027021300961477944	-0.05121299646492394	-0.06997717095627695	0.46648707010170054	-0.7044074082196199	-0.3078975090741964	-0.7599999999999998	-6.39	1.0019945504584145	-5.4399999999999995	22.0	8.0	45.0	0.0	3.0	7.0	2.0	1.0	1.0	4.0	17.0	30.0	2.0	1941.8565958176769	0.0	11.53996822129967	0.03991014748521024	0.26135956552024486	0.9644160707212767	-0.08071744553394389	0.9734077151839811	-0.21438776466899004	4.817077223043478	5.44944707450293	14.318136060127774	0.7422138519927111	-0.11471753622771125	0.6602715234297953	-0.14125674654261047	-0.9860448167412683	-0.08810306784872037	4.2477179509327465	5.412449688306451	4.0	1.829956329782954	1.3502745110367678	1.2392661875165012	0.6818181818181818	0.8636363636363636	0.15789473684210525	0.2727272727272727	0.6750916251553651	0.9920625183070703
5jhd	25.0	0.4642857142857143	-15.04149817906543	67.1487958420975	67.1487958420975	31.299972113157768	3.49818743622931	0.07490113457615973	0.20155495714792787	0.07156084882475458	0.20356974658976448	-3.2222643918097313	-0.9671586233250862	-1.4437143813777156	-5.818937217682812	-0.43000000000000077	-20.589999999999996	-9.26065061049319	-15.049999999999997	28.0	7.0	60.0	0.0	0.0	0.0	0.0	0.0	0.0	0.0	28.0	60.0	0.0	2080.682921728625	0.0	12.574954032741122	-0.3647547023605279	-0.11604497354977181	0.9238439105501909	-0.2775959442258071	0.9096929104048415	-0.3088677712943866	4.8929606489368505	5.491633244572793	14.583701598497399	0.4702400908915698	-0.15318014309858846	0.8691433141556373	0.36106390429801954	-0.9306282679546852	0.05969827075690842	6.333630062988314	5.473931055280811	2.0	0.8647334968589075	2.3999795275192053	1.1182091620774532	0.5714285714285714	0.6666666666666666	0.4444444444444444	0.037037037037037035	0.21344390774704833	0.6444690102870508
5jzi	28.0	0.30303030303030304	-6.09479304446906	50.37048986685285	50.37048986685285	30.293088559408492	3.2140082789507183	-0.12830391890255993	0.07718833297938511	0.2671915377011465	0.1195691334788277	-0.7162457601663642	1.6241629950367555	-0.4302733830736834	0.4776438517967082	1.8900000000000001	-10.17	-6.311127554983523	-5.389999999999999	33.0	9.0	61.0	0.0	0.0	1.0	0.0	0.0	0.0	0.0	33.0	60.0	0.0	2171.5508754285147	0.0	12.572683687475028	-0.14670792189792797	0.01882240767497262	0.9890007595864797	0.040318149551852936	0.9514777430051741	-0.30506483084752084	5.27185032802885	5.517734947466523	14.60820637818228	0.49143560753767523	-0.18459119103809474	0.8511269797734674	0.04387748131296357	-0.9989664086213409	-0.011869317362830506	6.429682149539119	5.192773626679929	4.0	2.1237391740731946	2.458969629516232	1.1302905161034345	0.52	0.45454545454545453	0.3333333333333333	0.3939393939393939	0.0009132624355720071	0.005682704988184762
5ks9	31.0	0.45454545454545453	-0.23034132695764878	65.33212233359302	65.33212233359302	NaN	NaN	NaN	NaN	NaN	NaN	-0.7218155103620473	-0.6019708243526978	-0.3978056739425878	-1.7215920086573329	0.85	-4.4399999999999995	-3.9829255518271545	2.6500000000000004	22.0	9.0	55.0	0.0	2.0	4.0	0.0	0.0	1.0	1.0	15.0	48.0	6.0	2223.9948513292584	1.0	11.734748462681523	-0.5410218613420249	0.13617049708949563	0.8299114055740989	-0.3564742052448349	0.9175510885528956	-0.17614238704442142	4.594209920045872	5.308525900026014	12.040784143723485	0.4838859662027696	-0.00699500469732714	0.875103103328513	0.22435663990846794	-0.973045747881663	-0.05334857314580406	6.207909071673018	4.9787958625927855	0.0	0.0	1.8138911676227174	1.2640262252329604	0.6818181818181818	0.5909090909090909	0.07692307692307693	0.09090909090909091	0.4359934826166863	0.8944901844491232
5ksa	24.0	0.4444444444444444	-0.888068613159039	67.44024430945201	67.44024430945203	NaN	NaN	NaN	NaN	NaN	NaN	-0.5419963964983003	-0.7430581618271269	-0.6953995332855436	-1.9804540916109712	-3.29	-0.7000000000000001	-4.038666176140202	7.08	18.0	6.0	42.0	0.0	3.0	4.0	0.0	1.0	0.0	0.0	10.0	34.0	8.0	1794.32781949536	1.0	13.65941119657697	-0.43972823421453205	0.008773960873088502	0.8980880232464677	-0.506936579141729	0.8524398399448774	-0.12791256247377233	7.10600375240253	5.4910889322766225	14.20013659747367	0.4915976703271904	0.031595811598036365	0.8702490649678956	0.3752284116407713	-0.9173517962692349	-0.13292599665801122	6.287170066012297	5.106910045467632	1.0	0.4478933931185973	0.5130456480839909	1.6324088311453346	0.8333333333333334	0.6666666666666666	0.0	0.1111111111111111	0.7469110503317073	0.9918942904875226
5ksb	26.0	0.4166666666666667	-0.9740194314797629	57.84372920821296	57.84372920821296	NaN	NaN	NaN	NaN	NaN	NaN	-0.5457938717768435	0.27742125344480784	-1.82720969735469	-2.095582315686726	-2.66	-0.29000000000000004	-4.680928272187029	6.68	24.0	7.0	40.0	1.0	4.0	7.0	1.0	1.0	1.0	1.0	12.0	27.0	9.0	1999.786508774745	1.0	15.180376001678793	-0.46496577929524546	0.14340399459174824	0.8736372921800819	-0.30598514555753775	0.9509997719077733	-0.04441310788431987	8.011128953144107	5.297293434569729	12.042300014469633	0.3476556763602025	0.026144428357282576	0.9372577016991217	0.05199568019831698	-0.9747100974017957	-0.2173399983641749	6.615493161406768	5.336798034614165	0.0	0.0	0.9800223302869333	1.4130267603886633	0.8333333333333334	0.625	0.3333333333333333	0.16666666666666666	0.989968336795781	0.9999916834035191
5m00	22.0	0.38461538461538464	-2.5041409850199083	65.7451350802549	65.7451350802549	30.311456699289064	3.4359558674164745	-0.1520489027697462	0.10167258488699829	0.0037790326067139155	-0.05998311229017991	0.0	0.7570676644928851	-0.6267104163092876	0.1303572481835974	-1.9499999999999997	-6.9	-0.67813208071269	-4.04	13.0	7.0	33.0	0.0	4.0	6.0	0.0	1.0	0.0	3.0	11.0	19.0	2.0	1565.8568006655842	0.0	13.236709266416243	-0.20427366172163405	-0.004647929901508557	0.9789027876778015	-0.24149527126032128	0.969153227945964	-0.04921437138659196	5.45148854616995	5.407676453412874	13.147812066424567	0.5860605334173056	0.11728230124177208	0.8017343156145563	0.21034536345177307	-0.9109529855277371	-0.3548513573930321	6.252704031240983	5.144476069203889	4.0	1.8512506216112206	1.405469462116966	1.164284222746787	0.6923076923076923	1.0	0.23076923076923078	0.23076923076923078	0.5352769146869031	0.9289213525096326
5m01	22.0	0.35714285714285715	-1.9239590747433908	65.85656508076357	65.85656508076357	30.228268872864447	3.437503131249268	-0.1667252301849494	0.1008049164466619	0.0014971330626951465	-0.07529041441916007	0.0	0.7570676644928851	-0.16866094086601982	0.5884067236268652	-2.1399999999999997	-5.050000000000001	-1.0048373549602072	-2.770000000000001	14.0	7.0	37.0	0.0	5.0	6.0	0.0	1.0	0.0	3.0	11.0	22.0	3.0	1651.8196475254445	0.0	13.182203379197853	-0.2010376300923144	-0.0013075696343733956	0.9795826465371861	-0.27351646041895483	0.9610858874900823	-0.038764189357790885	5.3018805828386535	5.394894524095291	13.13520573082754	0.5984216310995184	0.12757421780285977	0.7909591457413698	0.19433372638642613	-0.914345322678283	-0.3552562924166307	6.245162060878147	5.215104013060054	3.0	1.319378961890981	1.0681420812820899	1.2747081619822551	0.7857142857142857	1.0	0.2857142857142857	0.2857142857142857	0.6465932126159232	0.9742256409705353
5m02	23.0	0.3181818181818182	-2.7608774880396103	66.11442994047286	66.11442994047286	30.320631331930986	3.431451221392914	-0.15537212148723256	0.08378957985647038	0.0034893868772530195	-0.06617638147842964	0.158901282585856	0.5947347789668825	-1.1292588515577844	-0.37562279000504584	-2.49	-6.17	-2.3471858077238363	-3.9899999999999998	22.0	7.0	40.0	0.0	4.0	7.0	0.0	1.0	0.0	3.0	17.0	25.0	5.0	1635.1562128341975	0.0	13.412616004601542	-0.20563631634192434	-0.010391552394618309	0.978573308899768	-0.2371173976011125	0.9685780221484255	-0.07504634836521129	6.152010023241134	5.510138583612679	12.586221725527597	0.6026606175513166	0.1137211443623675	0.7898529491105768	0.20177271973773778	-0.9162616728694133	-0.34605247581180565	4.634375926843661	5.198855650642567	2.0	0.838676524632719	2.2747684527842598	1.179082356832261	0.6818181818181818	0.9545454545454546	0.42857142857142855	0.36363636363636365	0.612668286893468	0.9647760182565558
5men	32.0	0.36	-3.713056746550563	61.83584994184254	61.83584994184254	29.182227625643876	3.4827387704041293	0.07543155462777988	0.2278255323771604	0.13187951363856953	-0.060175412175486095	1.168248463981879	0.9749510512488999	0.30372733516873607	2.4469268503995156	2.31	-16.009999999999998	1.8233824996900816	-13.769999999999998	25.0	8.0	56.0	1.0	2.0	8.0	0.0	0.0	1.0	1.0	17.0	45.0	6.0	2225.7233053418204	0.0	12.645309897505399	-0.47629062040224796	0.1265846233182987	0.8701284835574828	-0.4095361728461365	0.9076428948523603	-0.09200270754799494	5.887764647768384	5.580286475575802	13.601775863610845	0.49598662669547267	-0.0952749878064191	0.8630874478815533	0.15562853944380997	-0.9868863245315529	-0.04283853160325668	4.850563570899537	5.358114242942318	2.0	1.1664054649738835	2.829020295972111	1.2380724692948222	0.6	0.72	0.5555555555555556	0.28	0.18870885506169005	0.9331834525467668
5nht	26.0	0.4642857142857143	1.2652403275246875	57.960200962808436	57.960200962808436	29.006137227076987	3.377512406041111	0.03890821616629109	0.08980048002450844	0.08825799657322836	-0.03221559571949974	-2.7003771951001583	-0.47613002412738287	-1.0117841925814126	-4.374091232979234	2.0500000000000003	-9.41	-4.488608717367624	-7.74	28.0	9.0	38.0	0.0	0.0	3.0	0.0	0.0	2.0	3.0	23.0	32.0	3.0	1762.1471036438306	0.0	12.934811557514005	-0.3779107716786086	0.1508824603913838	0.9134647949652464	-0.14122724189043132	0.9899071685809012	-0.01177554195675641	4.359061007321861	5.685229543392339	11.98754961916613	0.34781233427265773	-0.007169027230153266	0.9375367646175474	0.18254947136747873	-0.9593660494337773	-0.2151568575127188	4.942984876348036	5.51675563633881	3.0	1.3233786629873756	2.571931883577857	1.1016710192699501	0.6071428571428571	0.5555555555555556	0.4666666666666667	0.037037037037037035	0.3101939700477675	0.5083051186754451
5nme	24.0	0.4583333333333333	-2.643494921513754	73.09717310595231	73.09717310595231	29.94524270207344	3.699124360786535	0.08497185025135032	0.11523387874390344	0.11162877230091917	0.021774767484611875	0.45087904351178837	0.45727267450374287	0.30119940919072563	1.209351127206257	0.5	-8.290000000000001	-1.4812426162085353	-6.700000000000001	24.0	9.0	51.0	0.0	2.0	4.0	0.0	1.0	0.0	2.0	16.0	42.0	8.0	2078.0820474361535	0.0	13.26333495286954	-0.4410361143723923	-0.007067699496408973	0.8974615274719797	-0.4467613607153422	0.879749261148444	-0.16262079729258147	5.620839856439613	5.4278706706255	12.926540121617695	0.500655104213499	0.03730949478769122	0.8648424527443928	0.3396125720841462	-0.9389851416606606	-0.05449958018835347	4.431200437554968	5.23294840204144	3.0	2.2959719126629663	1.9207961577387942	1.3142600006291227	0.625	0.9166666666666666	0.0	0.08333333333333333	0.25598203879356357	0.8541917550354017
5nmf	25.0	0.44	-2.696145134075133	74.88419094147915	74.88419094147916	29.876013636236685	3.6898198442710473	0.10471745352667584	0.11392173039548434	0.14725949727787646	0.0041449617011294565	1.0812864956586814	0.9288871088806249	-0.1952643352344814	1.814909269304825	0.5499999999999998	-9.220000000000002	-0.10208314562686538	-7.430000000000002	25.0	8.0	49.0	0.0	0.0	7.0	0.0	1.0	0.0	2.0	17.0	39.0	8.0	2026.5659597750891	0.0	13.255260831745577	-0.4595886909526894	-0.020092010562244605	0.8879045816466296	-0.49129062633688036	0.8527082422768554	-0.177544849666457	5.577037123293049	5.214497732093052	13.08962343159269	0.4842038356353126	0.04148611573329182	0.8739711365969829	0.34792926585772166	-0.9351912789121709	-0.06604920445099957	4.622286134391184	5.028735432147157	3.0	1.620373226301516	2.5058727459020433	1.2099752242904813	0.68	0.88	0.09090909090909091	0.12	0.09268807664937953	0.45847143622841185
5nmg	23.0	0.391304347826087	-2.531646878915352	74.84130252899845	74.84130252899845	29.918877065688157	3.684309939492656	0.08041918326506829	0.10448185379563175	0.10645464542261594	0.02307534806291177	0.41647761679445594	0.7854363264756633	0.39947530351181904	1.6013892467819384	0.8199999999999998	-9.96	0.029341968283673303	-8.850000000000001	23.0	8.0	49.0	0.0	1.0	7.0	0.0	1.0	1.0	2.0	14.0	38.0	8.0	2024.2096396212655	0.0	13.342914308926003	-0.45366707976817056	-0.021694776295995546	0.8909071316732147	-0.5347050194293941	0.832973009473616	-0.14229022215958023	5.640694192800747	5.5057638638485775	12.985695626519474	0.4867032009639315	0.05515328911277051	0.8718245859790204	0.376983518280511	-0.9240414765254972	-0.06348839437852044	4.452290952866125	5.199340345834867	5.0	2.2008581777193434	1.4067775607565118	1.3760608032005035	0.6956521739130435	0.9130434782608695	0.14285714285714285	0.21739130434782608	0.265458312618336	0.7821405063433229
5nqk	23.0	0.48	1.553329808763082	58.15289442594381	58.15289442594381	29.172048603717297	3.3930989770503897	0.02862536676237007	0.09350284271408864	0.08695723128645803	-0.022556434363388014	-2.7003771951001583	-0.4071371526404315	-1.0925662718228277	-4.200080619563418	1.6199999999999999	-9.300000000000002	-4.4734855557934035	-7.750000000000003	25.0	9.0	36.0	0.0	1.0	5.0	0.0	0.0	0.0	3.0	23.0	27.0	2.0	1737.6150349304844	0.0	12.883142928033948	-0.39599995304023494	0.1614161406317464	0.9039518054522833	-0.08353836623813028	0.9957130782163236	-0.039709027556413076	4.238388669871078	5.468043790210095	11.915058764856026	0.341470759517813	-0.002334788571649246	0.9398894982862607	0.16412862722768454	-0.965027848087156	-0.2044090158910536	4.665606746644132	5.508433340112014	2.0	0.9965560095256247	2.284816089372247	1.1577462034296073	0.64	0.52	0.5384615384615384	0.04	0.4670497505783547	0.7676213397591345
5sws	22.0	0.0	-34.63948889817787	120.23698291904421	-120.23698291904421	35.499372146399075	0.3063468757085195	-0.69408048664779	0.12489759917105522	0.35617762432469896	0.5470859172099215	-3.4386879259523773	0.0	0.0	-4.27726076176975	-0.43	-6.63	-5.417669982744133	-2.739999999999999	12.0	6.0	48.0	1.0	2.0	6.0	0.0	0.0	0.0	6.0	9.0	34.0	2.0	1849.269638015914	0.0	24.188027087414355	0.7003226238994389	0.40732966045263874	0.5862002815484291	0.015325748290402588	-0.10648142247084286	-0.9941965739845637	14.542642017386527	5.19101239721488	21.964489129165443	0.4617263865001487	0.10392082579015466	0.8809138470279323	-0.1455377220994614	0.3881994039818092	0.9100109855495789	14.197065515041642	5.356869467270784	0.0	0.0	1.3980779041608669	1.133678613130973	0.5	0.0	NaN	1.0	0.8074023429694951	0.9994276745211796
5swz	25.0	0.0	-32.72125994415601	120.19645052970554	-120.19645052970554	35.255713586841374	0.2904996362552179	-0.6833415412330409	0.144958359617636	0.3569451384345492	0.5350381479163344	-3.518152097306624	0.0	0.0	-4.356724933123995	-1.6599999999999997	-5.449999999999999	-5.493655889722055	-3.5999999999999988	13.0	6.0	53.0	2.0	1.0	7.0	0.0	0.0	0.0	4.0	9.0	41.0	2.0	1904.9655518705513	0.0	23.81951631521415	0.7085127166138597	0.41288284972050954	0.5723089049797802	-0.07439540881847626	-0.1605997825869806	-0.98421188399604	14.08063864972954	5.2533157288056	22.256586305770746	0.4861330408272441	0.11354880590456251	0.8664763904480288	-0.12877486081389114	0.345012286277687	0.9297223011003948	14.185889666330615	5.313592425467495	0.0	0.0	1.4312823621456574	1.204309726940073	0.6923076923076923	0.0	NaN	1.0	0.7340899155760364	0.9998549698930722
5tez	19.0	0.4117647058823529	-13.823697811723637	51.28990748822458	51.28990748822458	31.36679513093321	3.220305337840622	-0.24328327276576248	0.27965227379724844	0.23044338749731333	-0.018233240291914234	-0.5480655161451474	-0.8413330951370631	-0.34474164771503013	-1.7341402589972406	-2.62	-12.810000000000002	0.7624794899888867	-11.390000000000002	17.0	6.0	43.0	0.0	2.0	5.0	1.0	0.0	2.0	7.0	12.0	29.0	2.0	1697.889746622226	0.0	11.438200532113912	0.22467177609616398	0.255248561259987	0.9404098919224793	-0.02025541824756409	0.9567209643651864	-0.29030107472900407	5.856408565732097	5.168641213952251	16.620001834040632	0.7913604895105694	-0.14624418625377716	0.5936002135345181	0.10465017626463352	-0.993811277524813	-0.03724895812520661	7.092263692195645	5.116834947620985	1.0	0.436801108944203	1.5286861921972803	1.1365678132157264	0.6470588235294118	0.7647058823529411	0.23076923076923078	0.17647058823529413	0.8449187513905659	0.9884041848305499
5til	23.0	0.36363636363636365	-4.965307734403293	71.31067006415118	71.31067006415118	30.262537119239347	3.50949000920211	-0.15750904913891287	0.05967683271221739	0.023248871089114737	-0.05429476632986213	0.171323802584413	0.6170766887458791	-0.9528639134334684	-0.1644634221031761	-2.32	-5.519999999999999	-2.0895064241870736	-4.469999999999998	22.0	7.0	38.0	0.0	5.0	6.0	0.0	1.0	0.0	2.0	19.0	24.0	3.0	1641.227591964689	0.0	13.291607033381005	-0.20686941118192032	-0.019744895161927706	0.9781693031790657	-0.2661399576220339	0.960233506264667	-0.08438682376825354	6.115431843631203	5.292244593066255	12.715840558653074	0.612354523039663	0.13688228968249821	0.7786431639248236	0.26781157430538177	-0.8999776111365791	-0.3439727601715249	4.317432044513507	5.250009703838299	4.0	1.8384549653622426	1.700025045679415	1.1930594759416637	0.7727272727272727	0.9545454545454546	0.3333333333333333	0.2727272727272727	0.5088529192536013	0.9650263856544036
5tje	23.0	0.2857142857142857	-2.3002659024106022	68.68225661474143	68.68225661474143	30.540274320880588	3.4819249722367274	-0.1610664466259598	0.07557788960835547	0.011696782936089988	-0.055220136843769425	0.171323802584413	0.7610793812376966	-0.9885819960355473	-0.05617881221343782	-2.34	-8.01	-2.131303552865535	-6.249999999999999	21.0	6.0	37.0	0.0	5.0	3.0	1.0	1.0	0.0	3.0	15.0	25.0	5.0	1641.019932690262	0.0	13.38900294161964	-0.1881565900918865	-0.04409356741198264	0.9811487424282326	-0.29690486418398815	0.9512715292728482	-0.08324649454507993	5.882959014542993	5.483358911670739	12.77443570439961	0.6035446372449117	0.10751983801145779	0.7900464259335238	0.22518251059779495	-0.9044225624942013	-0.362370894229523	4.427964911741833	5.160064056449866	8.0	4.550297056620493	1.280375400949382	1.297500722793308	0.7142857142857143	0.9523809523809523	0.5	0.42857142857142855	0.7306609742461991	0.9944559418808352
5w1v	28.0	0.2777777777777778	-3.3857317237025732	90.28703183179572	90.28703183179572	31.74813020515326	3.871792975926451	-0.2061802490443924	0.203903305682672	0.25324484325423996	0.08096715656362553	0.0	-1.059848577887683	0.681804395768727	-0.3780441821189559	2.2999999999999994	-14.63	-3.3639973341982725	-11.030000000000001	18.0	6.0	55.0	1.0	1.0	11.0	0.0	0.0	0.0	3.0	13.0	40.0	4.0	2127.0612738966047	0.0	12.37637753327579	0.11822112505878919	-0.2505615732770623	0.960855172971015	-0.7343021429749849	0.655384878498022	-0.1768361487033373	4.37358898327283	5.401766080114491	17.50197875340082	0.8100013473120778	0.0712311859581176	0.5820858488104189	0.6254207666731052	-0.7648154537978104	-0.15461625356458436	6.972623728387291	5.266946037773659	0.0	0.0	1.8009537351853875	1.2604882707734308	0.5555555555555556	1.0	0.4444444444444444	0.4444444444444444	0.6830734727670488	0.9877234020013157
5w1w	28.0	0.25	-2.796940272575175	89.68490362023125	89.68490362023125	31.788891419788026	3.8712535593106376	-0.2157788282552883	0.19236228652887674	0.23675544913087976	0.07058831417539348	-0.166869171651459	-0.7415459966020006	0.5250439594984355	-0.383371208755024	1.92	-14.240000000000004	-3.288426166264624	-11.120000000000005	20.0	6.0	56.0	1.0	2.0	12.0	0.0	0.0	1.0	3.0	14.0	39.0	4.0	2097.3378992523867	0.0	12.173622185231132	0.1259204446468185	-0.24804086632914485	0.9605309834077947	-0.7326785842076348	0.6468108061311825	-0.21170232155639113	4.308173333309281	5.508732576776965	17.474746670778025	0.80615595986503	0.07108213906465485	0.5874179923747945	0.6760601698598251	-0.7178187670893256	-0.16636966058251396	6.704870797775044	5.247640342627644	0.0	0.0	2.188290988285676	1.1751456396376292	0.6	0.95	0.5789473684210527	0.5	0.7904445439100715	0.9948632729532285
5wkf	24.0	0.17391304347826086	-9.191670723045402	64.2032594031797	64.2032594031797	29.662423743056223	3.465417469481341	-0.018126878999439835	-0.013564930705798445	0.1647636513700826	0.15032830679556886	0.117796866400645	-0.5402317402773803	-1.1329432960335488	-1.555378169910284	0.62	-1.2899999999999996	-1.7879148305962722	0.2400000000000011	23.0	6.0	41.0	0.0	2.0	11.0	0.0	0.0	0.0	2.0	20.0	26.0	3.0	1778.452019781449	0.0	13.44137210235777	-0.3697397066384731	-0.06951337387070336	0.9265314026190443	-0.25904110586733464	0.9435279620623442	-0.2065252766684545	4.262950318383225	5.3400841211774805	12.035224004424487	0.39462022337610025	-0.20229505406063708	0.8962988286498101	0.3552394010598245	-0.9347748113607363	0.0010097546765674426	4.654866004309675	5.324108319464652	4.0	1.8543631739040727	1.9723512574080528	1.2352540264652005	0.6521739130434783	0.8260869565217391	0.5789473684210527	0.6521739130434783	0.4487928007190435	0.8284395072976639
5wkh	25.0	0.18181818181818182	-8.838438260201107	64.50720164235317	64.50720164235318	29.607097804254042	3.481131336690493	-0.03058109843653546	-0.015814171089670447	0.15540462126318394	0.1552790565169853	0.226635646434796	-0.5402317402773803	-1.3342991796377932	-1.6478952734803776	0.7100000000000001	-1.8199999999999996	-1.7015886417487358	-0.4399999999999995	22.0	6.0	44.0	0.0	3.0	9.0	0.0	0.0	0.0	2.0	18.0	30.0	4.0	1796.5680389511617	0.0	13.351502041703103	-0.3815305204880513	-0.07783586932744865	0.921073308283527	-0.34229090526036215	0.9336487918106517	-0.10553136678496039	3.7163813665121928	5.697182772645286	12.029807518160181	0.381974094283932	-0.2090389512514052	0.9002213661035984	0.29532215627895225	-0.9551284220334844	-0.022683056138163876	4.714234240135636	5.014916310504708	3.0	1.2966031855952473	1.5966512482896658	1.3200051671023216	0.6818181818181818	0.8636363636363636	0.5789473684210527	0.6363636363636364	0.5587870309994513	0.9116184659278619
5wlg	21.0	0.13333333333333333	-5.278359038276013	42.609753206327	42.60975320632701	29.889296822419105	3.0474813927852615	-0.030797389185296658	0.12558860467846686	0.11945526451660339	-0.13528053343292595	-1.8658061200102787	-0.486125169692763	-2.858580572937553	-4.9011906150853335	-0.4900000000000002	-7.410000000000001	-2.803667078042964	-5.1	15.0	5.0	49.0	2.0	1.0	12.0	0.0	1.0	1.0	2.0	10.0	33.0	2.0	2099.543762250887	0.0	14.006620588886793	-0.32889630062556774	0.1830065667313785	0.926464149239041	-0.1361409555420986	0.9890317138401331	-0.05728794703107095	7.625786584168134	5.442201268158354	13.896696380858966	0.44740667886007235	-0.09664335949685712	0.889093540991409	-0.15030476195953463	-0.9778579267474299	-0.14561027865638446	4.871925312861171	5.275432416461125	1.0	0.41997486734541223	0.8792869555204299	1.3860734389407408	0.6666666666666666	0.5	0.42857142857142855	0.7142857142857143	0.9929920797282503	0.999988827191691
5xot	13.0	0.0	NaN	NaN	NaN	NaN	NaN	NaN	NaN	NaN	NaN	-0.032552757771371	0.0	-1.2048299059608307	-1.2373826637322016	0.37	-12.73	-4.940082086118339	-7.95	12.0	4.0	22.0	1.0	0.0	4.0	0.0	0.0	0.0	0.0	10.0	18.0	1.0	966.6191134959481	0.0	NaN	NaN	NaN	NaN	NaN	NaN	NaN	NaN	NaN	13.170670990467462	0.4500495814775489	-0.5175498494391377	0.7277345171184039	0.22131142727898878	-0.8562106784681388	-0.4668238702689171	3.583685530866061	5.262937961789681	0.0	0.0	0.502443854437034	1.2407264272587786	0.6666666666666666	0.9166666666666666	1.0	1.0	0.0575449551986507	0.4091873210643479
5xov	6.0	0.0	NaN	NaN	NaN	NaN	NaN	NaN	NaN	NaN	NaN	0.0	0.0	-0.3604869781121262	-0.3604869781121262	-0.8	-14.640000000000002	-5.324852907480423	-12.210000000000003	15.0	5.0	6.0	0.0	0.0	0.0	0.0	0.0	2.0	1.0	10.0	5.0	3.0	519.5074962405597	0.0	NaN	NaN	NaN	NaN	NaN	NaN	NaN	NaN	NaN	13.45885257584416	0.48646771886743373	-0.2678086134190419	0.831641572391547	-0.10747333110502698	-0.8117360259442643	-0.5740506135485635	3.471560791904174	5.406578590646012	2.0	0.8725145559558003	0.9887833609288381	1.3083353388872871	0.7333333333333333	1.0	1.0	1.0	0.027330677137698312	0.02683688904605906
5yxn	27.0	0.2962962962962963	-6.6292543048628	49.752603788822974	49.752603788822974	29.890828071502433	3.2214236227733726	-0.14398694058211906	0.07350097408415292	0.2590723837112257	0.09806096312219208	-0.3841947622973445	1.398799686984233	-0.347545747043218	0.6670591776436703	0.7699999999999999	-6.830000000000001	-5.723340890081404	-4.540000000000001	27.0	10.0	51.0	0.0	3.0	6.0	0.0	0.0	1.0	0.0	22.0	42.0	4.0	2157.805025268408	0.0	12.335050388767284	-0.1285137648184519	0.03793291864533094	0.99098199064014	0.07135542589908693	0.9545569836531531	-0.2893602733385675	5.249629660265814	5.446866030893048	14.12570010635004	0.5136997749524668	-0.17579823416672422	0.8397663496092592	0.012312076776968023	-0.9992428776111346	-0.03690642103596123	5.352986992036848	5.061064607798414	1.0	0.5037292705200542	2.325415903287331	1.158333455941524	0.5555555555555556	0.48148148148148145	0.38461538461538464	0.4074074074074074	0.2376165127897975	0.7852880260268437
5yxu	26.0	0.2962962962962963	-4.436295137513916	50.65615815692987	50.65615815692987	30.085442293916543	3.2655281080013228	-0.1420913955257395	0.08606625387100797	0.2426869696144748	0.0840466865148456	0.1683505714353517	1.6241629950367558	0.1974780988108355	1.989991665282943	1.9699999999999998	-7.170000000000001	-0.020456297285896374	-5.280000000000001	27.0	9.0	44.0	1.0	3.0	3.0	0.0	0.0	1.0	0.0	20.0	38.0	5.0	2048.6708842697662	0.0	12.249851697728632	-0.13896118896705195	0.054712859924302915	0.988785260183676	0.1112705488252265	0.9767589691999198	-0.18319601712436423	5.114580178217189	5.533840980721293	14.7442522163771	0.5209096885943637	-0.16919745972778438	0.836675155490195	0.09110543218864234	-0.9937881901899045	-0.06391269730536461	6.774226156425709	5.155337287848716	1.0	0.6470156674735823	2.930279860919099	1.1133886154673955	0.5555555555555556	0.5555555555555556	0.3333333333333333	0.4074074074074074	0.14313774616337607	0.9542371764833563
6am5	28.0	0.4090909090909091	2.2848428922443955	54.00802497471614	54.00802497471614	28.981373724198026	3.3527955507799025	0.020890590464486446	0.015133225034484873	0.13167495982659108	-0.013679002911954107	-0.29921594094252246	0.0302839047637626	-1.1609828677129035	-1.4299149038916632	1.7799999999999998	-9.999999999999996	-0.6796470087513988	-8.599999999999996	22.0	9.0	48.0	0.0	0.0	6.0	0.0	1.0	2.0	2.0	17.0	39.0	3.0	1998.5721701167568	0.0	13.44718681282882	-0.43552087523472816	0.1966234550554755	0.8784422485332168	-0.11452879556732357	0.9900935482825944	-0.0812275831980511	5.8951962995008875	5.511411766708935	12.508935375930545	0.27600386187055104	-0.06387954681725687	0.9590314236619558	0.12061730359781964	-0.983470040930878	-0.13504867374817173	5.045436291711007	5.22100140301242	2.0	0.8577786779246086	2.2563330304620086	1.0741102114796268	0.5454545454545454	0.5454545454545454	0.8333333333333334	0.18181818181818182	0.1323214705046577	0.2781380226901115
6amu	26.0	0.4782608695652174	0.09672549316952755	55.65291882387934	55.65291882387933	29.454821796239635	3.4200453188193705	0.06638943272292418	-0.005839074400693684	0.1168196460212858	-0.00043250465399786444	1.2180333827798087	-0.6755948582563938	0.7153078936893669	1.2577464182127815	1.2000000000000002	-17.58	1.4168795332283106	-14.849999999999998	23.0	8.0	37.0	0.0	0.0	3.0	0.0	1.0	0.0	2.0	19.0	31.0	4.0	1660.6319782815954	0.0	13.703430122398192	-0.5136733888401691	0.1475597342652378	0.845201617529853	-0.11248184279131192	0.981557213508861	-0.15457448458351902	5.617581776743974	5.4535984728269336	12.46920693212294	0.19936274836323603	-0.10340674631192653	0.9744544828886791	0.0986132291198952	-0.9934599471338194	-0.05755661650633763	4.666205095240929	5.26650268612385	2.0	1.041126323467172	2.2111886718472094	1.2476654180616777	0.6956521739130435	0.7391304347826086	0.4117647058823529	0.043478260869565216	0.009229663923972163	0.027817095771839485
6avf	15.0	0.3684210526315789	13.32274586427867	58.22274621649219	58.22274621649219	32.25436711721071	3.3624850029332016	0.10158656035367081	-0.038657460988833374	0.06481228761748031	-0.15512487731233218	-0.4755637168248505	0.8364844924519519	0.4542754839415716	0.591075668606637	-0.88	-6.109999999999999	-0.1333344730450774	-4.659999999999998	19.0	8.0	28.0	1.0	1.0	5.0	0.0	0.0	3.0	2.0	15.0	20.0	0.0	1571.0219434128521	0.0	13.901656623354182	-0.4393053853359491	0.26993543937422826	0.8568229903782975	0.10734709423426583	0.9799764395089736	0.1676984765819632	6.46435226623232	6.272269843069143	14.981625336093547	0.20667480519196285	0.011054126683537557	0.9783472446164663	0.21654616247043748	-0.9485883532345493	-0.23084171034941364	5.385065252876749	5.127537173393765	3.0	1.333697819398691	1.8853643175202879	1.11338381059686	0.5789473684210527	0.8333333333333334	0.06666666666666667	0.2222222222222222	0.2093933173744895	0.9421247561265464
6avg	31.0	0.28846153846153844	-4.740778393202369	58.083968264647446	58.083968264647446	28.81254982331415	3.376789520232547	0.038597762548951184	0.08411462931194055	-0.0017039279373257722	0.0010875683429605208	-0.535495945657983	-0.7750458102533095	0.29114632463043905	0.06817933537332103	1.5699999999999998	-5.1	-0.17420331052020704	-3.9199999999999995	52.0	10.0	45.0	0.0	2.0	11.0	1.0	0.0	0.0	0.0	43.0	32.0	8.0	2314.3530753380437	0.0	12.580683873894738	-0.4430007452798265	0.025935604325044954	0.8961460170925489	0.20533040719710952	0.9729123999087751	0.10621151391251188	4.951314681374594	6.746965297138832	10.350728079966013	0.724350451292676	-0.14397066662422925	0.6742320599546188	0.13566335102556545	-0.9733897642578732	-0.18468303017378956	4.1339780010981855	5.097572976161478	0.0	0.0	7.306029218045691	0.9775050035129413	0.4423076923076923	0.8536585365853658	0.4857142857142857	0.4634146341463415	0.2926387297677555	0.9549970290263377
6bga	38.0	0.09523809523809523	-22.385279174206506	133.19487531277085	-133.19487531277085	NaN	NaN	NaN	NaN	NaN	NaN	-0.374693449441411	0.5149497443173534	0.0	-3.226925792613224	0.7100000000000003	-0.4099999999999999	-4.341422692095295	-0.69	21.0	6.0	88.0	0.0	2.0	17.0	0.0	0.0	2.0	7.0	14.0	62.0	5.0	2935.1842859838835	1.0	13.532698152655579	0.3808346491918416	0.6335752874083865	0.6734592229768013	-0.043588759712523496	-0.34134048934274613	-0.9389284796923814	6.497582518465068	5.201128608465646	19.350994659876857	-0.16579879459202884	0.33046093340461735	0.9291427937092476	0.14155889578135386	0.6137682869328832	0.776691424305991	14.658589913728154	5.125992539574178	1.0	0.4327226761567613	0.6061132426143687	1.4393228741961483	0.8095238095238095	0.6666666666666666	1.0	0.3333333333333333	0.9797525483494351	0.9972868810258294
6bj2	28.0	0.3888888888888889	-9.302567454214474	63.0062764231745	63.0062764231745	30.913301927212203	3.5148674742713584	0.08142782552855672	0.18263251556339485	0.05934252965190771	0.08088718942746534	-0.7606196554720299	1.0116176635306409	-1.8428642129795882	-1.6427446946013584	-0.37999999999999995	-10.870000000000001	-3.2655750939503934	-7.030000000000001	18.0	5.0	56.0	1.0	1.0	7.0	0.0	0.0	0.0	1.0	13.0	47.0	4.0	2072.590204185679	0.0	13.895074171818374	-0.42857898148062284	0.12535644108768357	0.8947657901188031	-0.36557064813613444	0.9190898985557003	-0.14707773186986944	5.11162215066746	5.232675954342201	13.571541392646688	0.40358805627106575	-0.10614605692409426	0.9087627277168903	0.2024544266034746	-0.9780163810464747	0.04996161698605461	5.370409434942969	5.241726999595979	2.0	0.974286865049014	1.7388999138100205	1.212607729693946	0.6666666666666666	0.8125	0.07692307692307693	0.125	0.6375925408085009	0.992505529110444
6bj3	12.0	0.0	NaN	NaN	NaN	NaN	NaN	NaN	NaN	NaN	NaN	-0.032552757771371	0.0	-1.2048299059608307	-1.2373826637322016	0.39	-12.440000000000001	-4.940082086118339	-7.3	12.0	4.0	22.0	1.0	0.0	4.0	0.0	0.0	0.0	0.0	9.0	18.0	2.0	886.7131567413307	0.0	NaN	NaN	NaN	NaN	NaN	NaN	NaN	NaN	NaN	13.098209585025543	0.44145782639184306	-0.5054255913589734	0.741390557644302	0.22324097591309533	-0.8294509883735272	-0.5120298078982521	3.7717576540884035	5.218836037382225	3.0	1.5464748744986418	0.6410881683244303	1.3631690804633856	0.75	0.9166666666666666	1.0	1.0	0.05481992148420686	0.3932555843932132
6bj8	13.0	0.0	NaN	NaN	NaN	NaN	NaN	NaN	NaN	NaN	NaN	-0.065105515542742	0.0	-1.2332993119797497	-1.2984048275224915	0.38999999999999985	-11.320000000000002	-4.9615545937706464	-6.290000000000002	13.0	4.0	22.0	1.0	0.0	4.0	0.0	0.0	0.0	0.0	10.0	18.0	2.0	896.956332154703	0.0	NaN	NaN	NaN	NaN	NaN	NaN	NaN	NaN	NaN	13.093316896058399	0.420012555978841	-0.5106000075770335	0.7502513478359798	0.20404028755975476	-0.8351217066707315	-0.5108221762162215	3.781550879709553	5.186453837327674	2.0	0.8496757574369096	1.121554577855267	1.2157939493250807	0.6923076923076923	0.8461538461538461	1.0	1.0	0.04777512137356372	0.36729082202867575
6cql	24.0	0.45161290322580644	-0.24490453457423605	59.5457100612415	59.5457100612415	NaN	NaN	NaN	NaN	NaN	NaN	1.5237979647473716	0.16840002965781967	-1.0397888213696416	0.6524091730355492	-1.0	-4.11	1.4072731955275621	0.9799999999999995	31.0	9.0	32.0	0.0	0.0	4.0	0.0	0.0	0.0	3.0	22.0	25.0	9.0	1788.7592711186953	1.0	13.9119785559611	-0.4151418449903412	0.08414359432974583	0.9058571101048586	-0.29536573431596647	0.9445313141551177	-0.14359554027413746	6.899738332275735	5.184367394601939	13.050126864647963	0.3695398798354875	-0.10464957462460274	0.9233031699224303	0.1340649147235794	-0.9901756870045263	-0.03973294762227249	4.7058207033244	5.28374114550031	1.0	0.41474542364728917	2.6978977367800976	1.317930782861099	0.6451612903225806	0.5161290322580645	0.5	0.0967741935483871	0.136798081711534	0.5436940783500304
6cqn	25.0	0.4375	-0.35069604999463455	59.21050342572241	59.21050342572239	NaN	NaN	NaN	NaN	NaN	NaN	1.5237979647473714	0.16840002965781967	-0.7005819252785745	0.9916160691266163	0.17000000000000004	-4.63	2.1249642566184104	0.14999999999999947	32.0	9.0	32.0	0.0	0.0	3.0	0.0	0.0	0.0	3.0	23.0	26.0	9.0	1739.9128083637552	1.0	13.8561624698208	-0.41003872208083153	0.08353013433495218	0.9082350813021723	-0.26888331369386564	0.9536658794229428	-0.1349931615213754	6.961367397490582	5.209214552596223	12.943936442326521	0.37439089506352036	-0.10397016089161426	0.9214237153357817	0.12885342966266466	-0.9904082209717012	-0.04988335510478728	4.869090997762246	5.272478585809942	3.0	1.3450762379886476	2.6184026130139744	1.3164113406341564	0.625	0.53125	0.5294117647058824	0.125	0.049182970539886114	0.2550824430467063
6cqq	25.0	0.4827586206896552	-0.04592871571216802	59.825818480321324	59.825818480321324	NaN	NaN	NaN	NaN	NaN	NaN	1.5118278276855064	0.16840002965781967	-0.20108435091031263	1.4877866025890332	-0.67	-4.19	3.008452577858429	1.3200000000000003	29.0	9.0	34.0	0.0	1.0	4.0	0.0	0.0	0.0	3.0	20.0	26.0	9.0	1792.410367268858	1.0	13.914346196269964	-0.39608749936023474	0.08788409010631204	0.9139973082088401	-0.2610569816354349	0.9590064202502191	-0.11025396989571484	6.982481916621659	5.256357304416294	13.094694345140338	0.38622703627825966	-0.09097320323397598	0.9179066143068847	0.14595594350882718	-0.9888154959923824	-0.03067208935022295	5.019645918839809	5.33790104834416	1.0	0.41258958010843205	1.4726625185654676	1.4413165725086938	0.7586206896551724	0.5	0.42857142857142855	0.0	0.10515754841751353	0.5497877170711684
6cqr	25.0	0.4666666666666667	0.5111948333526619	56.96731451320284	56.967314513202844	NaN	NaN	NaN	NaN	NaN	NaN	1.9443827646504344	-0.03290397804842532	-0.4709066721011495	1.4405721145008594	-1.1800000000000002	-5.89	2.7027426384050064	0.21999999999999975	30.0	8.0	37.0	0.0	1.0	5.0	0.0	0.0	0.0	4.0	21.0	27.0	9.0	1938.7933544849075	1.0	14.028477284809757	-0.4262948114399589	0.10230287484618966	0.8987807604722119	-0.2415189257318788	0.9631492348877978	-0.1183729676110281	6.8588449095188215	5.1635843500192635	12.911485483753097	0.35403598068682574	-0.11099593648447388	0.9286217886244923	0.13878303507355047	-0.9861693143575753	-0.09060547566004878	4.968324057257864	5.323398117063667	0.0	0.0	2.1762997065776086	1.314044366038608	0.6333333333333333	0.5666666666666667	0.4117647058823529	0.06666666666666667	0.24604611175705404	0.8284074755647317
6d78	26.0	0.3333333333333333	5.51581110525251	53.334093650622684	53.334093650622684	28.692677227565685	3.3463029374756386	0.013661827035501659	0.04770089641416472	0.09682758731004307	-0.010563862549391281	-0.976263224670457	0.0302839047637626	-0.4303254600180102	-1.3763047799247046	0.34999999999999976	-7.02	-0.048342732163975555	-6.2299999999999995	21.0	8.0	53.0	0.0	0.0	6.0	0.0	1.0	1.0	2.0	16.0	44.0	4.0	2080.1335074389317	0.0	13.566002857922419	-0.5542165847983824	0.21766115525535945	0.8034099815660074	-0.07638955872761508	0.9931297850034865	-0.08864459992458036	5.880234533472297	5.547222778313349	11.654586550337303	0.1328011534625206	-0.06694112477357264	0.9888795372953507	0.0771024511598061	-0.9842836652940651	-0.15887377968791783	5.079886738075765	5.153231829073108	2.0	0.8436204805341143	1.6630592771307944	1.2408629693398012	0.7619047619047619	0.5714285714285714	0.8333333333333334	0.3333333333333333	0.15885885644083547	0.43926145169939645
6dfs	20.0	0.2222222222222222	1.3671119402960121	62.769291029358335	62.76929102935835	NaN	NaN	NaN	NaN	NaN	NaN	0.6519285251654979	0.9540477880675916	-0.24982401020189668	1.3561523030311928	0.6799999999999998	-18.93999999999999	2.8939104300574146	-8.579999999999993	18.0	6.0	39.0	1.0	0.0	7.0	0.0	0.0	2.0	0.0	12.0	32.0	3.0	1558.8212416169918	1.0	10.947720822762445	-0.3720531389947031	0.04887461816958141	0.9269238012265513	-0.19711697082009863	0.9546240827770148	-0.22324372336941817	5.291598987025118	5.361776409688947	14.62745578777674	0.4005756737895592	-0.09230910112025978	0.9116019741541159	0.12864415490211165	-0.9915559082525051	0.016357317813946975	8.137901280764032	5.361858510824573	9.0	6.459577337644182	1.7625748420149265	1.1864456579785525	0.5	0.7222222222222222	0.6923076923076923	0.5555555555555556	0.033189468050871966	0.4287007309191913
6dfw	27.0	0.38095238095238093	11.663262353273316	55.10565036908045	55.10565036908045	NaN	NaN	NaN	NaN	NaN	NaN	-0.0924131456950499	-0.18575980490992333	0.834662013440167	0.5564890628351935	1.42	-16.419999999999998	-0.40579997236826726	-9.43	21.0	9.0	52.0	0.0	1.0	5.0	0.0	0.0	0.0	1.0	19.0	45.0	2.0	1832.85050613579	1.0	15.75082218367328	-0.7489321243998588	0.07299417149514631	0.6586140932615048	0.09614245983746683	0.9880935284787606	-0.12011580256819879	5.01983737208944	5.4319589500358845	14.468126313408513	-0.06521124016620938	-0.12406857209585534	0.9901285186458602	0.11974600190460569	-0.9671533173078177	-0.22422166589660272	4.850114692299323	5.116422977069104	7.0	5.954930955962398	2.8839990815764063	0.9113994041465693	0.38095238095238093	0.9523809523809523	0.2	0.23809523809523808	0.005904889337210209	0.01987897047093723
6dfx	26.0	0.36	-2.4257780033894236	45.2358100969234	45.2358100969234	NaN	NaN	NaN	NaN	NaN	NaN	-0.845754814367571	-0.02221234288907542	0.122545340411927	-1.321362570118794	-0.4599999999999998	-16.069999999999997	-2.9783465479492985	-10.039999999999996	25.0	11.0	49.0	1.0	0.0	10.0	0.0	0.0	0.0	0.0	21.0	39.0	3.0	2174.545843669828	1.0	14.346935443860813	-0.6680403387912732	0.017530308360616073	0.7439185398261157	0.0922867270872549	0.9634704857403459	-0.2514115803429359	6.250389729399796	5.2596708470588975	13.879537041809273	-0.08748759315565798	-0.2863621471782485	0.9541187774921925	-0.14070573152230914	-0.988621647763884	0.05318960718903368	8.64573713454921	5.312489061742702	5.0	3.212839092223604	2.691604884407254	1.1204698325283504	0.56	0.4782608695652174	0.8181818181818182	0.391304347826087	0.42034530143915627	0.9450351742276314
6dkp	28.0	0.43478260869565216	1.6225448896066186	53.67575017314247	53.67575017314247	28.938708845508494	3.3226155988880937	0.010470335216446757	0.04672612907366845	0.11653558833419193	-0.0067030212316720895	-0.6115771573461996	0.0302839047637626	-0.19785411953858423	-0.7791473721210209	0.6299999999999999	-9.600000000000001	0.7042238631049784	-7.990000000000001	23.0	9.0	50.0	0.0	1.0	8.0	0.0	1.0	2.0	3.0	15.0	37.0	6.0	2134.9974144615844	0.0	13.260647555311584	-0.4131468034342176	0.20672828519666608	0.886889584311887	-0.13263180803755778	0.9891483718006213	-0.06320048813725063	5.599011273759229	5.554304397557705	12.174276898781839	0.3118545266090441	-0.060509052275077746	0.9482011435670916	0.0669620662111399	-0.9924014233441	-0.10322546316522946	5.366942178153693	5.15912060596451	2.0	0.9854306471410204	1.548038677654581	1.2633422627591102	0.6086956521739131	0.4782608695652174	0.8181818181818182	0.13043478260869565	0.5605233711344417	0.8788137148822719
6eqa	24.0	0.2962962962962963	6.000671014375088	66.08360860093057	66.08360860093057	29.083344081477176	3.6262155161250025	0.008804465231709748	-0.033981565733572916	0.1471627260049565	0.014386927407574992	-0.7274934731540967	0.2813004762574246	-3.0067838165195413	-3.452976813416215	0.26999999999999985	-7.01	-3.44834799413701	-5.89	27.0	8.0	38.0	0.0	2.0	2.0	0.0	0.0	0.0	2.0	24.0	32.0	3.0	1922.650117271638	0.0	14.114428295285682	-0.6513230407278053	0.04208221757937847	0.7576327497138626	-0.27985333278294966	0.9486540519209513	-0.14743677133227992	5.817081081495183	5.504341028751854	10.86214893304446	0.13523748207334793	0.047335577490929565	0.9896818510824252	0.32428416393756665	-0.941176282761727	-0.0950104489737964	4.880943950366825	5.377377366356438	5.0	2.261541428388741	2.7053630994832574	1.0838337416759913	0.4074074074074074	0.7777777777777778	0.8095238095238095	0.4074074074074074	0.6115264036186377	0.9205161576885008
6eqb	27.0	0.2608695652173913	7.200323665375209	59.94705118349913	59.94705118349912	28.635239975947393	3.521031869686036	-0.006540781615893246	-0.0578788541235232	0.18191025613812176	0.00961308431977541	-0.7274934731540967	0.0	-2.3263816226251	-3.0538750957791962	-1.68	-6.9	-2.539547282977308	-6.0200000000000005	23.0	8.0	52.0	0.0	1.0	5.0	0.0	0.0	1.0	5.0	17.0	41.0	5.0	2223.137586092351	0.0	13.960147770062772	-0.6406472237442213	0.09935994163830617	0.7613794957596305	-0.10625302471864584	0.9869545454407349	-0.12095875165471362	5.82566243669239	5.40329119378678	10.828967092793174	0.18468877772013995	-0.011120647634930009	0.9827341382061228	0.11327878357113633	-0.9935629444775417	0.0007695397441699892	4.693254054584561	5.519621066665004	4.0	1.7747933820124477	1.0826880074761136	1.2664831115345252	0.6086956521739131	0.7391304347826086	1.0	0.4782608695652174	0.8901483874156301	0.9725789949704069
6g9q	21.0	0.4117647058823529	-2.4230124782393627	65.81772023685994	65.81772023685994	30.25691195787589	3.4245172771265042	-0.16886669864192938	0.09783405895396395	0.009075185577891012	-0.06378538406988599	0.171323802584413	0.8452446336652518	0.19390107849932925	1.210469514748994	-1.4500000000000004	-4.09	0.12610220782521653	-1.7200000000000002	17.0	7.0	30.0	0.0	3.0	6.0	0.0	1.0	1.0	3.0	14.0	17.0	2.0	1562.1462655824616	0.0	13.28881760043161	-0.19791224451685863	-0.008922619153153927	0.9801791316832066	-0.22398189238074073	0.9720525765948017	-0.07032709191163128	5.914889793889015	5.491448862611512	13.284660530478803	0.5952296200693936	0.11655896206165539	0.7950570467611776	0.19570887441618487	-0.9190849242036817	-0.3420247625378764	6.303214042648773	5.165663387143885	4.0	2.5681282441027116	1.8874747041240179	1.080666766178451	0.6470588235294118	0.9411764705882353	0.25	0.17647058823529413	0.2363168818835285	0.7709909042309404
6l9l	22.0	0.391304347826087	1.028779487859512	65.61919040107949	65.61919040107949	30.65736189548247	3.3172698800840292	-0.28922974180095096	0.18797211053152665	0.14148704980445684	-0.12347679836467731	-0.7033669750025283	0.033216667756566426	-0.44099340203769355	-1.1216150091509511	-2.86	-12.66	-2.1489991642999153	-3.9200000000000035	23.0	6.0	34.0	0.0	1.0	3.0	2.0	0.0	0.0	1.0	13.0	29.0	8.0	1686.832006499426	0.0	13.542698606106292	0.09497766369542826	0.12506719168414426	0.9875917379238845	0.16491430636427334	0.9168903163915524	0.3634768480158858	6.261442035517292	9.0815819841635	16.118997247598845	0.7238987690290039	0.04764269274700203	0.6882592141788079	0.19309117802687836	-0.9356113907081901	-0.29554546547993693	6.262375792906343	5.269738983691574	2.0	0.8703281287244948	1.3991294463584394	1.4048222404117319	0.7391304347826086	0.6363636363636364	0.14285714285714285	0.18181818181818182	0.7810147351393769	0.9942638750289466
6mkd	19.0	0.3333333333333333	4.359726980716334	40.11955399685182	40.119553996851806	NaN	NaN	NaN	NaN	NaN	NaN	-0.299516530098784	0.00217198262682311	-1.3116590131506927	-1.6090035606226534	-0.7100000000000002	-8.86	1.2213103612275995	-1.6699999999999982	15.0	7.0	37.0	0.0	0.0	6.0	0.0	1.0	1.0	3.0	9.0	27.0	5.0	1494.9438036782158	1.0	15.58183031676503	-0.7153709222412108	-0.013628218238447343	0.6986119918460105	0.23193896922840015	0.899425002536463	-0.3704577965070799	5.543767411512315	5.366681604220897	17.022952565445465	-0.13542387629340474	-0.26234340227776215	0.9554246767241823	-0.13968104677277884	-0.9898237418911651	-0.027169188094804453	7.478506252907286	5.272838844446515	9.0	6.9605278810620606	0.8487778086310951	1.3371050483749154	0.6	0.9333333333333333	0.2857142857142857	0.3333333333333333	0.1839049688373467	0.4378866584812411
6mkr	21.0	0.35	5.145899147765375	39.261978153749425	39.26197815374943	NaN	NaN	NaN	NaN	NaN	NaN	-0.2878454844956125	-0.24006483274218232	-1.3897317831395113	-1.917642100377306	-0.47000000000000036	-12.059999999999999	2.373759453308243	-3.0199999999999996	20.0	9.0	43.0	0.0	0.0	3.0	0.0	0.0	0.0	0.0	20.0	40.0	0.0	1522.1648746411483	1.0	15.736736972873736	-0.7182449161827491	-0.017871160065176653	0.6955608254412187	0.30104888958673515	0.9209133733153491	-0.24756438473647158	5.856098434258373	5.924328947620283	17.33850367970068	-0.14566879669186894	-0.2707810230968494	0.9515556941585797	-0.13847911386239992	-0.9902651152116089	-0.014090288741192142	7.789028245297467	5.23541778603879	10.0	7.9553006396911545	1.2686958563147805	1.2672831599557832	0.5625	0.9	0.3333333333333333	0.3	0.005092155528351946	0.010205272471327104
6mng	19.0	0.3333333333333333	5.174006438838151	40.78707703369907	40.78707703369906	NaN	NaN	NaN	NaN	NaN	NaN	-0.299516530098784	0.00217198262682311	-1.3116590131506927	-1.6090035606226534	-1.09	-9.679999999999998	1.2213103612276	-3.0399999999999974	15.0	7.0	37.0	0.0	0.0	7.0	0.0	0.0	1.0	3.0	8.0	27.0	6.0	1480.6097217095448	1.0	16.687142769551425	-0.7465216169006144	0.028944371580787623	0.664731298145373	0.2366371617362809	0.9332059173684958	-0.27042479380165546	5.713561326445329	5.388602886303356	17.009452747539214	-0.209927803517916	-0.24895662809610847	0.9454897749418434	-0.126512709486377	-0.9917149345365075	0.02227156404846728	7.451142350647515	5.12162163460417	9.0	7.159829873359995	1.0800976232147201	1.321126514230015	0.5333333333333333	0.9333333333333333	0.2857142857142857	0.3333333333333333	0.3362056994726301	0.5579368892075294
6mnm	20.0	0.3333333333333333	4.409392195463376	41.48505938915418	41.48505938915418	NaN	NaN	NaN	NaN	NaN	NaN	-0.299516530098784	-0.16213106866445282	-1.3116590131506927	-1.7733066119139296	-0.7100000000000002	-9.92	1.3754610410548582	-1.9299999999999988	15.0	7.0	38.0	0.0	0.0	7.0	0.0	0.0	1.0	3.0	10.0	28.0	4.0	1488.773841370301	1.0	15.463968490078454	-0.709851108831731	-0.00048227099010855756	0.7043515958494886	0.241018826660101	0.9193718287358769	-0.3109105423919162	5.4334882678832805	5.685015825710239	16.927442341598404	-0.1276697932894169	-0.25545283059702784	0.958354983867279	-0.11177969371956598	-0.9933264691848553	0.028422267698531192	7.432415289781435	5.160210252180661	6.0	5.341652508688303	1.085695015983315	1.2248145734003972	0.6	0.9333333333333333	0.2857142857142857	0.3333333333333333	0.184293600782923	0.3320559281368887
6mnn	20.0	0.3333333333333333	3.569407664256825	44.41496042612847	44.41496042612847	NaN	NaN	NaN	NaN	NaN	NaN	-0.299516530098784	-0.23730798800707986	-1.3116590131506927	-1.8484835312565564	-1.0	-9.18	0.7586868392794881	-1.9799999999999995	15.0	7.0	37.0	0.0	0.0	6.0	0.0	0.0	1.0	3.0	9.0	28.0	5.0	1467.5989916638282	1.0	15.549230230745035	-0.7050172045097034	-0.021068597256256025	0.7088771793663222	0.1710270867331412	0.9202823504626876	-0.35189505630447204	5.665634747709382	5.27818786977832	16.964353044276116	-0.10989237939759117	-0.2459684874697694	0.9630281242021312	-0.10662344589067618	-0.9930290643471243	0.0502465696350575	7.5374489807826635	5.15221937474638	10.0	7.931591441065018	1.1591054930838935	1.2703826688653883	0.5333333333333333	0.9333333333333333	0.2857142857142857	0.3333333333333333	0.23007194760956182	0.4037694865127125
6mno	19.0	0.3333333333333333	3.899873579482664	43.18430328042168	43.18430328042168	NaN	NaN	NaN	NaN	NaN	NaN	-0.299516530098784	0.17720695562100275	-1.3116590131506927	-1.4339685876284738	-1.2300000000000004	-9.790000000000001	1.6874000911522	-3.200000000000003	15.0	7.0	38.0	0.0	0.0	7.0	0.0	0.0	1.0	3.0	8.0	28.0	6.0	1469.143662506147	1.0	15.656890516998597	-0.7066658630114457	-0.008150616779574238	0.7075004772950064	0.17936707534993537	0.9124921094250649	-0.36767594719193286	5.700088128497831	5.348720887585841	16.89130554869019	-0.11571304956088793	-0.2514793455248267	0.9609207193194036	-0.11209526771434136	-0.992175769788878	0.05497174194464438	7.5313632156926715	5.161701426061871	11.0	8.426041507714501	1.0590961285732376	1.336238063760709	0.6	0.9333333333333333	0.2857142857142857	0.3333333333333333	0.27722989485815835	0.4845653932204699
6mtm	23.0	0.4666666666666667	-13.301017960066702	73.93757953331992	73.93757953331992	31.172081283570886	3.581417226361953	-0.039060083209159706	0.1688806531547103	0.12404014705649599	0.1211432825489276	0.5529928104949942	0.01293021712669934	-0.1435061078070144	0.13576312508846383	2.61	-12.220000000000002	-0.30187872843568625	-10.430000000000001	15.0	6.0	43.0	0.0	2.0	3.0	0.0	0.0	1.0	1.0	11.0	37.0	3.0	1764.7035683825088	0.0	13.316441406482111	-0.23853021401167615	-0.087030051321084	0.9672275363224537	-0.508578850439472	0.8441438431535881	-0.1696134563576743	4.696695011073885	5.348174987270031	14.563040300176135	0.5098220735200535	-0.1151296303225285	0.8525412725705293	0.5219446357807735	-0.8481988304482471	-0.09018060123190852	5.386846610770932	5.44434328990256	0.0	0.0	1.2539577712118946	1.27085825967798	0.7333333333333333	0.7857142857142857	0.45454545454545453	0.14285714285714285	0.16933270985090165	0.5802685208149401
6p64	23.0	0.46153846153846156	-1.394169034156179	60.78746532355082	60.787465323550826	31.37927000781775	3.4312951372418072	-0.07395091919017696	0.0343461810457355	0.20236881193538542	0.06469660609572118	-0.3381254999380908	-0.7778939391006447	-1.0908615452650798	-2.8760895179126758	0.72	-9.360000000000001	-4.1259015838880995	-8.39	26.0	6.0	28.0	0.0	0.0	4.0	1.0	0.0	2.0	0.0	22.0	24.0	1.0	1682.9992508955947	0.0	14.981053405278024	-0.36418494525217276	0.049066889582323525	0.9300332068613927	-0.32032482072664326	0.9277835413929045	-0.19133663835322656	6.097277187846126	5.397070791023025	14.882791119051392	0.434271257363326	-0.027503357450261556	0.9003621716968432	0.10044989820553964	-0.993000005251342	-0.06213539361255899	6.129455844006591	5.236366360782445	2.0	1.0723630501068708	3.2802867293495224	1.0242772538243197	0.5384615384615384	0.5416666666666666	0.07692307692307693	0.16666666666666666	0.3426510726535046	0.8589204828876883
6px6	27.0	0.4	-6.550893573265274	55.67286318732553	55.67286318732553	NaN	NaN	NaN	NaN	NaN	NaN	-0.5514615390261359	-0.476735584156652	-0.15814585568592607	-1.1863429788687143	1.2800000000000002	-4.4799999999999995	-1.006359794095585	1.3800000000000008	25.0	11.0	48.0	0.0	1.0	3.0	0.0	0.0	2.0	1.0	22.0	43.0	1.0	2011.6406677682608	1.0	14.081746665550755	-0.445613827925161	0.061241883210606085	0.8931280691819488	-0.2481980879347554	0.9409096144418372	-0.23040574261448787	8.396488380890458	5.453883037178108	11.831949303750598	0.44252678974237764	-0.15986509867845333	0.8823906110197458	0.07534311980514823	-0.9963217079734252	-0.040822397468342764	4.763973826430612	5.209955096893193	3.0	1.616280651878927	3.2446588807847814	0.9737673284930812	0.4	0.48	0.6666666666666666	0.2	0.03181489797738262	0.10745159646708424
6py2	23.0	0.3125	-4.520967660676219	75.88882053612853	75.88882053612853	NaN	NaN	NaN	NaN	NaN	NaN	0.0	1.031309705568145	1.5325164017760171	2.5638261073441626	1.9000000000000001	-4.040000000000001	4.42121977595155	2.4899999999999993	16.0	6.0	45.0	0.0	3.0	2.0	0.0	1.0	1.0	1.0	12.0	38.0	3.0	1808.8462249882432	1.0	16.863949476872907	-0.6030068674174812	-0.011733826835737149	0.7976496944376954	-0.2567995976861059	0.956510957307997	-0.13835011686809606	5.758236870125999	5.87236500676112	11.807469368778028	0.0975768107774851	-0.035789240537388134	0.9945842830503946	0.4098744003226768	-0.9096552689221592	-0.06730726040719387	5.314968560661472	5.2804010982379	4.0	2.256697831625875	1.1842744627426138	1.3219430676344528	0.75	1.0	0.375	0.375	0.008173257979236756	0.16290500609232875
6q3s	30.0	0.48148148148148145	-5.0365351218140955	84.69572314635178	84.69572314635178	30.422131037053248	3.861167957658938	-0.14478113232738712	0.06950687153502146	0.014606489903171782	0.1515858772424689	-0.340412667006157	-2.297031885263435	-0.20582605209018084	-2.843270604359773	3.46	-8.15	-8.084477443968046	-6.48	27.0	6.0	49.0	0.0	0.0	7.0	2.0	0.0	0.0	1.0	19.0	41.0	6.0	2120.213933946943	0.0	13.280436903244723	-0.36852391629609627	-0.0915830783611777	0.9250960289208255	-0.7342882978424409	0.6749705718203362	-0.07235621923584751	6.102479265384345	5.463386526801808	12.441156653458279	0.48358171782386083	-0.014797010326641213	0.8751741372499305	0.5799085087799096	-0.7877904939500955	-0.20758674984720682	4.464909642746365	5.341884454325737	4.0	2.3490409160476102	1.4224524470410986	1.4227407074757448	0.7777777777777778	0.8518518518518519	0.043478260869565216	0.037037037037037035	0.7338117857358798	0.984843429647314
6r0e	25.0	0.4782608695652174	-1.1551864873086801	71.6460670516984	71.6460670516984	NaN	NaN	NaN	NaN	NaN	NaN	-0.6822054097475174	-3.0574364114557344	-0.13442880293646264	-3.751525283727789	2.67	-6.819999999999999	-5.255355255284567	0.11000000000000032	23.0	7.0	41.0	3.0	2.0	3.0	0.0	0.0	1.0	1.0	16.0	35.0	3.0	1965.4605752293392	1.0	13.708521038701917	-0.5154803892948604	-0.04167595611996222	0.855887307294606	-0.217103053524754	0.9606170255044646	-0.1734393095394013	6.333723399716359	5.439532772771799	12.38422754897837	0.3248066441298823	0.011222420350209698	0.9457138579132016	0.5052010180453486	-0.8552190809191643	-0.11563846515837009	5.510235590980514	5.354178954484646	0.0	0.0	2.016311569485953	1.1594086981661234	0.6086956521739131	0.6818181818181818	0.06666666666666667	0.09090909090909091	0.9030952588969562	0.9999868748525429
6r2l	31.0	0.46153846153846156	5.016902454491123	81.43617993988558	81.43617993988559	32.174460234922044	3.8600035862944355	0.2819613512326486	0.24431250252852899	0.17267218802533313	-0.24204618814887016	-0.12510839847087496	-2.4451050997603367	-0.14174549509079687	-2.7119589933220083	1.7799999999999998	-5.59	0.29991944613919364	-3.8999999999999995	26.0	8.0	64.0	1.0	1.0	9.0	0.0	1.0	1.0	2.0	18.0	51.0	6.0	2533.7227494539293	0.0	14.620664316434253	-0.5133863714751099	0.11310331947510038	0.8506715421186613	-0.5626460416360067	0.8085280419519493	-0.17237121806693345	6.148907697609958	5.117680391819577	12.916841937244643	0.3300050414340193	0.21243317086609992	0.9197656334029172	0.47623596687920017	-0.8765961011671018	-0.06912726583187412	4.88201702026504	5.156245862989776	1.0	0.4557983221494002	1.88220929555794	1.2715041796026676	0.6923076923076923	0.8461538461538461	0.09090909090909091	0.07692307692307693	0.8626965503742485	0.9992845082780746
6rp9	20.0	0.2608695652173913	-11.155877669744099	89.63096940510015	89.63096940510015	32.11577521796932	3.9516102907268946	-0.005471659702050358	0.101175919056607	0.14937752457235606	0.19710731613950686	-0.49148553006648005	-0.6506275227393123	-0.475782241359252	-1.6131701471510573	0.59	-11.070000000000002	-8.423046965842792	-8.920000000000002	23.0	4.0	18.0	0.0	0.0	2.0	0.0	0.0	2.0	1.0	18.0	15.0	3.0	1331.4344492438395	0.0	13.598416942552804	-0.09850796821466988	-0.21040772779525885	0.9726380457987329	-0.5913184822257971	0.7408670678792179	-0.31852541492519654	5.869424284266856	5.60284303969483	14.244103502120533	0.5741261902556833	-0.009351460193903281	0.8187134222145914	0.6440314433347905	-0.7645980598492179	-0.024765025586214153	3.8764376792577586	5.282158464883658	1.0	0.5251269022034144	1.4036184180936848	1.1753385853604494	0.6521739130434783	0.6666666666666666	0.14285714285714285	0.42857142857142855	0.2549051121568813	0.5769493671313536
6rpa	34.0	0.4827586206896552	-3.1461594690457986	93.37915130504274	93.37915130504275	30.334552420353482	3.928230827050094	-0.21944615292271105	0.052581189673613915	-0.00781960599126193	0.22555919055414178	0.169654866363223	-0.59460140009537	0.7835551713769264	0.3586086376447794	1.0299999999999996	-7.64	-1.0614578254723026	-6.5	29.0	7.0	56.0	0.0	0.0	13.0	1.0	0.0	0.0	2.0	24.0	41.0	4.0	2177.42914714172	0.0	12.360184476049524	-0.2617512594401842	-0.2957541795970099	0.9187032944702914	-0.6827504695894232	0.7222515457394405	-0.11047398149617585	5.459306345363124	5.482558182937749	12.185255229165028	0.5604933039932215	-0.004929454752067852	0.8281442848263078	0.5514310205169248	-0.7944933794020149	-0.2543700047953676	4.112624091328156	5.57984272319345	0.0	0.0	3.1240001442913585	1.1096045860775465	0.5172413793103449	0.9655172413793104	0.07142857142857142	0.034482758620689655	0.1275767205242298	0.5246951057628609
6rpb	26.0	0.48	-5.819703852843047	90.409337198032	90.409337198032	31.057447350288932	3.870582256333076	-0.1457090255018716	0.08003821367498275	-0.04422764455634793	0.18138190093462245	-0.44687468174524503	-1.4978641155414993	1.5098197870837518	-0.4349190102029929	1.5999999999999999	-6.16	1.5304457631739503	-6.1	25.0	6.0	37.0	0.0	2.0	7.0	1.0	0.0	0.0	2.0	18.0	26.0	6.0	1790.115245339799	0.0	14.618323771436803	-0.27718591473884546	-0.18866302100546659	0.9421115820531375	-0.7919018419314753	0.6042693465428057	-0.08803425017134572	8.131969647874167	5.390310818987363	12.804638835128586	0.46696947229515406	-0.03223688893078025	0.8836856311948591	0.6675223009481476	-0.7078632189202149	-0.2309624226361909	4.936905774882094	5.4522079182894005	4.0	1.8524148437000405	2.3305486345872843	1.263203138209915	0.64	0.76	0.15789473684210525	0.04	0.4906087635730673	0.9537282010706499
6rsy	29.0	0.391304347826087	-3.638438169039736	73.01458179167136	73.01458179167136	29.897082460428752	3.6544168020598695	0.002514105986924583	0.08010603973938812	0.124232554369654	0.10968821940099163	-0.061351203807057025	-0.1715618124142572	-0.48507954243692886	-0.7179925586582433	0.3599999999999998	-11.569999999999999	-3.364725019907738	-10.659999999999998	23.0	7.0	63.0	0.0	4.0	9.0	0.0	1.0	1.0	3.0	17.0	46.0	5.0	2194.083383249672	0.0	14.157635007921842	-0.5001258510915325	0.009461071796043288	0.8659010457605266	-0.37625519687302933	0.9208484088335109	0.10232416363016836	6.2554661603915935	6.405834066994579	13.088665561328174	0.4102860004778434	-0.10125886054812243	0.9063178475676108	0.25484509609417283	-0.9668232607332254	-0.01751454033266419	4.991359957382668	5.278988162406644	2.0	0.9221880533222993	2.2972782721938514	1.2172782083969398	0.6086956521739131	0.782608695652174	0.0	0.21739130434782608	0.7296139172500492	0.9838441416766067
6tmo	29.0	0.35714285714285715	3.2235504230376972	64.01856936514419	64.01856936514419	28.6444646858501	3.5304004225170385	-0.004023053010851629	-0.04677403855826068	0.18250434913250893	0.009636712359375412	-0.6251506621146427	0.0302839047637626	-2.1487585866126997	-2.7436253439635805	-1.1999999999999997	-5.980000000000001	-2.5333388054602777	-4.640000000000001	28.0	9.0	54.0	0.0	0.0	5.0	0.0	0.0	0.0	5.0	22.0	44.0	6.0	2256.861892078283	0.0	13.488087612493432	-0.4837379481161256	0.06954575957399367	0.8724454050136305	-0.1852826357524306	0.9717370638482271	-0.14627858098936122	5.748277913157612	5.31918175354764	11.674515743986621	0.37808776085442786	0.011391871663372105	0.9256996652158715	0.186585832108096	-0.9817112668790345	-0.0377983513549392	4.657145941317033	5.345604814808294	3.0	1.2984003009565401	3.0030796488136726	1.1192655624366104	0.5357142857142857	0.6785714285714286	0.8947368421052632	0.2857142857142857	0.6354263446405198	0.8685383002400676
6tro	27.0	0.35	8.149111466643612	75.67666616931113	75.67666616931113	32.29716325661721	3.650936552779889	0.30831426577997756	-0.029119098672737775	0.07794989106280797	-0.149300932026769	-0.0338057708222007	-0.021895630646884608	-1.5215492608644219	-1.577250662333507	0.7799999999999999	-6.380000000000001	-5.214885749024969	-5.0600000000000005	20.0	6.0	48.0	0.0	2.0	6.0	0.0	1.0	0.0	1.0	16.0	38.0	4.0	1753.2121125441845	0.0	15.080547465481843	-0.7288552843282086	0.056723243302877785	0.6823140391662976	-0.4184643073098352	0.8324373718270383	-0.3632294662307499	5.73732156807424	5.631929813811973	12.776954049671051	0.03438452930400005	0.1923739025199162	0.9807191165758258	0.5065279001599672	-0.8464448519506674	-0.1641968288014759	4.342735407341907	5.301011427318736	5.0	2.4571238109763476	2.198178467293043	1.2295434823156746	0.55	0.95	0.3684210526315789	0.3	0.145637197192535	0.7348397443048116
6u3n	32.0	0.3333333333333333	-6.6087011515438325	61.234285297336726	61.234285297336726	NaN	NaN	NaN	NaN	NaN	NaN	0.039737229992727	-0.47585513151427894	0.568379906132329	0.13226200461077714	-1.13	-15.040000000000003	1.5751093892867578	-6.180000000000003	15.0	7.0	58.0	0.0	1.0	7.0	0.0	0.0	3.0	2.0	12.0	48.0	0.0	2165.2483881760563	1.0	14.370089290673794	-0.46941021598920163	-0.002942635057644666	0.8829753053651673	-0.22171593532376532	0.9470077745983374	-0.2324184125689032	6.148191965248303	5.365327459146294	12.19148780265696	0.3660317174302642	0.004758315941339797	0.9305902106192633	0.18652541311279158	-0.980709215111945	-0.05846114327447449	6.3154342950961215	5.199438169567191	1.0	0.4188998370044814	1.8600726278694584	0.9356571187503925	0.5333333333333333	0.8666666666666667	0.23076923076923078	0.3333333333333333	0.09152818106916749	0.23531206816342126
6u3o	26.0	0.07142857142857142	-9.398281494912203	68.07225128315748	68.07225128315748	NaN	NaN	NaN	NaN	NaN	NaN	-0.46916985912244297	0.0	-2.0674808501756066	-2.5366507092980495	-1.07	-4.1000000000000005	-4.678964005600312	-0.73	14.0	5.0	47.0	0.0	2.0	9.0	0.0	0.0	1.0	2.0	12.0	34.0	1.0	1796.8499403430396	1.0	15.74980353938268	-0.34052587299390336	-0.048835748189663644	0.9389660267515061	0.03844863294132858	0.9947352889889165	0.09499161636880611	9.860097286803782	7.0244061994651235	12.167424985207886	0.3166230719034093	-0.039417408276423815	0.947732081391595	0.11770426760550927	-0.9923940026883096	0.03605341080424395	6.716140376080597	5.193367424735673	6.0	3.3167962196953993	1.3220190990246774	1.2063367584303613	0.7142857142857143	0.7857142857142857	1.0	0.8571428571428571	0.5139370301215141	0.8135185754984336
6uk4	24.0	0.4375	-2.2824614260587137	49.70708328076598	49.70708328076598	31.198218290173966	3.2283985659658123	-0.04250584547798122	0.07888136277279442	0.11229239999166335	0.04531697176198975	-0.703811067064895	-0.7778939391006447	-1.255827494868217	-3.406741034642618	1.32	-9.41	-4.646512809354967	-7.8999999999999995	32.0	7.0	32.0	0.0	1.0	3.0	1.0	0.0	2.0	0.0	26.0	28.0	3.0	1772.1654792533009	0.0	14.846052649555304	-0.3280667228557246	0.16270617798007875	0.9305369013999951	-0.06927326663748182	0.9823654718989132	-0.17366431348320815	6.710946981692206	5.3676324650914795	14.006610556785146	0.4493716827699419	-0.09134981660066097	0.8886620851531513	-0.05366921169221603	-0.9948203509900415	-0.08632545736716662	4.899847419476841	5.2255310240286486	3.0	1.500546017836085	3.5674031637779087	1.0842347995171024	0.59375	0.5	0.2	0.2	0.48957987361020183	0.954457116765092
6ulr	25.0	0.25	-0.1683779560397893	36.633782543409616	36.633782543409616	31.948085126897304	2.982180182576151	0.2389040351886625	0.030529423615414695	0.13604253267956506	0.021927447623041954	0.051697403850361034	-0.7156795433420462	0.0	-0.663982139491685	3.37	1.6599999999999997	-0.6654088675217396	-0.5900000000000003	8.0	5.0	49.0	1.0	5.0	5.0	0.0	0.0	1.0	1.0	5.0	38.0	1.0	1850.1344807743262	0.0	14.176113014470257	-0.4673553998958857	0.07248427642649259	0.8810930482746996	0.5508881734534554	0.8309915948930084	-0.07729934848938905	4.340124013269956	6.910710604719566	15.311160880365039	0.10641292983656625	-0.2643614297477129	0.9585349877259147	-0.17139597077940188	-0.9844399929808377	0.03874688414210187	7.327231716068385	5.1314529135019535	5.0	2.307554686621596	0.27261144635390977	1.5189911002638552	0.75	0.75	1.0	0.5	0.4704420137158442	0.9961625225763977
6uon	18.0	0.3125	3.7171931835427947	86.77554562494976	86.77554562494976	30.946097380171086	3.903723507605772	0.09915928521816607	0.07184472111105064	-0.15314559973376207	-0.08994459735457866	0.0516320417199985	0.36733015337364594	-1.1691070075430035	-0.750144812449359	0.5499999999999999	-3.73	-6.981924886994368	-4.38	16.0	5.0	24.0	0.0	0.0	2.0	0.0	0.0	0.0	0.0	14.0	22.0	2.0	1367.4937125534598	0.0	14.673568446997102	-0.5060633075770621	-0.0015505249372807922	0.8624949417012734	-0.49223099905684814	0.8694349830331473	0.04232556532796873	7.606523853037673	5.47472520330985	13.01215669466325	0.20574674800502663	0.13907277118285494	0.9686728239437579	0.6317864058098351	-0.7017908064211421	-0.3291437392170524	4.735541479384092	5.1167945315797505	7.0	4.363455067845694	2.840180575046675	0.9196133587340923	0.375	0.9375	0.4666666666666667	0.375	0.07349395065725975	0.21426121043300134
6v0y	24.0	0.25	-6.313355459689755	47.461804076971525	47.461804076971525	NaN	NaN	NaN	NaN	NaN	NaN	-0.28334081410603484	-0.121108872625965	-2.682941642617843	-3.090869593726167	0.52	-4.25	-1.3681714512362355	0.5100000000000016	16.0	8.0	43.0	1.0	0.0	11.0	0.0	1.0	0.0	3.0	14.0	28.0	1.0	1976.6653670212763	1.0	15.259454969348665	-0.6319830588072916	0.08000580453866096	0.7708414133202983	-0.0008903352028260545	0.9848530825396957	-0.17338861772529168	5.834169816303362	5.577266241828452	11.825370639706788	-0.07099253336469945	-0.18755394054359306	0.9796854492253646	-0.07739158248811703	-0.9969746693280245	-0.00721465820459305	6.687547473183525	5.191400967253643	0.0	0.0	1.7095767117650946	1.0443095367464776	0.625	0.5333333333333333	0.75	0.4666666666666667	0.7064378982408588	0.982984107058012
6v13	21.0	0.29411764705882354	-9.205911241765094	47.677032749802656	47.67703274980265	NaN	NaN	NaN	NaN	NaN	NaN	-0.5118299266949843	-0.405170127260263	-2.6829416426178425	-3.603419960949415	0.8799999999999999	-4.35	-1.5478776575768682	0.3200000000000003	17.0	7.0	38.0	0.0	0.0	8.0	0.0	0.0	1.0	2.0	15.0	28.0	1.0	1666.9640090713183	1.0	15.21678969537539	-0.5600183137963121	0.004953385634287988	0.8284654199494748	0.06899186968671062	0.9678731318373117	-0.24178858993448876	4.7852362198268334	5.523983634769982	12.056670900750651	0.10507275681112208	-0.16642536441798014	0.9804398572521265	-0.06537393903288609	-0.9975523350491924	-0.024811016485514786	6.422389033651469	5.07377698878564	1.0	0.42385370277338685	1.1251981056517342	1.0811279180540583	0.5882352941176471	0.6875	0.2727272727272727	0.375	0.33727035613052625	0.5274108390783734
6v15	21.0	0.14285714285714285	-9.715605028940054	48.2232161322275	48.223216132227506	NaN	NaN	NaN	NaN	NaN	NaN	-0.525750079951848	0.13177414644643098	-2.6829416426178425	-3.0803958404995844	1.3199999999999998	-4.43	-1.3894976623813895	-0.5799999999999987	14.0	6.0	39.0	0.0	0.0	9.0	0.0	0.0	1.0	2.0	12.0	28.0	1.0	1555.2171813920468	1.0	15.677627475266332	-0.5918805148247741	-0.0045971556143598324	0.8060126067273681	-0.0326188535424431	0.9667587066339923	-0.25360128781264757	6.87993326034279	5.544574048469386	12.051694391860947	0.04487430003278513	-0.16682999676024346	0.9849639837129035	-0.0737926043085813	-0.9971532430347889	-0.01549390404425749	6.459584204199572	5.101685530413669	0.0	0.0	1.1707091485625658	1.0496091886500138	0.5714285714285714	0.6923076923076923	0.5555555555555556	0.6923076923076923	0.21031195084708806	0.2806747822252258
6v18	25.0	0.43478260869565216	-7.60983193282053	47.01111832811974	47.01111832811974	NaN	NaN	NaN	NaN	NaN	NaN	1.0345910243987688	-0.6503812290926994	-2.733139046484756	-2.3524075155550115	-0.4599999999999999	-5.0	-0.6007655249734916	-0.21999999999999975	23.0	9.0	44.0	0.0	0.0	9.0	0.0	1.0	1.0	3.0	19.0	31.0	3.0	2019.7971093765664	1.0	14.915283925390614	-0.578407290842908	0.07600513843363924	0.8121996212122734	-0.039358272241075194	0.9809934369301349	-0.19000737547082894	4.810005573798865	5.363558648450414	11.619996599565562	0.021872642275993233	-0.1909619474796529	0.9813537190852888	-0.08623452155470063	-0.9958028203762623	-0.030665124125884402	6.704107738503875	5.191329451987368	3.0	1.2915574364326226	1.7070223120526555	1.1496763316293204	0.6086956521739131	0.5	0.45454545454545453	0.09090909090909091	0.4893409179475073	0.8117453512558873
6v19	25.0	0.25	-7.938104544814234	47.67425182519566	47.674251825195654	NaN	NaN	NaN	NaN	NaN	NaN	-0.6637358229257508	0.2982767913519394	-2.5390180922257057	-2.907955388175842	0.48999999999999994	-4.68	-0.39497646835181976	-0.5299999999999994	16.0	8.0	45.0	0.0	0.0	8.0	0.0	0.0	1.0	3.0	14.0	34.0	1.0	1913.5277364533613	1.0	15.552541717115492	-0.6313798563764035	0.060720416323984644	0.7730928197021092	0.00511836386146618	0.9801261188336597	-0.19830933703540882	5.764493650864546	5.318794567462087	11.911004908933887	-0.04152277030772577	-0.20430011882263172	0.9780272597566585	-0.07121308979847532	-0.997450004055615	-0.004710081258879728	6.770383006474838	5.1901874699202875	1.0	0.4081730802186092	1.9432099600963273	0.9895074721647131	0.5625	0.6	0.5555555555555556	0.4666666666666667	0.3522815932241317	0.4911522572477342
6v1a	24.0	0.25	-8.66014410745762	47.56295853535973	47.562958535359726	NaN	NaN	NaN	NaN	NaN	NaN	-0.5118299266949843	-0.13427814561298862	-1.710604572335646	-2.360190909019944	-0.23999999999999996	-4.619999999999999	-0.5245905255692902	0.6100000000000021	16.0	8.0	41.0	0.0	0.0	9.0	0.0	1.0	2.0	3.0	12.0	28.0	2.0	1855.6508535802386	1.0	15.244004535346448	-0.5772934893248551	0.07614221159029391	0.8129788377725913	0.051935814762913514	0.9727255061593532	-0.22607025552919832	5.723151388394678	5.306380949819136	11.956806195898206	0.03230740323254562	-0.19855886014916885	0.9795563335435914	-0.07995479266548818	-0.9967064162757354	-0.013548081211041618	6.7623731720527305	5.26181062556477	0.0	0.0	0.929119167530617	1.145616745160839	0.625	0.6666666666666666	0.4	0.4666666666666667	0.45437363695034955	0.6652285102294226
6vm7	24.0	0.22727272727272727	-11.888795250583266	47.6742060342899	47.6742060342899	30.965799704730987	3.1700395206955516	-0.027505784163372637	0.1296180324387743	0.0234616718828462	0.09726691740173378	0.04456988137322951	0.10118550281606156	-0.8815196236365128	-0.7357642394472215	0.5999999999999999	-5.290000000000001	-1.837373891003947	-4.6000000000000005	22.0	5.0	39.0	0.0	0.0	5.0	0.0	0.0	0.0	3.0	19.0	31.0	3.0	1795.8509013128569	0.0	14.35050870888892	-0.33899076533106465	0.11952433226893161	0.9331662203897851	0.03531394843012655	0.9656889620252036	-0.25728924054975455	6.65551417463101	5.460158892534578	12.753313692833474	0.32001875221965126	-0.16669602954142082	0.9326309193920609	-0.05370531862425514	-0.9940984208132841	-0.09425533463102395	5.812620727919289	5.241151813135274	0.0	0.0	2.100478203632502	1.1583873184176758	0.6818181818181818	0.6363636363636364	0.42857142857142855	0.5454545454545454	0.13042750128049063	0.4243291018679541
6vm8	25.0	0.22727272727272727	-12.086553380169807	47.81767745399817	47.81767745399818	30.965571240734892	3.177051628780444	-0.023349719997474816	0.1360744515259778	0.03156296796506914	0.09736149235380412	0.04456988137322951	0.10118550281606156	-0.8815196236365128	-0.7357642394472217	0.019999999999999934	-8.750000000000002	-1.8373738910039472	-8.060000000000002	22.0	5.0	41.0	0.0	0.0	6.0	0.0	0.0	0.0	4.0	20.0	31.0	2.0	1784.5984201444262	0.0	14.334157569551266	-0.32840468234242826	0.12479749675131739	0.9362563480589315	0.033323397654759265	0.9663750852854017	-0.2549681261188671	6.667785542385043	5.379104810728857	12.809279799678796	0.31814048827770863	-0.1668145943070974	0.9332521206450287	-0.07798644403056049	-0.9934459210559291	-0.08356623787058243	5.901864212354789	5.362472335031315	1.0	0.46217068308113696	2.260068502145407	1.132799488649751	0.6818181818181818	0.6363636363636364	0.42857142857142855	0.5454545454545454	0.11732268455746891	0.33875620036458537
6vma	24.0	0.47368421052631576	3.723771448325023	72.79742333623743	72.79742333623743	30.238979518468703	3.6679475386000227	0.10445640422923624	0.05025007830696923	0.038477172534881234	-0.08258269622076446	1.2433757610660423	0.19811835075469691	0.7813157110128	2.2228098228335385	0.12000000000000005	-5.999999999999998	4.054435036312571	-5.299999999999998	19.0	7.0	39.0	0.0	0.0	4.0	0.0	0.0	0.0	1.0	16.0	34.0	3.0	1702.0289583062367	0.0	13.96071767174949	-0.6186078607909693	0.013223322735319742	0.785588606180232	-0.41594068320221056	0.88117657917033	-0.22476917944556574	6.448046708305583	5.709051080386523	13.406767672314324	0.09420977342757854	0.12424523709641204	0.9877690213305954	0.310382034520534	-0.9329799436579089	-0.1822399983260861	6.428117872974846	5.140234030055019	2.0	1.0819922199645151	1.3337090175877577	1.2421656899146174	0.6842105263157895	0.8421052631578947	0.125	0.05263157894736842	0.006431490485752449	0.026366107184208242
6vmc	24.0	0.47368421052631576	4.243086000581505	72.57078839066665	72.57078839066665	30.288251321485735	3.681745550901854	0.11752634136363965	0.05153572169188151	0.028853543607730188	-0.0838877809045372	1.2433757610660423	-0.09874123958646985	0.9921617345166038	2.136796255996176	-0.54	-8.8	3.7500285209195967	-8.57	19.0	7.0	39.0	0.0	0.0	5.0	0.0	0.0	1.0	1.0	15.0	33.0	3.0	1757.992611253274	0.0	13.94436438387398	-0.6405587512430583	0.018571105583758768	0.7676845707059011	-0.42959467738444657	0.8761703928672303	-0.2185723117864341	6.889801270556712	5.777504017717683	13.255379166993492	0.06877937344467214	0.12519332902742755	0.9897454359605335	0.3049792516639199	-0.937278988365704	-0.16880685306189283	6.3549707363414	5.2353458923459035	3.0	1.6138164665186054	0.9098175869248886	1.2653897999434436	0.6842105263157895	0.8421052631578947	0.25	0.05263157894736842	0.018741400228089965	0.06994171406593912
6vmx	25.0	0.5	0.8112034454243082	74.63950933045716	74.63950933045716	30.095468449193504	3.7212064726650036	-0.01047347605917212	0.11290447481823723	-0.00876533100056447	-0.05307064004704623	-0.18974810477952425	-1.0219151693030855	-1.9345336398307431	-3.1461969139133528	1.8900000000000003	-8.36	-3.3627518673413883	-9.209999999999999	20.0	5.0	37.0	1.0	2.0	8.0	0.0	0.0	0.0	1.0	15.0	26.0	4.0	1794.3859012602588	0.0	13.943374254945143	-0.4751465559820039	-0.011207392455014724	0.8798352939893708	-0.5292141353144222	0.8448500443033555	-0.07849077175763924	5.648033272585785	5.363124327539943	12.760942426824215	0.3910851324234786	0.12334567462442302	0.9120516781367315	0.5033928068119754	-0.8316421483241518	-0.23445046131670727	4.876266077600382	5.4180891625642795	0.0	0.0	0.5969497580257608	1.3894884891483268	0.8	0.75	0.06666666666666667	0.0	0.9215523481193325	0.9988186851967916
6vqo	17.0	0.43478260869565216	-2.1443050621052224	51.41716332289991	51.41716332289991	32.20034643660428	3.2961383375826583	-0.10447404716977118	0.2032496810432141	0.20276746776684348	-0.09351356846213868	-1.5551091677617683	0.12410807779645819	-1.412039681425406	-2.843040771390716	2.0700000000000003	-10.06	-0.5890451134490826	-7.970000000000001	23.0	7.0	24.0	1.0	0.0	3.0	0.0	0.0	1.0	1.0	13.0	20.0	8.0	1426.4384102031654	0.0	11.844345322072032	0.07875362031516106	0.3047373099557538	0.9491749254164531	-0.09409789367091294	0.9849057782350235	-0.1452797096510173	6.355354341900639	5.410134705361707	16.27036014658135	0.6231307330657139	-0.05364904652872503	0.7802755085177426	0.04263423201287285	-0.986627111293935	-0.1573189916590515	7.770632458447355	5.210538666530048	4.0	2.1306137533449228	1.5638295857142888	1.372974037723444	0.782608695652174	0.7391304347826086	0.058823529411764705	0.13043478260869565	0.7468829697205414	0.9934397935607397
6vrm	22.0	0.2727272727272727	3.7437493930231107	73.46543913656873	73.46543913656873	31.415795467450113	3.675063627160847	-0.20706446733129594	0.19132081313218902	-0.039314626053985474	-0.137121540824444	-0.3119283303937439	-0.46535626945060293	-0.7530503093761318	-1.5303349092204785	-0.31000000000000005	-9.33	-3.5534498194725286	-8.09	22.0	5.0	32.0	2.0	0.0	7.0	0.0	1.0	1.0	1.0	13.0	23.0	6.0	1562.128433902497	0.0	13.866602187361865	-0.024662167016740524	0.10740761218791728	0.993909141832339	-0.4102604918226905	0.8771768039280087	0.2494938539542071	6.19035954162627	5.897541170675403	13.563161578534451	0.6192783166104954	0.1927067239589963	0.7611560188092872	0.2595125626310846	-0.8592517307294766	-0.4408397585187641	5.180256870835745	5.206112178388972	2.0	0.9786765065329774	1.6352219899207543	1.350373386266305	0.6818181818181818	0.8636363636363636	0.5789473684210527	0.45454545454545453	0.7689168306838912	0.9991008164995204
6vrn	21.0	0.2916666666666667	-15.741166384380795	52.91105362960946	52.91105362960947	33.64777390986662	3.168152376504345	-0.3854562068807573	0.15783658176135748	0.3234715320314267	0.06779656446264654	-0.8341506544172602	-1.1147203069425742	2.242193503856496	0.2933225424966617	-1.3900000000000001	-9.620000000000003	1.0036807686908582	-7.730000000000002	24.0	6.0	29.0	0.0	2.0	4.0	1.0	0.0	0.0	1.0	15.0	22.0	8.0	1684.2561392843927	0.0	14.056532692940259	0.36041094236095655	0.03322443124646779	0.9322017430001692	-0.08151424890693446	0.964903381128266	-0.24963351525519994	6.141268192913277	5.351738720286842	19.200938560272053	0.7802148609433215	-0.22113715460987582	0.5851180474998868	0.027322654184589103	-0.9985713584826266	-0.0459207382598561	8.76363671263139	5.206423538026925	2.0	0.9039483485248709	2.0394160133424055	1.3205837884488918	0.625	0.625	0.6	0.4166666666666667	0.6537794017463655	0.9881509126093686
6xc9	29.0	0.36585365853658536	5.33157778962589	28.769896263957566	28.769896263957573	NaN	NaN	NaN	NaN	NaN	NaN	0.022737840825364897	0.14260848191776201	0.9357468293914105	0.547923716784307	0.40999999999999986	-7.66	1.6020103377159136	-1.5599999999999996	41.0	15.0	51.0	0.0	1.0	7.0	0.0	0.0	1.0	2.0	32.0	41.0	8.0	2330.405030435246	1.0	17.696272458426282	-0.7727920955473246	0.13314092534987493	0.6205367603482774	0.38262916065310315	0.9023000843485683	-0.1986189387630693	6.4501760261936205	5.448102414658269	13.200589288185213	-0.33823144769642766	-0.30272839787306177	0.8910415280776085	-0.43889681605883796	-0.8975025828267491	-0.043112623124062804	4.066696422992829	4.998861659688174	12.0	9.339616106805495	3.98636039385961	1.1981672203015854	0.6341463414634146	0.4166666666666667	0.6	0.2222222222222222	0.10797406670311824	0.4258225365564197
6xco	25.0	0.4074074074074074	11.453033211100482	43.451410666662085	43.45141066666208	NaN	NaN	NaN	NaN	NaN	NaN	0.851680540943561	0.38846905951620403	-0.9058888226646817	0.23305361528563395	-1.39	-7.450000000000001	-4.100333277408822	-2.0100000000000016	27.0	13.0	52.0	0.0	2.0	7.0	0.0	0.0	1.0	2.0	21.0	41.0	5.0	2053.21498441487	1.0	16.014602908341733	-0.768012815256395	0.15645815423552226	0.6210291148169094	0.12449820575910144	0.9788198846358317	-0.1625171677642562	6.918592179731317	5.179383944056333	15.595470491386592	-0.18233118484986924	-0.2176125410604335	0.9588535450610909	-0.05286873084725636	-0.9980520992911446	0.033119541193912305	6.867129840821297	5.12499356489851	14.0	11.082101376080807	2.7224534908768163	1.144284423520955	0.6296296296296297	0.34615384615384615	0.5555555555555556	0.15384615384615385	0.21971425062302768	0.6151038148017447
6xcp	26.0	0.47619047619047616	-1.6444708087979585	58.1378024570156	58.13780245701559	NaN	NaN	NaN	NaN	NaN	NaN	-0.3877924051118987	-0.889936168367381	-0.5535593904621713	-1.9324951264508998	-2.25	-10.399999999999999	-3.9409061369581266	-3.6099999999999985	21.0	11.0	49.0	0.0	1.0	5.0	0.0	0.0	2.0	4.0	15.0	39.0	4.0	2014.8193814804836	1.0	12.730796892190284	-0.5010644258374475	0.015759288545627095	0.8652664825518351	0.19093477383743654	0.9795632544287752	0.06324351687314629	7.332855569333622	6.991293089285239	12.75733765812591	0.29039805533703045	-0.08267935720194515	0.9533273798608596	0.06241724517445065	-0.9967339008799317	0.05124078407756673	7.159487145702671	5.146367658915041	5.0	3.644117747903574	1.9108602271529582	1.175021134584742	0.6666666666666666	0.45	0.1111111111111111	0.0	0.6039959702467868	0.8325866040305545
6zkw	25.0	0.3125	-5.2524759191852235	81.33306408186776	81.33306408186776	31.99930459675298	3.692590794584695	-0.24796656015449792	0.0860645607721367	0.4583262303669033	0.08700216271986566	0.3286492422003491	0.48625526417962683	0.9297150576008264	1.7446195639808022	-0.17000000000000035	-8.75	-0.2484170011192104	-7.12	16.0	5.0	42.0	0.0	1.0	5.0	0.0	1.0	0.0	2.0	12.0	33.0	4.0	1635.085501866779	0.0	13.271986788833738	0.15959135796901575	-0.07415700635087139	0.9843938930732906	-0.47926018010629906	0.8232170690210064	-0.30434082318554845	4.951846703251519	5.2675437485327965	19.06933106894397	0.6787764529133922	-0.08826196343955398	0.7290215035753252	0.6274406770073659	-0.7690061060179522	0.12226121780887528	8.720176246734948	5.501532147319349	2.0	0.9573920536536615	2.444045731040937	1.1162272178340822	0.5	0.625	0.2	0.375	0.020232907002594388	0.13815245402883233
6zkx	31.0	0.3333333333333333	-3.8395938979278563	85.25656219906371	85.25656219906372	31.82486149610874	3.713490171952448	-0.24215620472859434	0.07997162691083867	0.46052659712722765	0.10169417423114421	0.43221096513365603	0.48625526417962683	0.9297150576008264	1.8481812869141092	1.6800000000000002	-12.720000000000002	-0.2484170011192104	-9.39	15.0	5.0	55.0	0.0	4.0	12.0	0.0	1.0	0.0	2.0	11.0	36.0	4.0	1975.1640124585501	0.0	14.155090795647984	-0.31309394780372984	-0.08160542477024152	0.946209667227857	-0.5231748755695377	0.7716418081780085	-0.3617415777517835	4.981242920158179	5.402154844272292	17.15414208378774	0.3592130972184824	-0.05141030598935753	0.9318384683560751	0.67620031547665	-0.7051623229169602	0.2133054882594969	8.71758933147042	5.4642816156335865	4.0	3.093049489135462	2.0585791992925673	1.106992851884104	0.6	0.6666666666666666	0.2	0.3333333333333333	0.23754818076969397	0.8624012084509582
6zky	24.0	0.38461538461538464	-5.477373243428214	83.90214884340382	83.90214884340384	32.13342767378032	3.6799111413863113	-0.2480326083598398	0.08804467422116466	0.44200529741397065	0.09084819722706441	-0.05737210625254996	0.07685055806738182	0.9297150576008264	0.949193509415658	0.07999999999999968	-5.1	-0.6458240141223326	-3.3099999999999996	13.0	5.0	40.0	0.0	2.0	6.0	0.0	1.0	0.0	2.0	11.0	29.0	2.0	1571.5875683205632	0.0	13.430567502987286	0.3645630044348019	-0.07338923028034927	0.9282821966015584	-0.5228620376924544	0.8263604188738221	-0.20915005924900193	5.525514273444268	5.33454489089395	19.87523093517836	0.79722556188363	-0.06611709773398222	0.6000499418931208	0.6528929875191801	-0.756048298380376	0.04606209935312297	8.739807121410566	5.440684091000812	3.0	1.3190085754455687	0.9115126722997964	1.3151728490066765	0.5384615384615384	0.6923076923076923	0.1111111111111111	0.23076923076923078	0.03749709720890148	0.2941919353742393
6zkz	25.0	0.3333333333333333	-5.291466560185161	82.6896376449438	82.6896376449438	31.75796956724746	3.6930940087340685	-0.24480702646356164	0.08553423248680035	0.45250142975217383	0.08968987547955742	1.265576282119261	0.48625526417962683	0.9297150576008264	2.681546603899714	-0.66	-3.959999999999999	0.9138733468522244	-2.999999999999999	15.0	5.0	44.0	0.0	3.0	7.0	0.0	1.0	0.0	2.0	11.0	31.0	4.0	1700.8037371713872	0.0	13.234017318863009	0.33335854223628475	-0.0666584675976572	0.9404407109778402	-0.5292244491725546	0.8048161275016648	-0.2686865886719595	5.165628461296671	5.276279897157419	19.677161940158776	0.7717206443334559	-0.07697603358957122	0.6312859393814598	0.6599154754599854	-0.7492705984334016	0.055723740034167524	8.675097289719542	5.430685629206956	2.0	0.9399425719374737	2.148315695170602	1.1109991012137692	0.6	0.6666666666666666	0.2	0.3333333333333333	0.0530252767288626	0.5182566998244199
7byd	26.0	0.0	16.730115836267323	57.41647832834112	57.41647832834112	29.446198811966124	3.3070327310562804	0.16415064736960863	0.064768425400557	0.006773491749940558	-0.007844553777420408	-0.039549656137982	0.0	1.2498443051790655	1.2102946490410835	0.41999999999999993	-3.0000000000000004	1.2439491544471672	-3.0800000000000005	10.0	3.0	49.0	0.0	1.0	6.0	0.0	0.0	0.0	1.0	8.0	41.0	2.0	1773.6573462062297	0.0	20.087298495215922	-0.9542264691444757	0.07708945159895689	0.28897934517309987	0.03530085659650685	0.9602198209071027	0.27700495439497325	11.483006759839103	6.637388287101676	11.448372717738623	-0.8111463579704776	-0.02670409542592657	0.5842332385820026	0.0863957231307684	-0.9901167734486004	-0.11047422137143734	5.008188830119224	5.3645266637840985	0.0	0.0	0.9555538477461973	0.9834004908779164	0.5	0.9	1.0	1.0	0.01615323566320147	0.07183062898806693
7dzm	18.0	0.5	-15.701053722143662	63.26714412428426	63.26714412428426	31.74236690064078	3.4440378767433226	0.01434000384929213	0.20218458342974327	0.20133544091621886	0.23447915964081012	-0.9625173487266722	0.12295435589932079	0.0	-1.6154378094177622	-0.9199999999999999	-8.39	-1.6594971496791113	-3.579999999999999	14.0	5.0	29.0	0.0	1.0	4.0	0.0	0.0	0.0	2.0	9.0	22.0	5.0	1381.190516169252	0.0	14.690583833388034	-0.19393379638284008	-0.16177464546862202	0.9675839222351202	0.02613502286075742	0.9879462142140532	-0.152575352202086	5.480289518755829	6.653428590117415	17.390513300121864	0.46800145920292624	-0.22253038059172517	0.8552513453848689	0.11220731956099955	-0.9742551483762381	0.19554135859775795	9.783263050783326	5.304018001939479	2.0	0.9220080793030783	0.5667081698021113	1.467949724131562	0.7857142857142857	0.5384615384615384	1.0	0.07692307692307693	0.48295992385321873	0.8767510272600108
7dzn	17.0	0.5	-16.084477788059388	64.62954641876374	64.62954641876374	31.789319764559085	3.4739558020143857	0.028963848968036335	0.2112130953317522	0.21829616066613888	0.23443622340082573	-0.9625173487266722	0.12295435589932079	0.0	-1.6154378094177622	-1.51	-5.910000000000002	-1.6594971496791113	-3.1900000000000013	14.0	5.0	28.0	0.0	1.0	3.0	0.0	0.0	0.0	4.0	10.0	20.0	4.0	1342.0918876308278	0.0	14.631475201920534	-0.1906979129464101	-0.18193201286948862	0.964642445963502	-0.007897018486895212	0.9860883823463831	-0.16603415011081157	5.529265005098665	6.722881062053607	17.418999024165284	0.46822367964259165	-0.2200607748025836	0.8557685674879751	0.1557031242249006	-0.9707663001291109	0.18267273267650216	9.826374814584785	5.308679638064797	4.0	2.089693631757686	0.6559634370940386	1.3899771397887102	0.7857142857142857	0.5384615384615384	1.0	0.07692307692307693	0.43426613976261585	0.8525980773224155
7jwi	22.0	0.0	-32.88407275107597	120.2607332527595	-120.2607332527595	35.41250043233796	0.2945402145596949	-0.6962457045996719	0.1367014093350164	0.3646465738121352	0.5315890983100233	-3.518152097306624	0.0	0.0	-4.356724933123995	-1.6900000000000004	-6.4	-5.493655889722055	-4.51	13.0	6.0	48.0	1.0	2.0	8.0	0.0	0.0	0.0	5.0	10.0	33.0	2.0	1819.979614662323	0.0	23.996382659459893	0.7117452767034986	0.4112368060647792	0.5694760314047937	-0.1051545700858818	-0.1954419813233757	-0.9750615098259254	14.101626721516416	5.229665755469009	22.369857637279747	0.4904441917013494	0.10934767636010762	0.8645852071436622	-0.17255531248854497	0.3321534035115431	0.9273072739319805	14.20529318490877	5.255999704567852	0.0	0.0	1.5540322321386366	1.1683402517641324	0.6153846153846154	0.0	NaN	1.0	0.834272335328858	0.999534931938471
7jwj	19.0	0.058823529411764705	-15.80703996065179	34.28595796615589	34.285957966155884	32.45144104878602	2.812222808474088	-0.1761290475761563	-0.03998525199734685	0.03184702008842581	0.06985544018554579	0.06652809322679387	0.0	0.7454893338919273	0.8120174271187213	2.1	-5.260000000000001	-0.9931537073565055	-3.330000000000001	17.0	5.0	30.0	2.0	1.0	2.0	0.0	0.0	0.0	1.0	14.0	26.0	1.0	1483.5906030492988	0.0	18.069832215369843	-0.15802231930562813	0.26995958741126325	0.9498161757178749	0.042918171781611586	0.9810516987641573	-0.1889327777607414	12.211879957480896	5.398176854119465	12.544733812624838	0.23969837826747065	-0.02213862756181434	0.9705949559245578	-0.42085967538920277	-0.8973439852418036	-0.13285671007943345	4.599327667811394	5.427085402724728	1.0	0.6295677963291135	1.6854731807563805	1.0838090652570438	0.5294117647058824	0.5882352941176471	1.0	0.8823529411764706	0.041701077524601296	0.9483675345334835
7n1e	24.0	0.4482758620689655	-12.19598957231417	56.34922719061082	56.34922719061082	30.827555620620352	3.3126505045702714	-0.17908010804298663	0.2982606156567041	0.10664430400621458	0.010026043842931313	-0.6063869623807896	-1.718221347427575	-1.5864044069884398	-4.285706166238215	1.23	-7.97	-5.147697599237985	-5.529999999999999	29.0	6.0	30.0	0.0	0.0	6.0	0.0	0.0	2.0	3.0	21.0	21.0	6.0	1603.735976033211	0.0	12.11280510629236	0.11257337611197334	0.166752875987386	0.9795512815445516	-0.06815612467640829	0.9904445602565709	-0.1198929329332659	5.043775491736519	5.556779357328729	14.929694760959503	0.7662908367435272	-0.1193540323795788	0.6313105165793438	0.022956288580134553	-0.9981080438945443	-0.057038067512733055	4.450746510016249	5.234997115924855	4.0	1.8845811148503984	3.097126455248683	1.1826133436176849	0.6206896551724138	0.8928571428571429	0.12	0.14285714285714285	0.837559270165489	0.9553315170586235
7n1f	23.0	0.4444444444444444	-3.361942829358682	65.0266110441541	65.0266110441541	29.766103015268662	3.4960499906241815	-0.014408883045093315	0.1970070636625807	0.20434217570236113	-0.028007115271189827	-0.22682370718434233	-1.4189658805842047	0.45021340583370284	-1.1955761819348443	1.32	-14.92	-7.154203330009597	-13.219999999999999	27.0	7.0	35.0	2.0	2.0	4.0	0.0	1.0	0.0	0.0	19.0	28.0	6.0	1808.6994497793858	0.0	12.41500385674223	-0.1098627835392533	0.0015798738309182742	0.9939455078778665	-0.19264163641438692	0.9603484234490461	-0.20154430068175502	4.797832393119453	5.53678103814771	15.246293930917197	0.601852116467991	-0.04176823199312704	0.7975145419163143	0.21527857816897925	-0.975100425294108	-0.05323808775787843	6.268176368770533	5.199172386163553	4.0	2.1250652772624368	1.674695295146758	1.3649993255714916	0.7777777777777778	0.48148148148148145	0.07692307692307693	0.1111111111111111	0.7689185435253256	0.9997578597866061
7n2n	23.0	0.375	2.2818908957458794	41.19547282479065	41.195472824790656	31.184171157655555	3.170551313297626	-0.09226601152457702	0.16147906502553933	0.146432759720857	-0.17466748912590233	-0.33215698033319496	-0.20540336425318	-2.6152040666529204	-3.1527644112392954	1.7	-3.8400000000000007	-2.0823128849642156	-1.040000000000001	16.0	5.0	41.0	0.0	3.0	4.0	0.0	1.0	2.0	2.0	13.0	31.0	1.0	1797.6208369147862	0.0	14.173389337346846	-0.048860312517306936	0.4998530884459511	0.8647309175059292	0.009307715761517076	0.9979087849642229	-0.06396423173471678	9.749764432385337	5.303368062734693	14.59298246490651	0.6342215403257561	-0.15578953623518715	0.7572929803249194	-0.13280729494471008	-0.9710637335798828	-0.19848790226716823	5.0620112133783906	5.142092891327428	3.0	1.2803700794941397	0.9381535466262965	1.2394771717711006	0.8125	0.6875	0.8181818181818182	0.25	0.6611324328493559	0.977124271689851
7n2o	23.0	0.5	1.2469452626617246	41.702913597558094	41.7029135975581	31.94930827390195	3.162959758106753	-0.06443026450030714	0.24487618312995185	0.07215591537754976	-0.19560915833134776	-1.5316045126828735	-0.7012015545810547	-1.2662886058154217	-3.49909467307935	3.2	-12.580000000000002	-3.548596663115382	-10.14	20.0	6.0	39.0	0.0	3.0	5.0	0.0	1.0	3.0	2.0	16.0	28.0	1.0	1871.5359272756396	0.0	14.023018829989082	-0.002122737769053539	0.4768639241221306	0.8789745682968217	0.0761357930996913	0.9970788300955515	0.006094851508463055	8.993811248534271	5.413345281258161	14.793335991469336	0.6663699300967403	-0.11046115238655833	0.7373936872126742	-0.13773274184885992	-0.9655376283616772	-0.22083201682298695	4.9999128147153495	5.176048236943521	2.0	1.1195979346528695	1.4021619349813323	1.137026530785894	0.75	0.65	0.5384615384615384	0.0	0.852118590563764	0.9924338971425224
7n2p	21.0	0.36363636363636365	-0.8944037314938278	45.62210386861494	45.622103868614936	31.33353287398144	3.2068624564788144	-0.06634995929438144	0.18557540862153937	0.10507820928388359	-0.1695429571361814	-1.7123974752686315	-0.315444869429137	-1.2437591858617403	-2.734539770601682	1.85	-3.9899999999999998	-2.203594190708326	-2.4899999999999998	22.0	7.0	41.0	0.0	2.0	4.0	0.0	1.0	3.0	1.0	17.0	33.0	2.0	1739.3905123019285	0.0	14.815646300845277	-0.06655769596335395	0.2739042024836332	0.9594511768896123	-0.09336700951050325	0.9954222286182575	-0.020425179642641473	8.923170887625217	5.80900109287348	14.438171538548144	0.6515430124423454	-0.13240925407676057	0.7469668615366198	-0.057286102144768244	-0.976435003466018	-0.20806966648244937	5.075151519529851	5.034498581014329	2.0	1.0821606803878918	1.9343252950202925	1.2044005888392275	0.6363636363636364	0.6190476190476191	0.8461538461538461	0.23809523809523808	0.3415339935845987	0.8789605919951835
7n2q	21.0	0.36363636363636365	-0.3536866456504132	43.21890203542637	43.218902035426375	31.559577490325093	3.15635815460324	-0.0345384221326101	0.21987630676669398	0.09838424610136197	-0.18197519989800487	-1.6529384053619784	-0.315444869429137	-1.540133419151574	-3.4445444563017618	2.6700000000000004	-13.140000000000002	-2.9135988764084058	-10.310000000000002	22.0	7.0	38.0	0.0	3.0	4.0	0.0	1.0	2.0	1.0	18.0	29.0	2.0	1746.541782491011	0.0	14.957294646583863	-0.059000804023475226	0.2930375384382913	0.9542787360393693	-0.04784479710185155	0.9985983466784697	-0.022632212757936598	9.24958638254059	5.763872924981361	14.385995612317583	0.645666529351754	-0.13043717865565851	0.7523967538208737	-0.0900550590117125	-0.9729475118517643	-0.21275155732552942	5.016199877054944	5.216215784045773	1.0	0.48607345269212887	1.7958064514042422	1.1529866501296882	0.5909090909090909	0.6190476190476191	0.8461538461538461	0.23809523809523808	0.6717264333006503	0.9741540669454125
7n2r	19.0	0.2777777777777778	-0.8964783491736525	46.40360493913534	46.40360493913534	31.226809128350546	3.2033983345003567	-0.0762542580296676	0.1991149871479957	0.10997381938754369	-0.16759396528136059	-0.45349087301229996	0.0	-1.5621224056244258	-1.494424867835189	1.5199999999999998	-2.44	-1.3334410701236492	-0.5799999999999996	18.0	5.0	40.0	0.0	2.0	4.0	0.0	1.0	1.0	1.0	15.0	32.0	2.0	1610.7118071222503	0.0	14.835653657176431	-0.054953887106936244	0.26931810702588127	0.9614820993575616	-0.08615070939019412	0.996174121725609	0.01466881466740131	9.722797033401575	5.681310352553677	14.54438426928753	0.6482692922934711	-0.12246403530281622	0.7514981600703777	-0.07693509273910949	-0.976306650153553	-0.20225309880644177	5.07547324972477	5.071448914362514	2.0	0.9431591502492842	1.173587078311218	1.190102525552499	0.6666666666666666	0.6470588235294118	1.0	0.4117647058823529	0.12839686851515744	0.7114372413934078
7n2s	26.0	0.3684210526315789	2.341551230425516	43.40566623816271	43.40566623816271	31.05021933250406	3.1763481515270384	-0.07454557410318387	0.15647477430687645	0.14736404042900347	-0.1611533979012499	-0.33215698033319496	-0.3053048820616975	-1.51897421439305	-1.6352476659864055	2.8399999999999994	-4.14	-0.39031196336056007	-0.07999999999999918	19.0	6.0	47.0	0.0	2.0	9.0	0.0	1.0	1.0	1.0	15.0	34.0	3.0	2048.659184978729	0.0	13.1078132764798	-0.07995284185528151	0.4420112827695033	0.8934391802641868	0.03903162248303334	0.9970986762774227	-0.0653510661753813	9.150382439728467	5.526473288704948	14.295564636661691	0.6248365200485897	-0.14937335061838153	0.7663334295192289	-0.06772393218865991	-0.9789009360343388	-0.192785959165477	4.916667379931065	5.146037967231245	1.0	0.4844985504541346	1.793235849511401	1.14635232332574	0.7368421052631579	0.7222222222222222	0.6923076923076923	0.2222222222222222	0.5097521466144792	0.950862396839671
7n4k	23.0	0.38461538461538464	-9.185513986934462	63.50942402040835	63.50942402040834	31.267752197946525	3.344729718960919	-0.1854235904741337	0.2576815720898863	0.0984024093511353	-0.04643187298164938	-0.09702255663856812	-0.4996873953533669	0.024002211764405812	-0.5587875869706654	0.019999999999999928	-7.5200000000000005	-0.5875108298422497	-6.78	26.0	7.0	29.0	0.0	1.0	3.0	0.0	0.0	0.0	1.0	18.0	24.0	8.0	1657.2414960915048	0.0	12.95363164907548	0.1827549894992872	-0.006597923940179287	0.9831363491695332	0.09138570897247959	0.9916182670933482	0.09133380683253048	4.2882398216177045	6.852592052205853	16.351214375938216	0.793605075680395	-0.04152846304956433	0.6070143083064357	0.10847838440270827	-0.9786196063107513	-0.17474583223693368	4.163497372022299	5.299561560336572	1.0	0.44194695109116644	1.268022080953021	1.4010904980033119	0.7307692307692307	0.76	0.3684210526315789	0.2	0.41850388940476835	0.8532244895198543
7n5c	22.0	0.37037037037037035	-9.939213413953315	64.78894841804974	64.78894841804974	31.32336808434288	3.366322781176982	-0.21008523793824022	0.24635428632576062	0.07719037043801016	-0.023777044734838923	1.1323201376487022	-0.9797717318467072	0.024002211764405812	0.19047077082326447	0.1600000000000001	-9.479999999999999	-0.6848338006425899	-8.2	27.0	7.0	30.0	0.0	2.0	3.0	0.0	0.0	0.0	1.0	19.0	24.0	8.0	1583.5135566883873	0.0	12.957010145116744	0.19835987453879572	-0.018282486434916582	0.9799587290842171	0.024729907954976836	0.995410513597478	0.09244642111590724	4.327068043039587	6.779567410983915	16.2792847753102	0.798864970250202	-0.03364489408346517	0.6005687140422827	0.13308848346549623	-0.9734326444712108	-0.18632321880410824	4.121085743440938	5.247742718905139	3.0	2.0319768877710422	1.3726987987353585	1.4347477899324443	0.7037037037037037	0.7307692307692307	0.3684210526315789	0.23076923076923078	0.36052494453926165	0.8489021418454317
7n5p	26.0	0.4074074074074074	-8.493957027103693	63.65956296810682	63.65956296810682	31.211816350553534	3.3318193986874864	-0.1933306755940519	0.2524385575442729	0.09743711551596773	-0.04720774064278878	-0.09702255663856808	-0.3829242475977288	-0.13492839223897318	-0.6009550432184065	0.8800000000000001	-9.590000000000002	-0.5639868372120933	-8.430000000000001	27.0	7.0	32.0	0.0	2.0	4.0	0.0	0.0	0.0	1.0	20.0	25.0	7.0	1649.4938636521365	0.0	12.913237374575246	0.18151051278196467	-0.00634987973326008	0.9833685029642355	0.08892109219575749	0.99067165106654	0.10326044183133429	4.281721334988102	6.929842694217095	16.395727732617235	0.7932540977240118	-0.04035744966209147	0.6075518188425189	0.10983714810213178	-0.9799169324936431	-0.16642898164358036	4.139568529726893	5.289320237597566	2.0	1.0840865135286761	2.1050203853218816	1.3221845655915	0.6666666666666666	0.7692307692307693	0.3	0.15384615384615385	0.32567981042289323	0.8174165681481722
7n6e	25.0	0.4375	-2.8567534697275367	74.32521694276481	74.32521694276483	29.466161730130217	3.6311194197543526	-0.014625883676152628	0.18622333569166255	0.20400276481787094	-0.030231351396592637	0.5409847164198687	-0.6279541877296214	0.26369833268704623	0.17672886137729354	1.46	-13.56	-0.21639432860324515	-12.26	32.0	8.0	36.0	0.0	0.0	8.0	0.0	0.0	0.0	1.0	26.0	27.0	6.0	2030.8450728631506	0.0	12.278007804557166	-0.15452792339809998	-0.03314633072435402	0.9874322465298011	-0.36662083613450297	0.9161914093122638	-0.16180996156266553	4.406142653231028	5.657158337872446	14.025465970529636	0.5931581443061105	-0.04049163121174676	0.8040670640578095	0.48369971736618156	-0.8712396999031602	-0.08352226257690339	5.278501529802894	5.1738099829113615	2.0	1.1636245887568726	2.6874865110870445	1.2099822251612165	0.71875	0.65625	0.047619047619047616	0.125	0.2833067922013922	0.7130820599019281
7na5	17.0	0.47058823529411764	-2.1489198449164766	84.34911467182224	84.34911467182224	31.89844532794518	3.6590058210390595	-0.28588042408038095	0.16950149587427696	0.3087778259409318	0.026711124345183822	-0.840978448706312	0.4926747562299986	-0.706829701594274	-1.0551333940705878	-0.1499999999999999	-11.139999999999999	-1.9280849966136424	-9.809999999999999	17.0	6.0	32.0	0.0	1.0	7.0	0.0	0.0	0.0	1.0	14.0	23.0	3.0	1474.9529197120573	0.0	14.474256778540747	0.2660622512982387	-0.10530000690750851	0.958187239969942	-0.6631651387921833	0.7482894170496684	-0.016581515248885598	5.623443551790381	5.343828339538652	16.94832430633226	0.775618201632661	0.07486924772789075	0.6267463609170545	0.5155388643489351	-0.8315224923071894	-0.20685749621936247	6.445986894191228	5.116298339534888	1.0	0.46925874247440147	1.5380788484899872	1.2155601839136994	0.7647058823529411	0.8235294117647058	0.14285714285714285	0.058823529411764705	0.3242392957776811	0.7448830013620393
7ndq	25.0	0.2857142857142857	7.026412207810017	102.58130802871699	102.581308028717	30.23669513743971	4.071873588899988	-0.08776675610253104	0.10681871496283678	-0.13686659052531064	0.009769933614723338	0.0	-0.6577216763307318	-1.37571332628877	-2.033435002619502	-1.3899999999999997	-12.44	-3.1232350707724335	-9.739999999999998	14.0	8.0	46.0	0.0	3.0	9.0	0.0	1.0	0.0	1.0	13.0	32.0	1.0	2054.1340133634985	0.0	14.277338078428158	-0.19019359905542532	-0.21350663813417575	0.9582490856822689	-0.4873250165235792	0.8064177549887391	0.3349697484871539	7.409357318446555	6.500518632448636	12.274146658962092	0.4689313928779662	0.3295894149874424	0.8194352726962771	0.6900105957841101	-0.5812674218028689	-0.4312928954820875	5.1148211867952105	5.509945823029242	3.0	2.2316888202512857	1.0678998062183713	1.1170504180420744	0.6428571428571429	1.0	0.42857142857142855	0.42857142857142855	0.9076354747671953	0.9834808246205216
7ndt	21.0	0.4444444444444444	-9.390093274698566	62.14954361699827	62.14954361699826	30.169873857858395	3.2999064019922453	-0.06957921006450755	0.17939128669734342	0.1990737602308687	0.07846723764365474	0.7583241146152055	-1.2209308079284507	-0.2357198756421589	-0.6983265689554041	2.33	-9.749999999999998	-2.755801938167834	-8.419999999999998	18.0	5.0	44.0	1.0	5.0	5.0	0.0	1.0	1.0	1.0	11.0	32.0	5.0	1861.3424518579814	0.0	13.263324831970442	0.06391179183839565	-0.028232064060078492	0.9975561303867174	0.10377270543909194	0.9941167030708193	0.031035559645548924	4.853220153266115	6.270699293574701	17.353463579705064	0.6916943863003283	-0.11836854669696757	0.7124238647028951	0.13630601468016607	-0.9906510900888604	0.005575632876349296	9.31028234507302	5.1841441234390295	1.0	0.5393233013886065	0.9348435790173264	1.5063048182544376	0.7777777777777778	0.7222222222222222	0.07692307692307693	0.1111111111111111	0.9008306277772914	0.9997775330423583
7ndu	27.0	0.3076923076923077	9.554653000040858	100.31900971497858	100.31900971497858	29.83283439410283	4.01495560385831	-0.05916401658976718	0.15051292182627765	-0.1794524615152232	0.004098298578934662	0.0	-0.6577216763307318	-1.078521155285467	-1.7362428316161984	-1.6500000000000001	-7.5	-3.06464090650638	-5.98	13.0	8.0	52.0	0.0	1.0	8.0	0.0	1.0	1.0	2.0	11.0	40.0	1.0	1941.1950769358737	0.0	13.657941968622609	-0.03417917078310312	-0.1958947423859694	0.9800290985698735	-0.4076373908288107	0.8238657933404078	0.3937980597399845	8.065449655702775	6.517134979942608	12.6874821640341	0.6313051477680581	0.3151276564837045	0.70862428011112	0.6267739364452991	-0.556538300072643	-0.5453618548957107	5.43590465281248	5.407940448710325	3.0	1.8430919046498246	0.8967694483201272	1.1900903943477572	0.6153846153846154	1.0	0.38461538461538464	0.38461538461538464	0.43950528357937585	0.6180549491222864
7nme	27.0	0.48148148148148145	-4.496640103122252	57.670855040305796	57.6708550403058	29.919145780158214	3.3504461868780147	0.003716918885488822	0.2675628608419688	0.1588427661511017	0.03447736016499186	-2.410378540533157	-0.6216524803302808	-0.1674475358260018	-3.199478556689439	1.97	-9.81	-5.224929921529778	-8.780000000000001	27.0	6.0	48.0	0.0	0.0	7.0	0.0	0.0	0.0	2.0	21.0	39.0	6.0	2152.4345982906816	0.0	12.772126378324899	-0.182901784453054	0.13668989032225537	0.9735824623374169	-0.19224547451424048	0.9774740058190735	-0.08709905347975137	4.60202658684001	5.559561415276668	14.454949548670925	0.5739515153011306	-0.12176741364205874	0.8097853758373876	0.1201382641317021	-0.9927520139146149	-0.003199370085428796	6.04374974631025	5.115679733155461	2.0	1.090047170425827	2.604430686309716	1.1305712610353322	0.5555555555555556	0.5555555555555556	0.2	0.037037037037037035	0.7139811491427598	0.9624966024320941
7nmf	28.0	0.44	-4.119893829082678	56.89593554625296	56.89593554625296	30.039445142110054	3.3385015312849515	-0.00007398422320381326	0.254793012240481	0.15981395344343183	0.02969214183028433	-2.317965394838107	-0.672194619228682	0.004750539641499019	-2.98540947442529	1.9500000000000002	-11.479999999999999	-5.305653892551609	-9.849999999999998	25.0	6.0	46.0	0.0	1.0	8.0	0.0	0.0	0.0	2.0	18.0	35.0	7.0	2118.1792626154565	0.0	12.693953000076894	-0.1862392824620947	0.13134543934662632	0.9736854240838211	-0.18679769243771854	0.9783412463975711	-0.08919095999225916	4.411006938138379	5.6681264986297295	14.644291964092636	0.5618477563737834	-0.12420372018420708	0.8178633959369848	0.12192083753991632	-0.9922040550984994	-0.025815151313953108	6.467808037078192	5.231531360865102	2.0	0.8730818762572308	1.9911519686443797	1.2062722677407003	0.76	0.56	0.42857142857142855	0.12	0.8840236320023981	0.9887468862820679
7nmg	27.0	0.48148148148148145	-4.518418639366511	56.489103223169174	56.48910322316918	29.703010863122284	3.3390292694467654	0.001310716019987626	0.2703077236412711	0.1744507407003478	0.03347491392556146	-1.9642513517823876	-0.5762576766335474	-0.5336919307808858	-3.074200959196821	1.9000000000000004	-18.97	-4.855117582741633	-16.189999999999998	27.0	6.0	45.0	1.0	2.0	9.0	0.0	0.0	0.0	2.0	20.0	32.0	6.0	2117.164942878564	0.0	12.76337306141707	-0.1870914029387475	0.11761464291125609	0.9752761673303469	-0.1839994977113411	0.9783843381304033	-0.09438363938282644	4.439324649351477	5.556176517253946	14.604296546692503	0.5613854918197171	-0.13467418652670812	0.8165226224182388	0.06154344340012125	-0.9977467958349998	-0.026715830128475705	6.133748583854871	5.050579901352998	6.0	2.8707531783158133	2.6431955971321752	1.2350803171777243	0.7037037037037037	0.5925925925925926	0.25	0.037037037037037035	0.9697739944096879	0.9997697742987203
7ow5	22.0	0.35	7.906842408262278	69.34450316396406	69.34450316396406	33.2631896402288	3.589544838365345	-0.23197581232327116	0.0385015366272176	0.005554757635392762	-0.18657022098130377	-0.06342966327385141	-0.103561722933307	-0.7511279441972682	-0.9181193304044266	2.2799999999999994	-2.329999999999999	2.500417457689699	-1.9299999999999988	20.0	6.0	44.0	0.0	3.0	7.0	0.0	0.0	0.0	2.0	17.0	32.0	3.0	1658.2696765352994	0.0	13.72461696705609	-0.05237632858111439	0.3014566343515226	0.952040239519366	-0.42423241046168464	0.8983975649372888	0.11361635828172859	9.002950941568763	5.564576976461363	14.396691025029916	0.6423934334634533	0.20407680808615938	0.7387038194740025	0.24296652166776897	-0.8571402982771557	-0.4541781347028647	4.312219066181402	5.32141257191982	2.0	0.9390790534157736	1.821992292473165	1.1387652026567037	0.55	0.7	0.8571428571428571	0.3	0.18135827567127175	0.753798797810052
7ow6	22.0	0.3333333333333333	7.702725002710514	69.00127400278434	69.00127400278434	32.93632280770838	3.5726591076182928	-0.23920398650204405	0.04735725229367379	0.020405385139311807	-0.1750703543193928	-0.6271387848002734	-0.103561722933307	-1.284739034566411	-2.0154395422999913	1.42	-1.6600000000000001	-0.2530121859491157	-1.8400000000000003	21.0	6.0	44.0	0.0	3.0	8.0	0.0	0.0	0.0	2.0	18.0	31.0	3.0	1642.5023245997982	0.0	13.678699452618924	-0.06654275228535216	0.29986951194074407	0.9516566280862534	-0.41523450305521414	0.9037015780888777	0.10442109401366931	8.833164522498413	5.599883203585694	14.423776796894764	0.6351571575450422	0.1903429776924107	0.748561911884267	0.22510669549432166	-0.8634766562378164	-0.4513701800041879	4.279030941905947	5.2774093518700145	0.0	0.0	3.1207020865130564	1.0137757346431673	0.5238095238095238	0.7142857142857143	0.8666666666666667	0.3333333333333333	0.3652228393038717	0.8831903802735727
7pb2	20.0	0.3333333333333333	5.275106493726533	66.85683276888523	66.85683276888523	32.895502595442004	3.4890364711432396	-0.2567470646733008	0.07506380595645104	0.023743683542476135	-0.16657897093613938	-0.11899803632928899	0.276833285886409	-1.5229060424908114	-1.3650707929336914	2.64	-1.1999999999999997	-3.5847227469910394	-2.05	21.0	6.0	43.0	0.0	2.0	6.0	0.0	0.0	0.0	3.0	19.0	32.0	2.0	1617.7644187358055	0.0	13.545297715643859	-0.03472703118842212	0.3054245514017157	0.9515828269563538	-0.3524509889015305	0.9271459317192744	0.1271956027647801	8.482285841788906	5.617408148552097	14.614611067230523	0.6707604313598226	0.1757761333151236	0.7205436798292797	0.21975279891035493	-0.8606400324690688	-0.45935546312777176	4.527316409765356	5.299759771068491	2.0	0.8524637474018504	3.19770703497287	0.9718737324718193	0.5238095238095238	0.7619047619047619	0.75	0.3333333333333333	0.13988536005088345	0.5978346695288311
7pbc	33.0	0.47058823529411764	-4.17506302567876	52.589307982705584	52.589307982705584	29.735434258417477	3.2890905902842342	-0.028264842827935156	0.19915877518321526	0.05804201045665784	-0.06026631540581762	-1.4279125225887181	-0.2175030501731868	-0.5654393550642219	-3.056457936588949	2.2600000000000007	-15.200000000000001	-9.475220399641614	-11.540000000000001	34.0	7.0	58.0	0.0	0.0	0.0	0.0	0.0	0.0	0.0	34.0	58.0	0.0	2017.3506632124809	0.0	12.473318779984677	-0.2315121622374351	0.19304755929704662	0.9534855837532409	-0.1263106603051971	0.986076162377548	-0.10816385120512297	5.857957979216801	5.311967305359097	14.252895897567484	0.5709728958581921	-0.08098684432032215	0.8169645543730911	0.046753936529059036	-0.9911966793617021	-0.1238677192032234	4.932207912791239	5.2526070232340745	2.0	0.8786971581996115	2.083542984764884	1.2512274909037033	0.6666666666666666	0.71875	0.13043478260869565	0.0	0.00416337608733844	0.021508845285824998
7pbe	26.0	0.4838709677419355	-2.8391788791012957	72.7819452509688	72.7819452509688	29.29730580897575	3.6139945439484236	0.004428770665270567	0.1817476014859586	0.252579061907525	-0.00667939521176197	-0.10928449385702857	-0.6144599744433072	-0.6760493433395847	-1.3997938116399204	3.559999999999999	-13.89	-2.4356728334037383	-12.73	31.0	7.0	45.0	1.0	1.0	5.0	0.0	1.0	2.0	1.0	18.0	37.0	10.0	1915.3400835559296	0.0	11.790294346494326	-0.26384560344351254	-0.007366715476795573	0.9645367949834684	-0.27745925022918205	0.9535371460688773	-0.11740219404625318	4.323492649203587	5.521717850718689	14.380007494689584	0.5767798805204637	-0.05260242645368024	0.8152042406776983	0.3959027138100642	-0.9180106280920786	-0.022749231061814038	4.981808515208035	5.0773093169033325	4.0	1.9051407332779307	1.6293789094733464	1.4460481125629052	0.7741935483870968	0.5806451612903226	0.0	0.03225806451612903	0.6374638335795941	0.994333147324937
7pdw	34.0	0.45714285714285713	-2.9914207600468252	57.601373770427124	57.601373770427124	29.714276613210462	3.355294656495535	-0.03522787314059649	0.18195964593098493	0.06619680111095967	-0.056861439574759746	-2.045493792362254	-0.21750305017318683	-0.6488098528304331	-3.068881469425045	3.65	-15.270000000000001	-8.80567405494147	-11.450000000000001	35.0	6.0	58.0	0.0	0.0	0.0	0.0	0.0	0.0	0.0	35.0	58.0	0.0	2112.5562138893583	0.0	12.465998859517518	-0.2251502671230951	0.16016052618318208	0.9610702174694047	-0.14176876944022682	0.9866792135460886	-0.07978562022237304	5.98307050086528	5.358959765983673	14.403202158655208	0.5853034070910248	-0.06003949625437349	0.808588387499042	0.09831094703988097	-0.9863746070094526	-0.131909408148157	4.878874915870451	5.248345717300914	2.0	0.9106873581377228	2.4826218472116235	1.2602180299147114	0.6551724137931034	0.6470588235294118	0.18181818181818182	0.11764705882352941	0.004540929262536016	0.030819203176402812
7phr	30.0	0.30434782608695654	-3.4699325702315718	63.66434978338449	63.66434978338449	27.874785979260434	3.469092451902286	0.0015132547630508676	0.07031173681053736	0.16157485279565686	0.024232567635897765	-0.1721839629439615	-0.6382963180203272	0.6406961023504361	-0.16978417861385275	2.9699999999999998	-8.77	-4.602272416184851	-7.619999999999999	23.0	7.0	59.0	0.0	0.0	10.0	0.0	0.0	2.0	3.0	20.0	46.0	1.0	2120.9806333509478	0.0	12.305480740770298	-0.49154742102430815	-0.017063459837606168	0.8706836228275989	-0.08706493519259256	0.9751348481120968	-0.20379333825937707	5.563284472906966	5.9100550637341565	11.691408706651242	0.3642155724772994	-0.08596722025347864	0.9273384784618057	0.28962637619414694	-0.9559222377536655	-0.04826217146955763	4.6155227629225575	5.185188278878523	2.0	0.8191009510548986	2.276034370866738	1.081469370865025	0.6086956521739131	0.8260869565217391	0.5789473684210527	0.391304347826087	0.04279691584424092	0.07549865316592835
7q99	25.0	0.42857142857142855	3.218619958917921	67.63327011397935	67.63327011397936	28.876719943773086	3.5728149180776114	0.008755471573952544	-0.015760807555718733	0.13224239517298578	0.0006224564055163404	-0.41918160948730426	-0.046209932481413696	0.29665881548296513	-0.16873272648575288	1.23	-8.39	-0.2472927264785275	-5.960000000000001	28.0	9.0	45.0	0.0	1.0	5.0	0.0	0.0	1.0	2.0	21.0	37.0	6.0	2008.5906839563431	0.0	13.446173720194857	-0.5292352265983191	0.03457191419525324	0.8477705217377879	-0.30977990125559535	0.940577254678418	-0.13910729808070815	5.475235515164087	5.258047387195264	11.125567308547684	0.3240328085698706	0.0513797556340716	0.944649596147449	0.337957668304193	-0.9322557511757267	-0.12916589510690962	4.974161393419337	5.327568859072885	1.0	0.6590535305324385	1.4959980509697601	1.2605394651108934	0.6785714285714286	0.7142857142857143	0.6	0.14285714285714285	0.1918277436805862	0.5886303985556333
7q9a	24.0	0.38461538461538464	4.027415428311476	68.75621478735418	68.75621478735418	28.724968787655637	3.6117842052592857	0.027943343741059244	-0.03692972962115632	0.1477132093129761	0.0017967753235928106	-1.1628146411385059	0.2813004762574246	-2.377345021439015	-3.258859186320096	1.5599999999999998	-18.020000000000003	-3.0787597591019	-16.17	26.0	9.0	49.0	0.0	2.0	4.0	0.0	0.0	0.0	2.0	21.0	41.0	5.0	1935.5041195429949	0.0	13.385777089226812	-0.5456682552421912	0.04166690907969367	0.8369647685292824	-0.292224219454336	0.9412293923670114	-0.1693878275982572	6.029115685028024	5.401411891857994	11.024296016364278	0.2969674925823165	0.06406501560937533	0.9527360505108036	0.38090364669869514	-0.9185761696440868	-0.10549991521530279	4.569755018381663	5.219245552299229	3.0	1.3493880462888255	0.9498781697394225	1.3595397047164655	0.7692307692307693	0.6923076923076923	0.7777777777777778	0.23076923076923078	0.6049108546327062	0.8791005475581863
7q9b	27.0	0.3793103448275862	4.542558293820451	67.91469336489823	67.91469336489824	28.67346791862517	3.592566155817671	-0.03110544210761222	-0.05879933737119796	0.10919469203139323	-0.03769415681939859	-0.5051431103517101	-0.32098927046955	-0.2290970219596979	-1.0552294027809581	4.03	-6.05	-0.15595570645509715	-4.89	29.0	10.0	53.0	0.0	1.0	8.0	0.0	0.0	1.0	2.0	23.0	42.0	5.0	2187.2392979901597	0.0	15.126322493678051	-0.3270637635082466	-0.018772720884761396	0.9448157912620769	-0.22501975021868503	0.9735273292419685	0.04013291499368868	7.848108652199889	5.485020974658838	12.118829318827046	0.38843736612935525	-0.04020649216600447	0.9205975507338489	0.4810497208166233	-0.8738005338598152	-0.0711603313740583	4.001520442952859	5.445370507495647	2.0	0.9228808956185488	2.826725465356149	1.0401424977776927	0.5517241379310345	0.6551724137931034	0.8947368421052632	0.2413793103448276	0.20011848303071508	0.4975630660943524
7qpj	30.0	0.48484848484848486	-3.956836583708987	53.75344202251713	53.75344202251713	29.72671585949635	3.31428754524524	-0.039541713249895735	0.1984343288908996	0.0505801531804253	-0.06738019940395407	-1.3645060430739835	-0.2175030501731868	0.20999571818769533	-1.529088149118646	-0.33000000000000007	-16.610000000000003	-6.346452804919899	-12.250000000000004	33.0	7.0	56.0	0.0	0.0	0.0	0.0	0.0	0.0	0.0	32.0	56.0	1.0	2032.235780532712	0.0	12.370843492425575	-0.20014012559883299	0.18388140391098326	0.9623572929319644	-0.12668833188244508	0.9880961336400029	-0.08727025200539139	6.068700204712728	5.4729066357091005	14.489294308202458	0.6167014878589049	-0.09567379186511248	0.781361504224985	0.12059992348003541	-0.9784746236484732	-0.16746064894901863	4.96320612204097	5.17917389637521	1.0	0.42014895389212104	2.1063812412918463	1.2427875201382341	0.68	0.6875	0.18181818181818182	0.0625	0.005806020592477504	0.04122919811975493
7r80	27.0	0.3684210526315789	-12.655088758181297	36.90808113537098	36.90808113537097	31.045297688775474	3.022907109564745	0.012377273432205165	0.013341007601228132	0.16391719381346187	0.15483320604074274	-2.3235769504963866	0.02006623833507809	-0.4201865773658938	-2.7236972895272027	1.0499999999999996	-4.4399999999999995	-5.15539732606675	1.4400000000000004	19.0	5.0	44.0	0.0	0.0	5.0	0.0	0.0	0.0	3.0	14.0	36.0	5.0	1999.1898449316395	0.0	14.570366450192022	-0.34098792428043434	0.14428053322523804	0.9289296868385124	0.09748250535690525	0.9239042870317454	-0.36999733672224144	5.841232325042749	5.374159273658113	13.236027497613101	0.17706272880021778	-0.3403740803310457	0.9234686109216235	-0.1495162269523977	-0.9840413354432315	0.0964756323557105	5.153197442444749	5.2828084530351465	4.0	2.1657463224162523	1.415523148998835	1.2912698392767374	0.7368421052631579	0.5789473684210527	0.09090909090909091	0.2631578947368421	0.5297159804868334	0.9148602643442972
7rdv	29.0	0.34615384615384615	-3.5443005653625774	59.08739343894339	59.08739343894339	NaN	NaN	NaN	NaN	NaN	NaN	-0.444657618622908	-1.482635965015578	-1.5591904244629191	-3.0158852538929923	1.86	-4.66	-2.577311510075253	-0.7199999999999998	26.0	10.0	48.0	1.0	1.0	9.0	0.0	0.0	0.0	0.0	17.0	38.0	8.0	2289.9358758185335	1.0	16.146983769494895	-0.6621381575823564	0.07286116824786351	0.7458312881014962	-0.23699679135342067	0.9656779607415866	-0.10629485708212813	5.5729333555945155	5.207732746287896	11.97943302582013	-0.012622045154201074	-0.06768059843041302	0.9976271951010925	0.21688905606468942	-0.9547026260581686	-0.2037204770457079	7.184709043681978	5.137764805502975	5.0	2.8859579075478585	3.4905237580977806	1.1381973015968159	0.46153846153846156	0.6956521739130435	0.0	0.21739130434782608	0.9350176638174733	0.9987343614047249
7rk7	22.0	0.36	10.637384228688914	100.88844102085737	100.88844102085739	32.299297618176276	4.127547433208934	-0.25738365188330764	0.10809469108855724	0.0028558977609509273	-0.051813774598076	-0.1567386742522972	0.22751816377795986	-1.0108381605728751	-0.9400586710472122	0.86	-8.83	-4.388674880097598	-6.85	25.0	8.0	41.0	0.0	3.0	6.0	0.0	0.0	1.0	1.0	19.0	31.0	5.0	1736.4441256493883	0.0	13.219173910849864	0.0019632348067343333	-0.049382398125103505	0.9987780155335879	-0.48998699308252647	0.7705911844807972	0.4075560976095486	4.383770355851588	6.416380517284511	15.445496177795206	0.6883317275628462	0.24756985144065002	0.6818420648203765	0.706357764922179	-0.5755348833220856	-0.4120901668864048	5.523662462628666	5.418413328603618	4.0	2.0692671468633983	2.936592584802529	1.1550510405117276	0.64	0.88	0.18181818181818182	0.28	0.5634277636783634	0.9356334145744009
7rm4	24.0	0.21052631578947367	-11.947025052572984	58.8612401199705	58.8612401199705	31.837207204788804	3.2876972338359343	-0.3187049638079314	0.20263774023898995	0.3974244604358172	0.02035957114254632	0.37791253632134464	1.694846984989827	-0.123528676952463	1.200885069984298	1.3900000000000001	-10.799999999999999	-6.517740839826266	-8.659999999999998	19.0	5.0	35.0	1.0	0.0	5.0	0.0	0.0	0.0	1.0	16.0	29.0	2.0	1567.7921474038485	0.0	12.64902778799195	0.4034957910986756	-0.02676965448331481	0.9145898162599356	-0.1445375909038906	0.9436208374582127	-0.2978063121820516	4.351570037527145	5.635586960793881	18.69971656157543	0.7982944234531352	-0.23548273658333252	0.5543229150485284	0.15837447024916307	-0.987279672230386	0.014013407097001052	8.206093133639397	5.056992293018758	4.0	2.1346090335110355	1.859116159702277	1.2006773013712926	0.5789473684210527	0.7058823529411765	0.8333333333333334	0.7647058823529411	0.028930700000289623	0.4537281886600572
7rtr	22.0	0.48148148148148145	-2.916134936390377	66.52750572643308	66.52750572643308	29.673774044991095	3.4980389502418263	-0.011197608437853194	0.1994396786586987	0.20703999918093327	-0.014066030101340953	-0.1460416279429273	-1.4306369261873764	0.45021340583370284	-1.1264651482966006	1.9400000000000004	-14.370000000000001	-7.062323188110078	-12.750000000000002	27.0	7.0	36.0	2.0	2.0	4.0	0.0	1.0	0.0	0.0	21.0	29.0	4.0	1766.4349252266184	0.0	12.487677455651628	-0.10985613256960214	-0.004961271517452872	0.9939351164747237	-0.21852209971794243	0.956873554892044	-0.19141862900009707	4.701358361417129	5.636224927494942	15.323415953006789	0.5986153388986805	-0.03813022304737018	0.8001285909121462	0.30256969001106315	-0.9515611176825324	-0.05461704512578772	6.440245419415447	5.220481139230923	1.0	0.4801054888918874	1.5334156182452956	1.3835641016654987	0.7407407407407407	0.4444444444444444	0.0	0.037037037037037035	0.5226782992439544	0.9992426599294194
7sg0	27.0	0.2608695652173913	-12.039333905816962	65.74223657509934	65.74223657509934	NaN	NaN	NaN	NaN	NaN	NaN	-0.39181917570397007	-0.406161131654334	2.1718473780217114	1.252533177984302	0.17000000000000012	-6.140000000000001	0.15681100978361884	2.259999999999998	23.0	8.0	41.0	0.0	2.0	3.0	0.0	0.0	0.0	1.0	21.0	35.0	2.0	1922.5034174610446	1.0	12.389626267809865	-0.07068048272564405	-0.13087170424857975	0.9888765677410488	-0.26247828070641055	0.9037546237704865	-0.33813123459163497	6.746710239224272	5.488325666479182	15.292984369875416	0.6593652625029554	-0.15062149024580265	0.7365803534915681	0.3753340670769693	-0.9266927052430937	0.019104129716918515	5.821812811717076	5.428038559644601	1.0	0.6788280673049889	3.6853064566641955	0.8389836737784863	0.30434782608695654	0.6363636363636364	0.42857142857142855	0.45454545454545453	0.015275024801735265	0.12247228387011652
7sg1	30.0	0.2857142857142857	-7.487102548231348	43.887744199867335	43.887744199867335	NaN	NaN	NaN	NaN	NaN	NaN	0.2039828689823044	-0.8346433185432438	-0.06111531443095865	-0.988967934995201	-2.9300000000000006	-4.420000000000002	-1.3455314010852044	-0.3600000000000012	21.0	9.0	56.0	0.0	2.0	7.0	0.0	0.0	4.0	1.0	16.0	46.0	1.0	2293.6121424089324	1.0	17.52333272767496	-0.6857589851146945	0.025452431327673164	0.7273835219193796	0.4190561944977705	0.9051520454925269	-0.07135600944221936	8.065233124721326	6.446978040951536	12.469607948117545	-0.22800478826515738	-0.25944265920650755	0.9384579494850193	0.023831640866425082	-0.995523484755095	-0.09146061348773477	5.575030720786556	5.331440764538095	1.0	0.7714681859022203	2.8538643014848595	0.9502519201745236	0.5238095238095238	0.55	0.09090909090909091	0.4	0.5057354452906487	0.8601363543839061
7sg2	30.0	0.2727272727272727	-7.995712793404546	56.46395948380884	56.46395948380884	NaN	NaN	NaN	NaN	NaN	NaN	0.15545184192341113	-0.5879610025888988	-0.5425588282489108	-1.2722601599177017	-2.5500000000000003	-7.280000000000001	-1.0218961765988106	1.1899999999999977	22.0	11.0	55.0	0.0	2.0	12.0	0.0	0.0	4.0	1.0	18.0	40.0	0.0	2247.0654008747442	1.0	15.399755816245081	-0.538701250268593	-0.041871116265661874	0.8414557459854024	0.23017929655311753	0.9729234258381958	-0.020916467176296964	8.241366131355637	6.792467035724241	11.225236559232771	0.10338164419448068	-0.1999077140373897	0.974345493823326	0.19571335152811073	-0.9732366667851546	-0.12044365523879422	5.7527610725481715	5.386846173619383	1.0	0.5697388850016862	2.2151382308332592	0.948274839959474	0.45454545454545453	0.5238095238095238	0.2727272727272727	0.42857142857142855	0.611470067035675	0.8319191135069884
7t2b	27.0	0.5	-10.416235392619965	63.01354547121607	63.013545471216055	NaN	NaN	NaN	NaN	NaN	NaN	0.3167011904627357	0.7475047524714384	-0.14691482336871992	-0.0859706196843697	2.26	-16.859999999999996	-1.2721320867000223	-13.689999999999996	24.0	10.0	39.0	1.0	1.0	4.0	0.0	0.0	1.0	1.0	18.0	33.0	4.0	1844.7673587522295	1.0	12.308208350281827	-0.5237131883279666	-0.12661351666095969	0.8424330914723184	-0.2725289399711312	0.9134954992876009	-0.3020826861777328	4.453894081009169	5.388602744344195	15.094903883719505	0.29623972334868676	-0.22278045499044538	0.9287684830204181	0.25281595145406005	-0.9617141791273394	0.10578247477995016	9.119620845232955	5.19163030919821	1.0	0.7318463402279791	2.3354909290326225	1.170002346263358	0.5416666666666666	0.6363636363636364	0.7142857142857143	0.09090909090909091	0.13791222635514747	0.7984489803453603
7t2c	32.0	0.4782608695652174	4.341248047479989	76.87563254977387	76.87563254977388	NaN	NaN	NaN	NaN	NaN	NaN	-0.10167889706926929	-0.2700812545159599	-1.7814718976148212	-2.1532320492000507	2.1	-15.58	-9.531130855220924	-12.44	23.0	9.0	55.0	0.0	1.0	9.0	1.0	0.0	1.0	0.0	17.0	45.0	4.0	2285.010059599612	1.0	13.952098475553449	-0.5334377757709333	-0.020832310712914755	0.8455827304690965	-0.31399964863675983	0.9017747689866839	0.296995768314093	7.22735352666027	7.180653213799138	12.057879235177726	0.41399688841589505	-0.028355027081354296	0.9098365615072336	0.5810579468990248	-0.7791091427979892	-0.23528834557591574	4.494932671776601	5.125292566555031	6.0	3.312132432970824	2.0532879781292794	1.21817802001758	0.6956521739130435	0.8695652173913043	0.2	0.043478260869565216	0.7099420783659366	0.9605766866257216
7t2d	23.0	0.3125	-12.785249119705032	74.90480840966218	74.90480840966218	NaN	NaN	NaN	NaN	NaN	NaN	0.07914036267239191	0.638657094571141	0.18947302873821265	0.5153812377891198	1.1599999999999997	-19.54	-0.5153284812537093	-14.75	16.0	7.0	34.0	0.0	3.0	6.0	2.0	0.0	0.0	2.0	8.0	23.0	6.0	1705.7696275460767	1.0	14.230356117591022	0.02083393839834012	-0.14059096529134435	0.9898485375797236	-0.4681521299887465	0.8334190620929428	-0.2936771182352898	8.184442700521174	5.6796352882470265	17.202447488218326	0.6431970981892999	-0.07110258283958884	0.7623922320421036	0.37493354828966724	-0.9167217360871358	0.13800758151311934	7.077776846334066	5.035152983489143	4.0	2.006275668572341	1.5990929506597005	1.2911963365389016	0.6875	0.7857142857142857	0.09090909090909091	0.2857142857142857	0.739931852995796	0.989231571075856
7z50	24.0	0.43478260869565216	-2.0793676718806555	66.84271179176942	66.84271179176942	NaN	NaN	NaN	NaN	NaN	NaN	-1.2668745880081116	0.3267911806741258	-1.5052835331728778	-2.4453669405068634	0.5700000000000001	-12.520000000000001	-7.652387932716814	-6.970000000000001	23.0	8.0	45.0	1.0	1.0	9.0	0.0	0.0	1.0	2.0	17.0	33.0	4.0	1981.883979675451	1.0	14.768359248663536	-0.6081132954946047	-0.026596147042996725	0.7934046033832513	-0.262874999537079	0.940036069134049	-0.21732216401048643	7.568626734997643	5.330694277578022	12.698464769287522	0.14026926447399157	-0.13532900303906428	0.9808213875231713	0.4220405288441902	-0.9065754237684942	0.001671121309636238	6.539787069182887	5.188605700425028	7.0	4.751022959793111	2.4358483835130738	1.184677754184215	0.5217391304347826	0.6521739130434783	0.2	0.13043478260869565	0.8359823382647202	0.9964236120575088
8cx4	21.0	0.5	1.4751153801098518	41.25526117009536	41.25526117009535	31.484441676551864	3.1637007686113594	-0.0569591667223998	0.20946583364119972	0.1457567916534241	-0.17881828633896002	-1.5316045126828735	-0.6169165889861058	-1.685700355287441	-3.8342214569564197	3.1200000000000006	-12.860000000000001	-4.456504139234673	-10.2	22.0	7.0	37.0	0.0	2.0	4.0	0.0	1.0	1.0	0.0	19.0	30.0	2.0	1642.2016741827465	0.0	12.906319454057513	0.03735558162786518	0.4668811303046319	0.8835307411356723	0.0528514927855547	0.9972402825490678	-0.05213960304703449	7.2250633346500805	5.466099127093525	14.594177520176453	0.642502698883221	-0.1455805058525236	0.7523274540427588	-0.14364576742218887	-0.9711132564269159	-0.1905385428434373	5.009255704955814	5.198839307901697	2.0	1.0795981834719428	1.5305055752874508	1.190321457044861	0.7272727272727273	0.6818181818181818	0.4666666666666667	0.0	0.3854667394512163	0.8970199537056524
8d5q	20.0	0.28	-9.177288225328208	54.4306006721904	54.430600672190394	30.752329668255605	3.223229396829247	-0.03897794167415238	0.23434094202594655	0.10324795380913084	-0.029495729017883603	-0.7134887012832529	0.817528965367128	-1.818914134674986	-1.7148738705911106	-1.41	-13.88	-3.1662796982689425	-6.0600000000000005	25.0	7.0	28.0	2.0	1.0	4.0	2.0	0.0	1.0	1.0	11.0	22.0	9.0	1584.204204417434	0.0	12.72513311929439	-0.1547969333805196	0.16759842132876443	0.9736265600459572	-0.16903480314426986	0.9837287218348326	-0.060869013372292974	4.188522071549364	5.343758023084507	13.967787669526116	0.581472713292744	-0.10766959076687323	0.80640978588859	0.07613468126837084	-0.9966155279448473	-0.03099999008015815	5.059343214911378	5.230026370430254	3.0	1.4081807423232822	1.3973143472894276	1.436579757978068	0.72	0.84	0.42857142857142855	0.44	0.977067915016863	0.99999076524333
8dnt	25.0	0.39285714285714285	3.7522448359327925	58.775471130372246	58.775471130372246	29.208126278447246	3.3608248910842455	-0.04358395272927999	0.08414452557326982	0.11995021516562288	-0.07582093518692913	0.11713558501151877	0.31804199478498457	0.6128586472137831	1.0480362270102863	3.69	-13.940000000000003	0.5257089325815021	-11.740000000000002	28.0	8.0	41.0	0.0	1.0	5.0	0.0	0.0	1.0	2.0	20.0	33.0	7.0	1920.6633112454947	0.0	12.272160408112647	-0.2839458203406017	0.16798598979487928	0.9440103167766583	-0.10111214111346563	0.9948719993938878	0.0024575170590908912	6.895480429579888	5.692124014031901	13.260212987931824	0.5576500474584064	-0.06399927561915728	0.82760529066641	0.253944841155736	-0.9433223770242826	-0.21367009685613095	4.389186847329681	5.477403306884341	4.0	2.1394744357437223	1.5294114358997346	1.3913922363234532	0.7142857142857143	0.6071428571428571	0.058823529411764705	0.21428571428571427	0.1105627042248304	0.42393953375729493
8en8	29.0	0.15384615384615385	-6.095532935129571	57.62356130014044	57.62356130014044	30.428374097198244	3.490103412428049	-0.007764370049571921	0.17530194939375773	-0.09673403700612344	-0.008858160430696026	1.5470409545524308	-1.120241152625618	0.778213108932218	0.42292849811624234	3.94	-15.260000000000002	-6.26402712685686	-10.190000000000001	26.0	6.0	50.0	2.0	3.0	8.0	0.0	0.0	0.0	1.0	20.0	38.0	4.0	1957.4972284719297	0.0	15.178537731235668	-0.3307192956870869	0.1736120967139207	0.9276225456526316	-0.24002432575773186	0.966662684455344	-0.08917161628145659	10.026470560939321	5.320741646045808	11.661660052366573	0.43840070884138266	0.006032382700746755	0.8987593830802674	0.18633671549985442	-0.9543975521623802	-0.23324652301419213	4.617282262999342	5.195170514793553	1.0	0.40462672334406236	3.309332592350531	1.1616490026694133	0.5384615384615384	0.8	0.8	0.68	0.46444467887069035	0.9978221779009646
8enh	30.0	0.2	-5.664735242115447	57.35917118518402	57.35917118518402	30.263042101737874	3.524475962481907	-0.0052764029885954385	0.15900910804674967	-0.08818735949123029	-0.013796569498945319	1.5077863738912	-1.055964720337667	1.396669611260126	1.06640685207087	4.06	-14.030000000000001	-5.811309860418541	-8.06	25.0	5.0	58.0	2.0	4.0	8.0	0.0	0.0	1.0	1.0	17.0	45.0	5.0	2070.7945829222117	0.0	14.918617998698107	-0.3288842108500267	0.1857996848474141	0.9259123353914755	-0.25100750425316415	0.965604853185322	-0.06784172710322856	10.054256831982755	5.302196316326557	11.662308709929938	0.4469910246629703	0.007578820327064403	0.8945063360209952	0.19007328119130298	-0.956157382157177	-0.22278960465529	4.633239725439295	5.248715499021793	0.0	0.0	3.086666326456016	1.1492369408938443	0.56	0.7916666666666666	0.7894736842105263	0.5833333333333334	0.5512277644437886	0.9992802814380778
8eo8	28.0	0.16	-6.102267807959622	58.15805687767747	58.15805687767747	30.425131243949345	3.510426465484759	-0.005147665717391038	0.16739142440949478	-0.10666830284993949	-0.01247002867404267	1.385241033479273	-1.120241152625618	2.2507133039225766	1.7336287720334433	4.720000000000001	-15.12	-5.015645617338919	-10.249999999999998	25.0	5.0	52.0	3.0	4.0	8.0	0.0	0.0	0.0	1.0	18.0	39.0	4.0	1965.017887125301	0.0	15.092059827785276	-0.31969344011844836	0.17519648305884322	0.9311832776293422	-0.2394147386599314	0.967067007974823	-0.0863827796518165	10.046770222718354	5.281976210509731	11.641693283320885	0.45008872321177523	0.011209920643033777	0.89291347774853	0.19466098934302514	-0.9531283899480006	-0.23163197344089262	4.584064809161619	5.221874763632144	2.0	0.8132281045185827	2.9274914087770703	1.1916459426218808	0.56	0.8333333333333334	0.8	0.6666666666666666	0.470586715345587	0.9998747842371358
8es8	17.0	0.14285714285714285	2.980293918872343	63.73544908222018	63.73544908222018	33.53349451232003	3.507747572904649	0.19920390354495995	0.040467993836504505	0.016195686482413634	0.01831414283516073	-0.1927363748255797	-0.293951685465376	-0.2577818625558815	-0.744469922846837	0.20999999999999974	-6.319999999999999	-3.102796147653182	-5.139999999999999	14.0	5.0	32.0	0.0	0.0	4.0	1.0	0.0	0.0	1.0	11.0	27.0	2.0	1406.5869878179692	0.0	16.452616282785296	-0.6982843852025291	0.095565517991516	0.7094125379719324	-0.3112933325292389	0.9276680772057405	-0.20622414821324342	6.167523117939056	5.714820176918795	13.976268901587597	-0.06224785641924464	-0.1082608189569797	0.9921717589746614	0.25841066669866486	-0.9635534606923908	-0.06920011079094543	4.558865996704978	5.1204590520364155	2.0	1.132254267421565	1.4758179707614598	1.1056107359298415	0.6428571428571429	0.8571428571428571	0.8333333333333334	0.7142857142857143	0.09025062081824671	0.47176924914769924
8es9	22.0	0.26666666666666666	1.8057051972261398	113.10019372948494	113.10019372948494	32.59133734956081	4.350305367677242	0.31431127479724225	0.09546535287134565	-0.25203486671685404	-0.11567807694148532	-0.586761210915874	0.0348486339158772	-0.5927522002204578	-1.1446647772204543	1.7400000000000002	-7.35	-0.9261362931765001	-6.4399999999999995	15.0	4.0	35.0	1.0	1.0	0.0	0.0	0.0	0.0	2.0	12.0	32.0	2.0	1750.0836768805239	0.0	18.11759074511916	-0.7352134236662117	-0.2365139467164104	0.6352341100407349	-0.9923978151408588	0.11374459972340949	-0.04699725712320286	8.114299415530533	5.550821150066835	13.670290620822334	-0.3204581261755056	0.21085111658420633	0.9234979132932433	0.8608712152427374	-0.4539773931521086	-0.22979398789687389	4.800173624634366	5.003000272168814	3.0	1.8332474640342054	2.4916201264225917	0.9723580774651038	0.4	0.8	0.8333333333333334	0.4666666666666667	0.2652304021386739	0.9708951817434801
8f5a	25.0	0.37037037037037035	-17.363881048866983	74.39175519847647	74.39175519847647	30.717772224807394	3.6834825424827056	0.12798865653502678	0.12577268193954902	0.1738211095392033	0.28990518278719113	0.9863211514191517	-2.741463734539821	-0.8516813208804115	-4.213993169674133	1.6	-9.469999999999999	-7.735954808753983	-5.029999999999999	27.0	8.0	43.0	0.0	1.0	5.0	0.0	0.0	1.0	0.0	19.0	37.0	7.0	1883.6696503160565	0.0	13.474141062505774	-0.2670546649461864	-0.21900788978005237	0.9384654229091961	-0.5104176119263476	0.7593794531561499	-0.40350552312413834	5.72095145172637	5.434983032937057	13.464341624805119	0.40795419173102415	-0.19933206376125984	0.8909770511394911	0.45383864524285666	-0.884664061437228	0.1067706986658976	4.5893823942540255	5.103173960090905	2.0	0.830086314142084	2.0651313299632004	1.267010191660409	0.6666666666666666	0.6666666666666666	0.42857142857142855	0.047619047619047616	0.8579446056035724	0.9677756928581924
8gom	25.0	0.4	-7.567176332108236	60.314929123324085	60.314929123324085	29.695458887660276	3.391010993140492	-0.11510085245386772	0.07864671379119974	0.34931956729452	0.09679110091327031	0.014595813574752203	-0.48305630716717196	-1.5200080806885246	-1.4380236889829547	0.39999999999999997	-7.830000000000001	-4.398841319935511	-6.260000000000001	30.0	8.0	51.0	1.0	1.0	5.0	0.0	0.0	1.0	4.0	22.0	41.0	6.0	2191.4993855930697	0.0	12.59580800031426	-0.1782599279870045	-0.06174977392311401	0.9820439722007002	-0.06012473167288603	0.9519465783776564	-0.3003043925458895	5.228183541340801	5.347877862382114	13.900199474679319	0.6472568926417662	-0.1352529459846265	0.7501767494306405	0.18960654701035526	-0.9815039282818179	0.02644609051503291	4.63532424686817	5.0679051064035425	2.0	1.467444899395196	3.0619466126766848	1.199869724926241	0.6	0.6538461538461539	0.5294117647058824	0.07692307692307693	0.7725648842227636	0.9966676462958165
8gon	23.0	0.36	-6.492342127053896	59.65366797999166	59.653667979991646	29.896073947856966	3.3607255533884155	-0.09683200969247673	0.11101042992765421	0.3556440545037829	0.09148570115862036	0.31261923982126627	-0.3225196155137699	-0.09860188672646042	0.19149381719962588	0.76	-9.829999999999998	-0.9992797378811684	-9.079999999999998	25.0	8.0	45.0	1.0	2.0	4.0	0.0	0.0	2.0	2.0	17.0	37.0	5.0	2073.2549777575114	0.0	12.532553381707748	-0.16936218318648166	-0.051543767553547504	0.9842051060490948	-0.0298188052335062	0.9539408530161778	-0.2985091077842007	5.108092545461858	5.389471370941706	13.980117943035317	0.635942577730877	-0.13479330594565755	0.7598735436624884	0.15038549427397144	-0.98836288951755	0.022869222671278527	4.359649325969083	5.116346464131425	3.0	1.5458271015364424	1.5373927320862593	1.314566082471721	0.72	0.6521739130434783	0.7333333333333333	0.21739130434782608	0.6351668629213145	0.9940926034668689
8gvb	26.0	0.47058823529411764	-7.6647367974064915	80.69934432327422	80.69934432327422	29.935643822280948	3.800840463771929	0.07928144385053922	-0.03411580612332759	0.3296728139394451	0.1358384069556682	-0.3414316976412594	-0.18078782757496967	-0.3620125664377737	-0.8842320916540027	4.669999999999999	-11.91	-4.855451643166104	-9.19	17.0	7.0	51.0	0.0	2.0	7.0	0.0	0.0	0.0	3.0	15.0	39.0	2.0	2020.516094271141	0.0	13.358787153685183	-0.4810585014709745	-0.1427779035317447	0.8649839237094907	-0.6200264606008299	0.6830624160278932	-0.38599601502277125	5.957359875602219	5.690131362991827	13.58269257314477	0.363117571063633	-0.110658090361561	0.9251488617920545	0.4630937532240213	-0.8717069973824076	0.16022198990789527	6.048866175012334	5.136229959208202	9.0	4.821292459694855	2.6701618770419255	1.0895919651159847	0.5294117647058824	0.8235294117647058	0.0	0.058823529411764705	0.23947488485606658	0.6720644126773725
8gvg	27.0	0.4666666666666667	-7.500734141393605	78.04029878007988	78.04029878007988	30.10808538606367	3.777039466619255	0.07179504790396728	-0.04088591381781258	0.34279549336336657	0.13414950982733573	-0.277459460000332	-0.5133090318326822	-0.2525283335960857	-1.0432968254290997	4.04	-11.819999999999997	-4.936525512925072	-10.479999999999997	15.0	6.0	53.0	0.0	1.0	5.0	0.0	0.0	1.0	3.0	12.0	44.0	2.0	1987.9195823487462	0.0	13.705965181188375	-0.47626507416011643	-0.12512869511807412	0.8703530252991513	-0.5577285099397258	0.7020879180096085	-0.4427318197598907	6.1135565103979905	5.595306683681356	13.804901385995812	0.3714575067728537	-0.1307108345771466	0.9192029146175317	0.3709175143734958	-0.9177843240826833	0.14174671644392617	6.243954801555328	5.3128573423287095	3.0	2.4962180132425553	2.175807979963106	1.0165172957942394	0.5333333333333333	0.7333333333333333	0.09090909090909091	0.06666666666666667	0.14199837388158287	0.418148390380686
8gvi	27.0	0.47058823529411764	-6.985078187713934	78.92914136443744	78.92914136443744	30.169325410075135	3.759004764644925	0.06029560796650303	-0.0264367544672168	0.3428179561797717	0.1251487556734705	-0.27745946000033195	-0.41635389888773666	-0.5422701390108777	-1.2360834978989463	3.28	-11.14	-5.8132145066842025	-10.030000000000001	17.0	6.0	51.0	0.0	2.0	6.0	0.0	0.0	0.0	3.0	16.0	40.0	1.0	1985.0998270129894	0.0	13.570031003630719	-0.4721481107206257	-0.14452777433628766	0.8695906415325311	-0.5663628244809831	0.7175980296406546	-0.4053223637376916	6.269563075237673	5.620123916851095	13.953496539197344	0.3690061610393779	-0.10730457546270719	0.923211883077994	0.39327086273644307	-0.9125233499910957	0.112424035963609	6.441312362574527	5.246384913211457	3.0	1.8592625701019707	3.2916278866199766	0.8129416457762505	0.35294117647058826	0.7647058823529411	0.07692307692307693	0.058823529411764705	0.19974825203117139	0.6527459630404658
8i5c	28.0	0.2	-6.813556259235022	72.03553204870093	72.03553204870093	28.675151945859497	3.588129165339446	0.025757254676515302	0.13818207541807645	0.008129197058106389	0.06005815772101288	0.5638465082417071	0.04665666551679798	-0.04168849134080618	0.568814682417699	-1.0400000000000003	-4.53	-0.7510008590317829	-1.62	15.0	8.0	52.0	0.0	1.0	6.0	0.0	1.0	0.0	1.0	12.0	43.0	3.0	2032.5156210398418	0.0	14.670370802502948	-0.43592266666580787	-0.027077849926012802	0.8995766885563599	-0.50010977889496	0.8628728098574172	-0.07308024823423953	8.85761173586207	5.25731867927172	11.709602435938827	0.38065433458758535	-0.03273246897524275	0.9241379025143743	0.4243006095808108	-0.88499005248315	-0.1917331461357021	5.312641483509026	5.152911682233789	4.0	2.216301853764918	2.032402527165214	1.1296030999139304	0.6	0.8	0.5	0.6	0.09506150111360012	0.2362179821015627
8i5d	25.0	0.38461538461538464	-1.1465743008176228	67.97804304691776	67.97804304691778	29.253771748198567	3.5234396428778476	0.03755973836014207	0.04705488800556947	0.2603890093413772	-0.003448776598941462	0.808113619936933	-0.7884773269482601	-0.9241152026153879	-0.9044789096267151	3.36	-3.129999999999999	-0.15844814838010945	-2.1899999999999986	13.0	5.0	46.0	0.0	2.0	6.0	0.0	0.0	0.0	2.0	11.0	36.0	2.0	1873.1388181128932	0.0	12.599394850428526	-0.41698460140816135	-0.08121043388993313	0.9052782486380349	-0.4291178248308589	0.877437610189638	-0.21438547588348608	5.897145873738136	5.4445407725816715	14.104798519439758	0.41198802166659626	-0.06682543930240775	0.9087355118644195	0.303841681603759	-0.95269237853671	0.007580502539929229	5.378366400880553	5.269977909425513	2.0	1.0615946507515348	0.8544195573919571	1.1020183752088815	0.46153846153846156	0.7692307692307693	0.0	0.23076923076923078	0.18587527687304883	0.6283562311545784
8pjg	27.0	0.38461538461538464	-1.2016546330259363	71.58204921396684	71.58204921396685	NaN	NaN	NaN	NaN	NaN	NaN	-0.9687024427666238	-3.0574364114557344	-0.13442880293646264	-3.851246409603559	2.4699999999999998	-7.210000000000001	-5.260483280024138	-0.28000000000000114	26.0	8.0	40.0	3.0	2.0	3.0	0.0	0.0	1.0	1.0	18.0	34.0	4.0	2002.3361625405814	1.0	13.7319647865655	-0.5074293905379671	-0.04111509423185283	0.8607118928531935	-0.20351031052968785	0.9609120584679507	-0.1877007433000328	6.478923118977424	5.500389992521621	12.510488291229308	0.3345069618292186	0.008213432462920622	0.942357486230728	0.48001830145150454	-0.869774794399687	-0.11434262954035287	5.593736387026462	5.428999537938199	1.0	0.45019956900106317	3.026986865489876	1.1227602999846682	0.5769230769230769	0.6	0.06666666666666667	0.2	0.9211692181787381	0.9999866185937877
8qfy	24.0	0.3333333333333333	5.073727125095386	103.29230058803218	103.29230058803218	30.479580655588	4.0891556245095	-0.14791590926296805	0.06830696284058928	-0.07824912218007817	0.009176765687889847	0.0	0.611721765654843	1.8343820747011363	2.4461038403559794	-1.0499999999999998	-8.03	-0.23605315323481335	-6.559999999999999	9.0	5.0	52.0	1.0	6.0	10.0	0.0	1.0	1.0	2.0	6.0	33.0	1.0	1911.0442320623806	0.0	15.336126761517844	-0.25983254497944225	-0.2822589162286473	0.9234808891625884	-0.8803362057478031	0.4643370142820764	0.09694999562107375	7.500970114417911	5.460869356615401	13.652307396801469	0.3414676704099545	0.26167754211052974	0.9027317950938115	0.6691040778155841	-0.6673719492471436	-0.32697769653792363	6.15543536767748	5.327956687841014	4.0	2.2271192230996846	0.682840694124419	1.387192405609755	0.6666666666666666	1.0	0.3333333333333333	0.3333333333333333	0.6766129826812578	0.9983836345851985
8rj5	21.0	0.42105263157894735	0.02221172004175497	70.37308417044336	70.37308417044336	31.010572037779742	3.632210781922832	-0.13674659432743164	0.22767610964017393	0.205034746339237	-0.09695547797872395	-0.6160608537017471	0.1895725050163465	-0.27358209677836753	-0.7000704454637683	-0.07000000000000006	-13.970000000000002	1.1148730785840306	-11.320000000000002	19.0	6.0	30.0	0.0	0.0	2.0	0.0	1.0	0.0	1.0	15.0	26.0	4.0	1493.526706630364	0.0	12.55140745119199	-0.06394861397012223	0.17862963437116447	0.9818360496215138	-0.44939749474722795	0.892921128273869	-0.0270878206865678	7.008625767764036	5.442359379100517	15.90433153756461	0.6470125738969628	0.10569308005745465	0.7551183363695017	0.29482099008081625	-0.9228097588572483	-0.24799744432413373	7.190437675657255	5.34341467667647	8.0	4.069856840423224	1.129617078624956	1.4281807219181497	0.7894736842105263	0.7368421052631579	0.14285714285714285	0.15789473684210525	0.0603020997328686	0.24708635007254684
8rlt	25.0	0.3888888888888889	1.749672179112184	69.99964125786624	69.99964125786624	29.948094302065087	3.5298519308067435	0.024531608312580062	0.142309235307542	-0.029601504168985385	-0.08071085951798247	0.8196231452588022	0.760955856168581	-0.38901768701528555	1.1915613144120978	2.7600000000000002	-14.51	0.5667674102549178	-12.81	18.0	7.0	47.0	0.0	5.0	6.0	1.0	0.0	1.0	1.0	14.0	35.0	2.0	1919.356458967217	0.0	14.796137792164453	-0.4066399169292032	0.12810415286159332	0.9045624930563139	-0.3373896244340413	0.9403555454671848	-0.043585422554885844	6.850281767948754	5.346418418234765	13.19452363165546	0.35455501053219296	0.11297723984180881	0.9281847271059057	0.23040993793416298	-0.9435744445956759	-0.2378624132099594	6.692835648664548	5.140437671274247	1.0	0.6321111895988647	2.087187721159812	0.9577562250169177	0.3333333333333333	0.7222222222222222	0.5384615384615384	0.2222222222222222	0.43271683747141393	0.9647407184918212
8rlu	29.0	0.36	1.365858339029987	71.31940598031292	71.31940598031292	29.93540042362933	3.555046413964114	0.017462635080913006	0.1274331413457009	-0.022946422703998774	-0.0741367470299522	0.1350622858916103	0.6833696196385343	-0.5600567197255316	0.2583751858046127	2.86	-20.19	-1.3155110196691635	-16.05	25.0	8.0	66.0	0.0	0.0	0.0	0.0	0.0	0.0	0.0	25.0	66.0	0.0	2049.43096119642	0.0	14.894780740956543	-0.41359450361355427	0.10857068350824456	0.9039645972763178	-0.3676182547870296	0.9280845930637606	-0.05929423657725058	7.202771694185966	5.351406821532409	13.193939752805342	0.3399576028720519	0.11649764580755878	0.9331972602934494	0.28558705301774595	-0.9335817856663606	-0.2164834502483661	6.660641095474726	5.1385886521212125	3.0	1.4778497800773724	2.5702186641660543	0.919567266808898	0.42105263157894735	0.68	0.5294117647058824	0.28	0.0007926668413227531	0.0019333926918355553
8rlv	27.0	0.34615384615384615	1.6393478721042205	70.49097749645303	70.49097749645303	29.870599241213224	3.5401764083355935	0.020793625578014365	0.13592987923233454	-0.032204373514445925	-0.07441373140211559	-0.07753319806581976	0.8056591973968086	0.7770547154385405	1.5051807147695293	3.6900000000000004	-20.759999999999994	0.3610719686830841	-16.129999999999995	26.0	8.0	65.0	0.0	0.0	0.0	0.0	0.0	0.0	0.0	26.0	65.0	0.0	2068.4391047151767	0.0	14.79356457603584	-0.41601517216259287	0.11965054021859933	0.9014516762537698	-0.35933148971796147	0.9306522812410711	-0.06904499653603359	6.843799422649838	5.3879301644194895	13.199694990494466	0.3433430432878775	0.11427383093161256	0.9322322918878712	0.2448916888806448	-0.9426579870804584	-0.22676855981664673	6.708349910116754	5.137591414367019	1.0	0.777513792173079	2.331333750321225	0.9650674910460735	0.5263157894736842	0.6538461538461539	0.5294117647058824	0.3076923076923077	0.0003243669091841009	0.0009994536426819233
8rro	21.0	0.04	-14.649173253117311	53.01019786176869	53.010197861768695	31.30519616831704	3.1946764571782262	-0.09033567593510716	-0.008451139769011953	0.07172667721370124	0.24296532196278686	0.32935856073987246	-0.157213877268082	1.7093040275332552	1.8814487110050457	1.32	-3.369999999999999	-2.163835248727727	-2.009999999999999	25.0	6.0	42.0	0.0	2.0	8.0	0.0	0.0	1.0	1.0	21.0	31.0	3.0	1799.93134008149	0.0	15.119170990141365	-0.3591540489085422	0.10014374635877601	0.9278898636613868	-0.09490626604532548	0.9754465345144995	-0.1987381659315569	6.895090974159858	5.38868896068247	12.071728262928987	0.3290425440963089	-0.1511097164288689	0.9321463713439746	-0.12341526031606555	-0.9917222522913139	0.03543511603059382	4.555148013675182	5.218402229396869	2.0	1.1929607493062186	3.227868120551871	1.0646436105239883	0.52	0.56	0.8571428571428571	0.92	0.05522804057425282	0.34382776898438216
8rym	25.0	0.375	-3.409879142220985	70.15577294285445	70.15577294285445	31.24908212364168	3.5826768380794505	-0.2132830487282747	-0.07582126143320175	0.36475312708674706	0.0814416432091184	0.13847505994500908	-0.567740381340791	-0.6642655204856514	-1.0935308418814333	2.6399999999999997	-2.6399999999999997	-1.8819848545084386	-2.4299999999999993	16.0	5.0	32.0	0.0	0.0	7.0	0.0	0.0	1.0	0.0	12.0	25.0	3.0	1438.7749418990134	0.0	13.130813563567052	-0.063405821604401	-0.01504227112878137	0.9978744568900669	-0.34585475124476606	0.8981747784600729	-0.2714158396399495	5.922653452855588	5.374006390339767	15.855924954421216	0.6314371262080016	-0.0390106148833112	0.7744451739448511	0.5190212902863668	-0.8430306520309839	-0.14112483691440925	6.908400934953859	5.3825506848445315	2.0	1.0364770380123076	1.8902188389043721	1.1786340288541501	0.5625	0.4375	0.42857142857142855	0.25	0.04802574370274657	0.10597347048343811
8ryn	25.0	0.4	-3.126852961742053	69.64541211868627	69.64541211868627	31.06509076906889	3.5769499926224926	-0.20694369718825834	-0.0562973511948015	0.37162745766857774	0.06294534958253395	0.21306391693608162	-0.567740381340791	-0.6642655204856514	-1.0189419848903611	2.41	-3.6499999999999986	-1.8697147619166248	-1.8799999999999981	15.0	5.0	35.0	0.0	0.0	5.0	1.0	0.0	1.0	0.0	10.0	30.0	3.0	1528.8771512393578	0.0	12.988885723405392	-0.047558425661159615	-0.015360446710406872	0.9987503455175929	-0.30823848495990763	0.9057045435052052	-0.2910125699666345	6.027550496998505	5.193949454105062	15.898074105683948	0.6461515988295973	-0.03304849620999831	0.7624932183976535	0.4917739320608185	-0.8571024287481727	-0.1534073857614981	6.778761502662934	5.358363984727342	2.0	1.0426108433453858	1.5090084700022732	1.207169275707249	0.6	0.4666666666666667	0.42857142857142855	0.2	0.06391810449695197	0.29372997828310293
8ryo	24.0	0.3333333333333333	-4.0774447198653885	72.03401815409791	72.03401815409791	31.29369580918819	3.612807072941133	-0.20917334773448698	-0.0773221968360894	0.38533778803286717	0.09052188299420517	0.5245608535936778	-0.567740381340791	-0.6642655204856514	-0.7074450482327647	0.65	-2.7699999999999996	-0.9042044585544019	-2.6499999999999995	18.0	6.0	36.0	1.0	0.0	9.0	1.0	0.0	1.0	1.0	12.0	26.0	3.0	1709.8554321548945	0.0	13.164966417528095	-0.03075758585239927	-0.03310453795055024	0.9989785084413452	-0.37996450418472144	0.8755452727531723	-0.2984081944983515	6.094005585814	5.326705220837126	16.043747154011456	0.650949243185826	-0.026777369829608766	0.7586488351906631	0.5197032679667982	-0.842324716187796	-0.1428201154712205	6.936663152957589	5.255314060756627	2.0	1.0985254381386569	1.9774351261737872	1.2122458383721302	0.6666666666666666	0.3888888888888889	0.42857142857142855	0.3333333333333333	0.39455009869223867	0.9736941924452676
8ryp	22.0	0.43478260869565216	-5.499097987445976	84.70242844996667	84.70242844996669	31.03076350138537	3.8133363977751555	-0.08721283639897971	0.08523375124270204	0.15068594401957172	0.142849234626579	0.429481386818884	-0.7204729611262148	0.0021404870983895707	-0.22487884956801366	1.94	-2.5799999999999996	-1.2235774510828015	-2.329999999999999	23.0	6.0	34.0	0.0	0.0	10.0	0.0	0.0	0.0	1.0	16.0	23.0	7.0	1636.968911795324	0.0	12.83087496017705	-0.23819317306758409	-0.12461501725842714	0.9631900693122846	-0.5778255721359323	0.8037200641286832	-0.14195656490191966	5.0897672971985966	5.20812968421542	14.143437102108688	0.5869286026980709	0.0911957961507971	0.8044862596451874	0.593138798583589	-0.7980275143198136	-0.1064821656645447	6.35017109453045	5.0157352558340245	4.0	2.0965740420312384	2.703478590431799	1.2337175918402792	0.6086956521739131	0.6818181818181818	0.3333333333333333	0.09090909090909091	0.27017769150011284	0.6519847909800928
8ryq	23.0	0.5	-4.896281823148497	82.03921556771043	82.03921556771043	30.547743510541935	3.781467391417912	-0.06050709908502319	0.08776773076269931	0.17893961559066773	0.10214613517792492	0.429481386818884	0.2219441649347704	0.07630544093251668	0.7917032303270986	2.63	-3.6100000000000003	2.827655913024911	-2.1900000000000004	24.0	8.0	42.0	0.0	1.0	7.0	2.0	0.0	1.0	2.0	15.0	32.0	6.0	1893.2522241926927	0.0	12.562175837610845	-0.2746474542233497	-0.09949135220427587	0.9563839430720226	-0.5470176088204273	0.8230035011580886	-0.1530913855738582	5.447971856343401	5.194990588600105	14.082364758816627	0.5708681030903363	0.084381392886523	0.8166941834411152	0.5579595154433181	-0.828195610186383	-0.052661276118910916	6.2418625128662155	5.104773863987902	5.0	2.5690487043107693	2.9349891528571845	1.158565008786234	0.5833333333333334	0.6956521739130435	0.125	0.043478260869565216	0.29898756117403463	0.934391392181447
8shi	21.0	0.1	-3.8853320965122693	37.16638246318085	37.166382463180845	30.992777425840046	3.0085835899392954	-0.10349463989876781	0.09333429762707797	-0.1616407235504761	0.03962785498495998	0.728493943831428	0.0	-1.2190603449532915	-0.4905664011218638	1.7499999999999998	-6.689999999999999	-0.9780736098515057	-7.119999999999998	10.0	4.0	38.0	2.0	5.0	7.0	0.0	0.0	0.0	0.0	7.0	26.0	1.0	1840.295477538908	0.0	16.65050633229779	-0.16660505504528145	0.505205773263095	0.8467643604775063	0.24409881973977018	0.9687137694107608	-0.044826318272974314	12.702684382810165	5.784762059460346	13.98108417109973	0.36311112405911844	-0.07590015402499597	0.9286492761319823	-0.1729888701588032	-0.9611623661844158	-0.2150389644836712	7.148623802124895	5.184764636213644	5.0	2.71206225720514	0.6323749721098713	1.371397813310772	0.8	0.6	1.0	0.8	0.9544078396839202	0.999967408107646
8trl	22.0	0.3125	-0.0033385807797392925	57.104704615533514	57.10470461553352	NaN	NaN	NaN	NaN	NaN	NaN	1.5330244470048033	-0.47229877156290545	-0.25125300822459573	0.809472667217302	-2.36	-6.200000000000001	-0.5527828297950628	0.35999999999999766	16.0	7.0	40.0	0.0	1.0	6.0	0.0	0.0	1.0	2.0	11.0	31.0	4.0	1860.3296275192952	1.0	12.718435201667015	-0.4898435314060732	-0.037564096649625914	0.871000719417196	0.2958005197305917	0.941889897110937	0.15920261914948866	5.365282055123096	6.591881740577614	13.751689178674638	0.3687665252165806	-0.16721070831523838	0.914358698082415	0.10153004539261365	-0.9946504653162718	0.019028961030580393	6.6810917100196034	5.393819160687092	1.0	0.43749627655027323	1.26060837820964	1.3190459321102046	0.75	0.625	0.4	0.375	0.2812518937814932	0.7094714644369017
8trq	22.0	0.42857142857142855	2.754696921791378	53.73838037688455	53.73838037688454	NaN	NaN	NaN	NaN	NaN	NaN	-1.2096648742376384	0.4440275864706341	0.6018729808996544	-0.16376430686734986	0.30999999999999983	-9.940000000000001	-0.9848862674364026	-3.5100000000000016	21.0	8.0	43.0	0.0	1.0	4.0	0.0	1.0	2.0	2.0	18.0	35.0	1.0	1632.3641286465536	1.0	11.751642283301555	-0.33976444873378675	-0.021609821750197558	0.9402622691623661	-0.07986632007664776	0.9686733858899796	-0.2351451509096449	4.999490985259598	5.1342929196042295	13.742114590874717	0.46546000668377724	-0.1254057665284452	0.8761394727746339	0.16040457301949873	-0.9799861879292547	-0.11788742106629907	4.9868554777305265	5.309863513352652	0.0	0.0	3.6288814208772235	0.9433215294601547	0.47619047619047616	0.6666666666666666	0.2857142857142857	0.14285714285714285	0.010858673026114294	0.06574529032911815
8trr	26.0	0.42105263157894735	0.06163472549216576	61.75152833227196	61.75152833227195	NaN	NaN	NaN	NaN	NaN	NaN	-0.9522988350989424	0.4403358250204369	1.5052207728480138	0.9932577627695087	-3.15	-9.78	-1.5200722101874402	-4.1499999999999995	19.0	8.0	45.0	0.0	3.0	4.0	0.0	1.0	2.0	2.0	16.0	35.0	1.0	1955.6821042012925	1.0	12.717423691665585	-0.5353284944973459	0.0017959786205920883	0.8446420409159935	-0.29513610616461144	0.9030426619895792	-0.31210355510555654	4.695264992110053	5.630009340361182	11.903139424049112	0.2732032982886047	-0.1260065377493752	0.9536678195685436	0.17003894321434326	-0.973180186417602	-0.1549421897923141	6.122879808599137	5.303439898794636	5.0	2.577620641734354	1.7265498020814642	1.0954581578089035	0.7368421052631579	0.5789473684210527	0.2727272727272727	0.15789473684210525	0.11091533708466603	0.6975094904368473
8v4z	27.0	0.34782608695652173	-5.786650540389922	71.05167334175387	71.05167334175388	29.74221313476811	3.6713706996912685	-0.06787271517355786	0.09228932853302582	0.13711151184095127	0.020454596232686403	0.03612075886387511	-0.11710212392225483	-0.037255630189889366	-0.1182369952482692	0.5799999999999997	-12.72	-1.9179585165405044	-6.680000000000001	23.0	7.0	42.0	0.0	0.0	8.0	0.0	0.0	1.0	1.0	17.0	33.0	5.0	1924.396340132178	0.0	13.096266385006512	-0.20515860203397826	-0.03265945972290981	0.9781836778179016	-0.4403247558828524	0.8948880392696682	-0.07272899126718096	4.791008112784498	5.585758424108815	13.506248703516306	0.6021481337371845	-0.03819240447294267	0.79747035376202	0.37583775122544205	-0.9213685462714031	-0.09912611316756328	4.991505956561206	5.210836364168017	0.0	0.0	2.2592717352922165	1.1521829123585403	0.6956521739130435	0.6956521739130435	0.5	0.30434782608695654	0.2568990709365289	0.5043158513003312
8v50	27.0	0.36363636363636365	-5.674833354100046	72.07684349964207	72.07684349964208	29.739984157573826	3.680604816844466	-0.07058093621214556	0.10409191438481157	0.13327072898691558	0.02168256627632874	0.07472905272184405	0.19252595330936606	0.2665896576597833	0.5338446636909935	2.42	-12.140000000000002	-1.0836608807049728	-7.200000000000002	22.0	7.0	42.0	0.0	0.0	8.0	1.0	0.0	1.0	1.0	15.0	33.0	5.0	1865.3722984184933	0.0	13.180321048428018	-0.21820163750364177	-0.03572167045183113	0.9752497154570817	-0.45335556346849076	0.8901964788572145	-0.04493285817656191	4.685575432049821	5.579275637362509	13.434086598383963	0.598494263620113	-0.030777418708760343	0.8005356748843673	0.41368238840346466	-0.9039677531999911	-0.10820897518769301	4.9143913652307285	5.152053837092111	1.0	0.8639160069588203	2.059015438901953	1.1790508328066684	0.6818181818181818	0.7272727272727273	0.5	0.2727272727272727	0.14978805163612685	0.4923544799611159
8v51	28.0	0.35	-5.898952202065412	69.59616292400982	69.59616292400982	29.772739238631743	3.660980299653511	-0.07016293024617212	0.07171598564533534	0.14801064516656798	0.02267721063354436	-0.368234620393599	-0.5265068300344998	-0.27659250539089586	-1.1713339558189948	0.77	-12.42	-2.43452559985834	-6.379999999999999	20.0	7.0	45.0	0.0	0.0	8.0	0.0	0.0	1.0	1.0	14.0	36.0	5.0	1966.201978529236	0.0	13.088987561956278	-0.21360544633703485	-0.029079201013039995	0.9764871290553699	-0.39368804648830225	0.9160287390633239	-0.0768184281687198	4.698982777238224	5.618478655592709	13.527694020437483	0.6003369077802514	-0.04536196853097456	0.7984596976804752	0.34309178038624516	-0.9364346032144323	-0.07333664672243845	5.01347858648997	5.242008750048832	0.0	0.0	1.1218317483187952	1.2577799235362686	0.65	0.65	0.5384615384615384	0.3	0.42815032512391166	0.6458709411831863
8vcx	31.0	0.5	-2.0692584988821654	56.516123474875705	56.5161234748757	NaN	NaN	NaN	NaN	NaN	NaN	-0.674418355748367	-0.5312277902992859	0.3274752114357345	-1.4224124802861777	-1.8900000000000001	-7.78	-2.6237707289695162	-0.6400000000000006	22.0	10.0	50.0	0.0	2.0	5.0	0.0	0.0	2.0	3.0	17.0	40.0	3.0	2173.2653305042004	1.0	12.43142930694752	-0.46557247105405136	0.014786080099538634	0.8848862332927505	0.22906283570215713	0.973281028720567	0.01594541125877426	7.218034079499257	6.837378668488195	12.694977427218404	0.3261237793196705	-0.09945072771446634	0.9400812907199968	0.015566467356195272	-0.9994038173674135	0.030817114331751286	7.181141820318873	5.131441471045451	5.0	3.3382334612779134	1.623308133323762	1.1309839439293976	0.6818181818181818	0.3888888888888889	0.14285714285714285	0.1111111111111111	0.5110213767458385	0.8749123600720385
8vcy	29.0	0.46153846153846156	-2.201015779033162	57.25686760922132	57.25686760922132	NaN	NaN	NaN	NaN	NaN	NaN	-1.0849144942636924	-0.5312277902992859	-0.0029880990141973804	-2.1091341537447286	-0.7400000000000002	-5.88	-4.390555250417005	0.5	26.0	12.0	53.0	0.0	2.0	6.0	0.0	0.0	3.0	3.0	17.0	42.0	6.0	2112.936032441161	1.0	12.327333893220123	-0.4661922371938155	-0.003588934663930912	0.884676165252553	0.1828105898686109	0.9831404645480155	0.0038877887259012173	6.905523198269906	6.68837996011528	12.844812174799527	0.32658776366924713	-0.1016151584481475	0.9396886676125094	0.01051829851879713	-0.9992208108495625	0.03804124294070492	7.031162150959589	5.038556242342538	6.0	4.111578191809695	1.9222616250049533	1.17603424468133	0.6153846153846154	0.375	0.3333333333333333	0.08333333333333333	0.6849175136296239	0.9192770926106119
8vd0	31.0	0.2962962962962963	0.39812139583641903	64.43862102698697	64.43862102698697	NaN	NaN	NaN	NaN	NaN	NaN	-0.5844173367125045	-1.1759905275434361	1.0949190827885686	-0.9500891873817453	0.27999999999999964	-8.869999999999997	-5.060333924198131	-2.019999999999998	27.0	12.0	57.0	0.0	1.0	4.0	0.0	0.0	1.0	3.0	18.0	49.0	8.0	2309.187781794397	1.0	14.7023229874996	-0.7155836584494588	0.09203911993801844	0.6924368765635538	0.050396080861090334	0.9974232633116189	0.05105946079060339	4.560610144506848	6.613410799042858	12.134643336012665	0.20004106548049067	-0.03638867037257576	0.9791115547398715	0.09176110522544084	-0.9953448761646545	-0.029469928244938604	7.778890671570474	5.130682583632953	8.0	4.7224189049512235	1.2283430247448672	1.3404770303226785	0.7037037037037037	0.5769230769230769	0.4666666666666667	0.38461538461538464	0.39710542486689243	0.7233472135937101
8vd2	31.0	0.3448275862068966	0.8726445806521637	67.59574170951859	67.59574170951859	NaN	NaN	NaN	NaN	NaN	NaN	-1.8434095554479648	-1.1759905275434361	-0.4547800239365093	-3.7587805128422835	0.8	-8.23	-7.678650352921986	-1.9300000000000006	29.0	12.0	58.0	0.0	1.0	5.0	0.0	0.0	2.0	4.0	19.0	48.0	8.0	2337.88654484419	1.0	13.987771762210153	-0.6960247629464623	0.06994274404577171	0.7146030658888097	-0.03094838473402581	0.9993055239325059	0.020752518422713098	4.437158916324809	6.678929906981931	12.597384897441735	0.24888896546496325	-0.002228297615222141	0.9685294612972571	0.20028763656666826	-0.9796664177879139	-0.011771665113820051	7.888832462316456	5.030401067396981	5.0	3.647778532183625	2.0783525843759496	1.2699025603932406	0.6551724137931034	0.5714285714285714	0.375	0.2857142857142857	0.8730090841978406	0.9647609108370564
8vq8	26.0	0.391304347826087	3.8578897608722715	45.46427354359629	45.4642735435963	NaN	NaN	NaN	NaN	NaN	NaN	-0.8810048092060186	1.5494285105034127	1.5108183760530365	2.1792420773504295	2.800000000000001	-11.410000000000002	6.873397235222561	-4.2600000000000025	23.0	8.0	52.0	0.0	2.0	7.0	0.0	0.0	2.0	3.0	16.0	40.0	5.0	1959.2795670816704	1.0	16.00963970686312	-0.7845424784527595	0.020597390819664864	0.6197328834826328	0.23460267992833153	0.914411627450957	-0.32986809149513363	5.272148599468122	5.460070743571999	15.71363533153502	-0.2032654079702198	-0.2527749374438534	0.945932346838651	-0.07996687368455499	-0.9806221387812215	0.17884495982974033	7.435098471050897	5.144562178270211	7.0	5.836510959671377	2.3277137487959636	1.1935845483153498	0.6086956521739131	0.7391304347826086	0.17647058823529413	0.21739130434782608	0.022378850165628083	0.1784842389361374
8wte	24.0	0.0	-3.766131771347643	86.02867975216479	86.02867975216479	30.577227175954196	3.85243947795568	0.021259929385324006	0.1608676910841444	0.09196555858648636	0.04291146303442653	0.380395008819716	0.0	1.3735696181946662	1.753964627014382	1.1700000000000002	-3.12	0.10166370780236389	-1.7899999999999998	13.0	5.0	50.0	0.0	2.0	11.0	0.0	1.0	0.0	2.0	10.0	34.0	3.0	1665.0031274679532	0.0	14.137855457226246	-0.2236487718036147	-0.12625922914873558	0.9664573626311911	-0.5257182448426398	0.8492357890944009	-0.049182325890052156	6.676281250098278	5.251701070518308	12.922138517683319	0.4987342162382067	0.10809111113016898	0.8599886587002958	0.5496297515408639	-0.815316562587702	-0.1821154540947828	5.470744231326793	5.388616046717486	2.0	0.8349130472147426	1.6397559071169416	1.1628226956808292	0.5384615384615384	0.9230769230769231	1.0	1.0	0.03330159740998991	0.14490579379956667
8wul	24.0	0.0	-4.250254814088366	85.5250460491601	85.5250460491601	30.605463728149207	3.8469762281845528	0.008279384824032327	0.17756717492302407	0.10413168953524779	0.05520401378799803	0.380395008819716	0.0	1.5951023643777291	1.975497373197445	0.75	-3.35	0.10166370780236389	-1.8299999999999994	12.0	5.0	48.0	0.0	0.0	7.0	0.0	1.0	0.0	2.0	9.0	38.0	3.0	1704.1370549413623	0.0	14.153206289969013	-0.21445719649933492	-0.12303440299892107	0.9689533767973743	-0.5268184778860591	0.8491398293499779	-0.03773382025497039	6.821327066966152	5.28719117228664	12.964132115552447	0.5094916381825545	0.10449232458900272	0.8541075017641349	0.5466693664373734	-0.819280305511455	-0.17300978132368897	5.56191618059191	5.459295129980687	0.0	0.0	1.4201521239963064	1.1332422137694973	0.5833333333333334	0.9166666666666666	1.0	1.0	0.009275862833507145	0.023538666399936105
8ye4	24.0	0.4782608695652174	2.2071943087458497	75.10557828789493	75.10557828789493	31.130869387435432	3.6960006238627	-0.13984778827373046	0.21892073797087627	0.15663239864584302	-0.09916273928866072	-0.708473999396797	-0.3425629053363958	-0.6787772904199421	-1.803001117244747	0.7700000000000004	-12.510000000000002	-0.8485031866936432	-10.96	23.0	6.0	32.0	0.0	1.0	4.0	1.0	1.0	0.0	0.0	17.0	26.0	5.0	1673.6623998299583	0.0	12.228647714062344	-0.088977897733354	0.19662498432856113	0.9764330745571842	-0.5206610937105	0.8525995165300361	0.04456556470878503	7.528073208483971	5.696013664332858	15.423329130693157	0.652663866522328	0.14020787538615392	0.7445613667698263	0.3401166286465108	-0.8958650316041235	-0.28591348989013876	7.015515208692137	5.465726807636221	3.0	1.9100521295178874	1.8716661447922056	1.3477750049517672	0.6521739130434783	0.7272727272727273	0.25	0.0	0.38534925800703324	0.9335202853650095
8yiv	19.0	0.0	NaN	NaN	NaN	NaN	NaN	NaN	NaN	NaN	NaN	-0.5402217788236704	0.0	-0.07053375467261042	-1.428217451575825	-0.13999999999999993	-8.93	-1.4906063453798195	-7.879999999999999	18.0	6.0	26.0	2.0	2.0	3.0	0.0	0.0	0.0	2.0	14.0	19.0	2.0	1298.6618196373056	0.0	NaN	NaN	NaN	NaN	NaN	NaN	NaN	NaN	NaN	14.112444037484654	0.06563353075739108	-0.668712300517019	0.7406187269005797	0.3165584823197833	-0.902458805295494	-0.2921623378277953	5.664723634536271	5.390511370411498	3.0	1.407922694112305	1.3697016021352106	1.2406991022441953	0.5555555555555556	0.5294117647058824	1.0	1.0	0.34769199020879227	0.9916732071325477
8yj2	18.0	0.0	NaN	NaN	NaN	NaN	NaN	NaN	NaN	NaN	NaN	0.12336430591411851	0.0	3.4859067307604907	2.791809118595065	0.12000000000000004	-11.41	3.177927084157803	-10.4	17.0	6.0	25.0	2.0	2.0	3.0	0.0	0.0	0.0	3.0	13.0	17.0	2.0	1234.7494848873284	0.0	NaN	NaN	NaN	NaN	NaN	NaN	NaN	NaN	NaN	14.226093044260516	0.03428135994345988	-0.6758631263777491	0.7362294632943829	0.32562610362757644	-0.8996325070296987	-0.2909106264208974	5.7973792256605785	5.446868241728964	4.0	2.1166404924622952	1.489971308911127	1.218404066608302	0.5294117647058824	0.5	1.0	1.0	0.023115312877625416	0.8440983287475136
9aud	24.0	0.2916666666666667	-1.2513173445078425	50.32174625842411	50.321746258424106	NaN	NaN	NaN	NaN	NaN	NaN	-0.23349811577035173	0.3898191305224673	0.6456603100232206	0.8019813247753359	2.02	-11.030000000000001	0.6725995477228723	-4.130000000000002	24.0	9.0	36.0	1.0	1.0	7.0	0.0	0.0	0.0	1.0	15.0	27.0	8.0	1960.5015335264834	1.0	14.661576861973268	-0.6519435087561791	-0.015653195486620728	0.7581059548145819	-0.008766811213385295	0.9371813554696359	-0.3487323466521116	5.105993295532549	5.266530104103562	15.680966397975062	-0.05971248833352358	-0.20784295445493758	0.9763379153207759	-0.13048373445814893	-0.9821279003692639	0.13564210992734393	7.85520525959526	5.3680389076600665	13.0	8.874281720569575	0.9196263884097222	1.5667389598706294	0.8333333333333334	0.6666666666666666	0.5	0.4166666666666667	0.4652612988745277	0.9793351301196663
9d95	31.0	0.4827586206896552	1.7436738734535675	79.59161049078591	79.59161049078591	29.54808428218012	3.7528753622248363	0.0390623523995769	0.0706443932726204	0.01424557040811427	-0.022621352313123382	0.18771050542116702	-0.9227333890123879	-1.5746304444250407	-2.309653328016262	1.94	-13.95	-5.963758225009537	-9.57	29.0	9.0	52.0	1.0	2.0	9.0	0.0	0.0	0.0	1.0	23.0	40.0	5.0	2450.659291020449	0.0	12.476308631616334	-0.5192008542047678	-0.05180991159025661	0.8530804217034554	-0.4994706446552142	0.8657790474890549	-0.03091465175253231	5.561780208916284	5.499499969777223	11.700941560557172	0.5947065584321385	0.17081092700647305	0.785587510339914	0.6855783140793266	-0.6604965593013591	-0.30614811781714973	5.413453263246415	5.3730076095375425	0.0	0.0	3.0112963044546746	1.1696025115741193	0.6551724137931034	0.9310344827586207	0.037037037037037035	0.034482758620689655	0.9578536593342506	0.9994773646639434
9gv6	26.0	0.4583333333333333	1.3166262127024482	81.22166076713897	81.22166076713897	30.684801501963747	3.754343404733582	0.04551401574763896	-0.0938694457791701	0.3933985478081999	0.05721190291645615	-1.6443108039847516	0.07553787060931276	-0.7845702385130721	-2.3533431718885103	1.1700000000000002	-10.81	-5.916252293922468	-9.5	24.0	6.0	43.0	0.0	2.0	5.0	0.0	0.0	0.0	2.0	16.0	34.0	8.0	1694.6924095486902	0.0	13.317032328042536	-0.4339859519652103	-0.17716748712562128	0.8833277278860091	-0.31825334156343854	0.9479477118925459	0.010485504198077839	5.198524742897707	6.598392945797613	14.065983711958454	0.2603165176022369	0.050840220630203936	0.9641838945385519	0.4751542575440557	-0.8772773833752064	0.06791777214554626	5.278576781011598	5.223384800868003	4.0	2.080058922782278	1.9911031681174522	1.3481608390975308	0.7083333333333334	0.7083333333333334	0.17647058823529413	0.08333333333333333	0.49979249690685135	0.9278696602520753
9gv7	27.0	0.16666666666666666	-2.2451149974991793	156.4331576858858	-156.43315768588582	31.86262449705739	5.91082080062841	0.42711393549322474	-0.11540385744599053	-0.035137595618494194	-0.2210169690641106	-0.26919679937956575	0.0	0.32494979450834205	-1.6433566669349824	-3.0700000000000003	-3.8100000000000005	-1.6355202609699422	-1.8499999999999996	12.0	6.0	62.0	2.0	2.0	14.0	0.0	2.0	0.0	1.0	8.0	43.0	2.0	2074.326625277168	0.0	16.29457522836108	-0.5239820353005384	-0.40304306256886147	0.750332670403387	-0.2987317936545581	-0.9524833437006798	-0.05945414259633788	9.80688284246181	5.542658785194682	18.821399756139648	-0.8129808329331426	0.03128704182321254	0.5814492980398415	0.4703836370236355	0.8531583822020122	-0.22552163648068035	7.097322346244113	5.291872325506233	3.0	1.345188328201111	0.8172919734268516	1.2957281395965203	0.5833333333333334	0.2222222222222222	1.0	0.5555555555555556	0.348863673193949	0.999633285074518
9hlj	31.0	0.2727272727272727	-9.131464827883756	54.828252526755605	54.82825252675561	29.825553812049762	3.3266556667124907	-0.029262248761228394	0.021184338916727403	0.3957803431506662	0.09340246999186837	-0.19113090426955748	-1.6782053411441766	-0.471620483489881	-2.7944638838796876	-0.3700000000000001	-4.1	-2.850952442518342	-4.859999999999999	22.0	8.0	55.0	1.0	3.0	6.0	0.0	0.0	0.0	4.0	16.0	42.0	5.0	2034.3276414169377	0.0	11.899274230094834	-0.1663513820586998	-0.1267889554222611	0.9778812700435646	-0.020131440572906584	0.9107804409596886	-0.4123999431231321	4.790645453702565	5.294196549256058	16.216790107705748	0.4794099898474611	-0.32557000994557284	0.814966398163242	0.30063577583680423	-0.9292493553748643	0.21474115922174003	7.652080255054662	5.578710560953705	1.0	0.5017256552649081	3.128945883910715	1.0263661026175925	0.45454545454545453	0.8	0.75	0.6	0.7869725020297696	0.9958643871832272
9iky	25.0	0.2	-6.855874974062862	72.44978119604733	72.44978119604733	29.102370405167356	3.6327910998851	0.0519811072982119	0.14772481816025548	-0.033250019388008936	0.05417983412259536	0.0302839047637626	0.213525837168257	1.3150763232152594	1.5588860651472791	-2.110000000000001	-3.88	0.8524766362098721	-2.76	10.0	6.0	47.0	0.0	0.0	8.0	0.0	1.0	0.0	2.0	9.0	36.0	1.0	1890.2616918801687	0.0	15.225302724052034	-0.4453182612805632	-0.030688536760547683	0.8948462771617215	-0.5037320506993018	0.8613615449145525	-0.06565294864121629	9.262045210661054	5.3275758623461815	11.967886653682648	0.3614153681306722	-0.01742972191067975	0.9322419944981953	0.3854890107964561	-0.8951374940921716	-0.22389079668209158	5.5770709515173404	5.173088491916309	1.0	0.46538521531752375	0.5304264129422038	1.1427379559160564	0.8	0.9	0.5555555555555556	0.6	0.04470269313014634	0.100867184905886
9j4t	19.0	0.3684210526315789	1.0641757900190159	62.54434205506674	62.54434205506674	31.524673117507128	3.4030041897501886	-0.14141843272555749	0.03403433837067367	0.0007277012785386144	-0.05552367358067883	1.2335603654823886	-1.2849169475326938	-0.9433069734366761	-0.9946635554869813	1.21	-11.32	-4.473305231194099	-10.15	19.0	5.0	23.0	0.0	0.0	2.0	1.0	0.0	2.0	1.0	15.0	20.0	1.0	1324.8625892708733	0.0	14.974525092493266	-0.1762167765752862	0.15669489023451974	0.971799546662915	-0.2355001779777067	0.9716513544146087	0.0208161297912684	7.376920973179576	5.301689199790643	14.299960021163065	0.47085134948856794	-0.014103217354267394	0.8820998275734964	0.19005808010856534	-0.9561501297326225	-0.2228336940906226	5.857882785698907	5.3239277079773695	3.0	1.4241562817240339	0.3663615162081384	1.3068499246666714	0.7894736842105263	0.7368421052631579	0.42857142857142855	0.2631578947368421	0.11527474895979006	0.40837139634645714
9j4u	22.0	0.38461538461538464	5.383591990107779	56.59902363758445	56.59902363758445	29.257661199081134	3.330330025145307	-0.012461634718118357	0.1059693790151707	0.148162575694612	-0.14687076355286663	-0.9594666900421375	-0.1117021392963593	-1.7899821688440531	-2.8611509981825503	0.6399999999999999	-14.129999999999999	-1.9689914632132026	-12.479999999999999	26.0	8.0	30.0	0.0	1.0	5.0	0.0	0.0	0.0	2.0	19.0	22.0	7.0	1684.7385496859679	0.0	11.988515870715114	-0.2678519266071379	0.14644489337038372	0.9522653193578746	-0.06893477015174423	0.9968195783803376	-0.039984062632412776	4.664501495399529	5.599433840840278	13.629444498694074	0.5699768975597554	0.12809603164246086	0.8116142820200176	0.053236174722945125	-0.9612206465755337	-0.2705933811210953	6.358909794667953	5.112027560619469	1.0	0.4824744937182954	2.330931813888112	1.2465703697935022	0.6153846153846154	0.6153846153846154	0.125	0.23076923076923078	0.772494513808073	0.9443297153327604
9k2i	24.0	0.48	-3.88008442270121	66.81780964419538	66.81780964419538	30.665421450629584	3.4047469414203695	-0.3164169441665274	0.14691315130203267	0.3596401880543551	0.015867010197008424	0.29386914299634	-0.20051704827963907	0.2415898751965646	0.3349419699132655	-1.4100000000000001	-7.4399999999999995	-3.1294076580269063	-5.459999999999999	25.0	6.0	42.0	0.0	1.0	4.0	0.0	0.0	0.0	4.0	20.0	33.0	5.0	1870.3304604752193	0.0	12.322473149236718	0.2168867460836768	-0.04444933280560448	0.9751842882368779	-0.40941625436979195	0.9096669043771587	-0.0698888642607699	5.430688736455765	5.114736915468173	16.318918520904635	0.8256156347630402	-0.07117698943025172	0.5597255217407109	0.2909104954140703	-0.9464596306785752	-0.13994731426452298	4.656033156956935	5.210198503441041	2.0	1.0397295222668785	3.8087903752547767	0.9964374171809831	0.44	0.92	0.043478260869565216	0.04	0.2083577796001869	0.7614500623778794
9k2r	22.0	0.5	-27.26394879335037	52.339649858262376	52.339649858262376	33.162253562106045	3.230845960495084	-0.21164211385715306	0.3045852226040255	0.20064368084668363	-0.019824894010530822	-0.8883275653884661	1.7017900008532705	1.578366433531495	1.7357715287123623	-0.48000000000000015	-10.24	2.4770662471913454	-10.799999999999999	24.0	7.0	32.0	1.0	2.0	4.0	0.0	0.0	2.0	4.0	17.0	22.0	4.0	1649.2512824337246	0.0	12.778416631903744	0.17889085958826853	0.12117356330278922	0.9763785268817424	0.1603174180038976	0.9787392849530618	0.12793645767123213	4.71671930177784	5.3666950044547725	16.90415061069664	0.8136516193551948	-0.23600357218582746	0.5312940392267581	0.05515151823905504	-0.9949741513968982	0.08357480307346027	4.777955362844377	5.274526428353911	4.0	2.1085676124762505	1.5550983395225768	1.3254729624656176	0.7083333333333334	0.7272727272727273	0.375	0.09090909090909091	0.29219130539217203	0.9788299008394306
9nds	26.0	0.43333333333333335	5.849396142973557	56.63281930238497	56.63281930238498	30.76335430138987	3.4009848108962624	0.10301775336393643	0.020049810031354066	0.09608326223973579	-0.10490917088442892	-0.51365670882273	0.3819563258498098	-0.22713057216929802	-0.6795528816721991	1.65	-12.620000000000003	-0.6422831353160368	-11.680000000000003	30.0	8.0	39.0	0.0	1.0	6.0	0.0	0.0	1.0	2.0	25.0	30.0	4.0	1940.8469130716148	0.0	13.151266904242151	-0.4784645784559064	0.12803834846811057	0.8687219511054693	-0.2137150260559994	0.9620653895528843	-0.1695761584727016	3.913013762065643	5.882681859979366	12.346483903741873	0.2836767504408539	-0.0632874390215037	0.9568292434700287	0.16421419056172534	-0.981153256330535	-0.10184295185325593	5.020222033620965	5.435379008444146	0.0	0.0	2.372570330118637	1.203433275667325	0.7	0.7241379310344828	0.14285714285714285	0.10344827586206896	0.190836729298374	0.6696490090337749
9nig	27.0	0.4444444444444444	-1.2919930242944202	74.42828167313965	74.42828167313965	NaN	NaN	NaN	NaN	NaN	NaN	-0.1276757992043894	0.5771119003288046	2.053006439098581	2.5024425402229964	0.5600000000000002	-10.300000000000002	-2.888057831206827	-6.660000000000002	18.0	5.0	43.0	0.0	0.0	4.0	0.0	0.0	2.0	4.0	12.0	35.0	4.0	1760.9401665782243	1.0	12.833434340740931	-0.5729078601870957	-0.010889021125333284	0.8195474438975041	-0.49749517121470355	0.8560180828499471	-0.14046919976564426	5.268281831315996	5.4177997601940096	12.453266629733225	0.30941944647430636	0.029471373342393907	0.9504688549006992	0.4270071432918944	-0.8886372547409991	-0.1672983223781636	6.540537357063684	5.082227047384052	0.0	0.0	2.14129398517761	1.1643031956577328	0.6111111111111112	0.8888888888888888	0.25	0.1111111111111111	0.013077143752730627	0.06237201050785914
9nmu	27.0	0.45	1.48636790972583	59.96066214689479	59.96066214689478	28.392808557425212	3.4053205910374924	0.04540728442608594	0.0655434506132041	0.08960941977595809	0.004624777882763291	-0.1295410476245329	-0.9994166157222559	-1.10349508014761	-1.7343867501137156	2.16	-9.98	-1.2758264284313126	-8.280000000000001	20.0	8.0	40.0	0.0	3.0	6.0	0.0	0.0	0.0	1.0	15.0	30.0	5.0	1800.9908233543028	0.0	13.099466936058818	-0.46970982265396133	0.06605488700740296	0.8803462013617969	-0.13305330691875744	0.9779607479441018	-0.16090243202915674	5.297437353113165	5.4689929905550265	12.212065392485217	0.3954479893843589	0.01812240215836472	0.9183095698445627	0.19283617726874253	-0.9665122815178848	-0.16931691592700965	5.404213020771362	5.0963659855006	5.0	2.493916111536246	1.6714354073088584	1.2425277049613856	0.6	0.5789473684210527	0.45454545454545453	0.05263157894736842	0.5838490678727528	0.8974720054088048
9nmv	29.0	0.5	1.5267215918041772	57.78537511292908	57.78537511292908	28.725920753326058	3.3738829344345667	0.05513270737317527	0.06416401891826068	0.10105471138147432	0.007257773251474469	-0.38556749424056236	-0.9994166157222559	-1.10349508014761	-1.990413196729745	2.74	-10.26	-0.9303932993588278	-7.719999999999999	22.0	8.0	46.0	0.0	3.0	5.0	0.0	0.0	0.0	1.0	18.0	37.0	4.0	2036.258552226438	0.0	13.404890850673086	-0.4750077777169285	0.07422181978359449	0.8768459000458617	-0.08555950916882793	0.9846010098254795	-0.15244809437094672	5.553854412391256	5.492955759052962	12.245277097843275	0.390869476490226	0.01597234335536666	0.9203075227513173	0.11912945460528601	-0.9767458910233064	-0.17825722150366455	5.307109759219133	5.046323685236171	3.0	1.4236260972970487	1.926626801061266	1.221974549273974	0.5909090909090909	0.5238095238095238	0.45454545454545453	0.047619047619047616	0.5442891936812275	0.9189073860591005
9nmw	28.0	0.4782608695652174	1.6133046929767676	58.540071969587096	58.540071969587096	28.358492233079726	3.3856970967012017	0.05114903672702605	0.07568598033016984	0.08817895344523173	0.005319943687851819	-0.3325596941269263	-1.0918297614173058	-1.10349508014761	-2.029818542311159	2.5399999999999996	-10.620000000000001	-1.4070710356922569	-8.05	23.0	8.0	43.0	0.0	2.0	8.0	0.0	0.0	0.0	1.0	18.0	32.0	5.0	1975.8892051402654	0.0	13.048264114026411	-0.46010579769842985	0.07602740801568017	0.8846030115263185	-0.04196948851776787	0.9894540668550226	-0.13863336990081468	5.01630393549129	5.4413386082204935	12.268059390519072	0.400524412063482	0.015863697888261842	0.9161487533514887	0.16783144237019412	-0.973646955814823	-0.1544157116144626	5.470456401770985	5.1142140981757915	4.0	2.0756778542977092	2.2823479989657174	1.1837437839130645	0.6521739130434783	0.5454545454545454	0.3333333333333333	0.09090909090909091	0.6310382479470235	0.9110492612865633
9nmx	30.0	0.5	1.4819342700778786	58.065202896115494	58.06520289611548	28.383642113301754	3.37715144915811	0.055285587663163605	0.07499156805551016	0.09666502188235153	0.00798644164594546	0.2936767811503922	-0.9994166157222559	-1.10349508014761	-1.3111689213387905	2.5700000000000003	-10.55	-0.7480717425648734	-8.05	22.0	8.0	47.0	0.0	2.0	8.0	0.0	0.0	1.0	1.0	16.0	36.0	5.0	2126.367723336083	0.0	13.280837744867764	-0.4731792144810903	0.07300178333129317	0.877936313443587	-0.11124711927806899	0.9800497481483272	-0.164701454880129	5.571306131057391	5.4481069192353315	12.093855313972362	0.39038173506673945	0.014561935758531576	0.9205379138242341	0.16272467357870138	-0.9727492367191917	-0.16516537975870638	5.360815475465364	4.998787176843244	4.0	2.2611170037034274	2.101314451375569	1.2423500033389	0.5909090909090909	0.5238095238095238	0.45454545454545453	0.047619047619047616	0.6813099771724331	0.9268053242958234
9nmy	29.0	0.4782608695652174	1.6255049598436968	57.93074201770953	57.93074201770951	28.320765672867903	3.3759347917941662	0.054500224001894824	0.07048591256853896	0.09302987041779223	0.004771949266707788	-0.3325596941269263	-1.0918297614173058	-1.10349508014761	-2.029818542311159	2.27	-10.610000000000001	-1.4070710356922573	-8.330000000000002	23.0	8.0	45.0	0.0	3.0	5.0	0.0	0.0	0.0	1.0	18.0	36.0	5.0	1993.2732709207776	0.0	13.174457129480523	-0.4695053370354094	0.07639664357233156	0.8796182644729134	-0.11023146338661059	0.9815883047092918	-0.15599174391903917	5.296162246953437	5.4543170055053665	12.141612110904896	0.397692670716241	0.014045340764716079	0.917411177115618	0.16478589250489514	-0.9716947133941763	-0.16927785795355801	5.406605489788815	5.002127404229706	5.0	2.1876131285110443	2.230838692129835	1.183680914722203	0.6956521739130435	0.5454545454545454	0.3333333333333333	0.09090909090909091	0.5933767761401078	0.9303902656595134
9pbg	22.0	0.4583333333333333	1.3742794725356753	43.953292516811466	43.953292516811466	31.404859714246104	3.208261549175807	-0.06047785568371736	0.18824031151597392	0.13939736755499035	-0.15527794304371964	-1.5316045126828737	-0.9206691314704958	-1.3612901267339441	-3.8135637708873134	3.6100000000000003	-13.24	-3.1882273628516336	-9.82	24.0	7.0	40.0	0.0	2.0	4.0	0.0	0.0	1.0	1.0	21.0	33.0	2.0	1831.809269232941	0.0	12.94489276257282	-0.001295632203168827	0.45065515607239226	0.8926971779321703	0.06860972457475832	0.9953567235379644	-0.0675107267539933	6.9707961743420785	5.3377149210301615	14.50389626425921	0.6312169627947374	-0.14097405139506922	0.7626870017087962	-0.11719582594516473	-0.9814174760411158	-0.15193707814541402	5.169802659787447	5.171285619454559	0.0	0.0	2.530334719195697	1.0732382428064875	0.5833333333333334	0.7083333333333334	0.5294117647058824	0.08333333333333333	0.5479043795549743	0.9372130789199231
9pbh	24.0	0.4583333333333333	1.3781286325929585	43.79914301203144	43.79914301203144	31.276724884238956	3.20956907058933	-0.06250730630944713	0.18434363629964887	0.1160035182062545	-0.15882972945969956	-0.031021354834604914	0.5238389668815192	-0.9828268612869083	-0.32893812656816207	2.92	-8.820000000000002	0.4891911381287675	-6.040000000000002	24.0	6.0	43.0	0.0	2.0	4.0	0.0	1.0	2.0	2.0	20.0	34.0	2.0	1787.5699395381016	0.0	12.794584580770392	-0.024994591868641804	0.44508194293998193	0.895140957776916	0.04653954334872618	0.99764397408687	-0.050404082120187405	6.9414610236069185	5.281636626869745	14.501641139091651	0.6347974824779973	-0.12734975388402608	0.7621116691714932	-0.11909087783513639	-0.9780505727001471	-0.1709808166652242	5.017093223482377	5.1299871962702595	0.0	0.0	3.1010256651917008	1.0183980690741832	0.5416666666666666	0.6956521739130435	0.5	0.13043478260869565	0.058120321829563754	0.5414020683622699
9ru5	27.0	0.36363636363636365	-14.714920234182069	102.20810348912804	102.20810348912805	31.231260494608996	4.184643721650805	0.1294318512476997	0.20002487434002014	0.01225125773163435	0.2648099145925502	-0.08533812466519658	-0.21426314380877653	-1.0582515602240348	-2.045291335687558	1.84	-13.22	-3.9475157267081675	-11.46	22.0	6.0	57.0	0.0	0.0	10.0	1.0	0.0	1.0	1.0	17.0	46.0	3.0	1951.131595207229	0.0	14.18015133689896	-0.29390494718372545	-0.3150554580071172	0.9024189383317567	-0.8233889220694529	0.5245777769465231	-0.2164459253234932	4.574611529122866	5.586513799539203	13.652073768881063	0.45390342606914985	-0.00969425046319003	0.8909981487995062	0.8354100756980364	-0.5441141334729986	0.07765188226165089	6.149299957290846	5.581101480977993	3.0	2.389910446868676	2.539905526374308	1.1829006141488856	0.5454545454545454	0.8421052631578947	0.0	0.15789473684210525	0.29922164005443996	0.7462669599094359
9rup	21.0	0.07142857142857142	1.9864853424558664	42.902565458880744	-42.90256545888074	32.14804354089417	1.5387416889671925	-0.3287316561677538	0.4783441453624642	-0.8551152806645471	-0.4279722990639524	0.0	0.0	-0.115701869452559	0.542124590110444	0.11999999999999988	-11.0	1.0676217522359037	-9.79	14.0	4.0	32.0	0.0	1.0	2.0	1.0	0.0	1.0	3.0	11.0	26.0	1.0	1612.866964815279	0.0	28.53841422441908	0.8419137633505266	0.3128610141647602	0.43965804988271306	0.7657796374533382	-0.3578745153999737	0.5343289040392626	18.793747961218514	5.03438094490559	22.080884927712024	0.9614129465772577	0.06611072043978482	0.2670477835631515	-0.854251562472394	0.10840241304296283	-0.5084320844471564	11.270305774306935	5.484619834144575	2.0	1.2221130256529897	1.7215240936886387	1.1137471665085354	0.5714285714285714	1.0	1.0	1.0	0.09155897829126824	0.7687351496684036
9rxm	27.0	0.3157894736842105	-2.226739030848237	88.56791357955704	88.56791357955706	29.212582264427592	3.925714514886722	0.048671511628759184	0.11889140252894542	0.14869853243307898	0.006502507916207026	0.0	-0.573572948456321	1.0923628970553723	-0.2034971923063757	2.7600000000000002	-11.510000000000002	-2.1232037030600552	-10.64	19.0	5.0	47.0	0.0	0.0	9.0	0.0	0.0	2.0	3.0	15.0	35.0	2.0	1829.5291264176958	0.0	13.149553305176696	-0.5246554477719747	-0.0637260891826944	0.8489261726019358	-0.7697787644396751	0.631198666919428	-0.09502050477160207	5.113099871557023	5.408117090212694	11.789173282437968	0.31389964053428604	0.15475629869004814	0.9367590424002085	0.675980254533733	-0.7357473502610254	-0.0415515546871582	4.444533348706609	5.442621514381036	7.0	4.6665394112053225	0.8120244505121352	1.3615683560752152	0.7894736842105263	1.0	0.29411764705882354	0.29411764705882354	0.07663791271841819	0.15114613891109208
9wbd	27.0	0.1724137931034483	-5.195718483017316	75.00972425708214	75.00972425708215	29.00560787621752	3.7040724882288005	0.20092241860977886	0.16572183545110897	-0.1975283955392305	0.008149955279630743	-0.40324689410145476	-0.973970571346444	0.7550121105340589	-1.5532771330462753	1.79	-12.8	-0.7423399703229316	-10.940000000000001	29.0	5.0	38.0	0.0	2.0	3.0	3.0	0.0	1.0	2.0	21.0	31.0	4.0	1835.5358013058794	0.0	15.629749785119827	-0.5934643062689422	-0.035149507840141536	0.8040924257542524	-0.44110311396784885	0.8953945670738281	-0.06079976733906281	8.500654041878299	5.075437246474197	11.38944571110442	0.20733011726181794	0.0731561443979829	0.9755318553678405	0.3570032488086775	-0.9203082013907206	-0.1599421595750199	4.5956702081767755	5.215053996441148	4.0	2.060489236482603	3.8779901412864217	1.0130695680540276	0.4482758620689655	0.6923076923076923	0.4444444444444444	0.6153846153846154	0.530712867554228	0.9875322866221358
