{
 "MHCI": {
  "reference_id": "1ao7",
  "rotation": [
   [
    0.9948698201612403,
    0.05292586534996141,
    0.08621423147775083
   ],
   [
    -0.07120636580868119,
    0.9717158913679418,
    0.22516189715697255
   ],
   [
    -0.0718588505381329,
    -0.23014577823624024,
    0.9704994726218941
   ]
  ],
  "translation": [
   0.39539682822241995,
   0.715070981513505,
   9.380613620130553
  ],
  "variance_explained": {
   "PC1_z": 0.7389524326400569,
   "PC2_y": 0.17472422109025215,
   "PC3_x": 0.08632334626969088
  }
 },
 "MHCII": {
  "reference_id": "1fyt",
  "rotation": [
   [
    0.9309035042879937,
    0.07445251644040307,
    0.3575968239512551
   ],
   [
    -0.09278711558933145,
    0.9950927705065232,
    0.03436465140612022
   ],
   [
    -0.3532834794962048,
    -0.06517055225593545,
    0.9332435814050433
   ]
  ],
  "translation": [
   1.2218334291518422,
   -0.43090291392855884,
   12.968352419051381
  ],
  "variance_explained": {
   "PC1_z": 0.708358654501136,
   "PC2_y": 0.17757165456745155,
   "PC3_x": 0.1140696909314124
  }
 }
}