{
  "MHCI": {
    "reference_id": "1ao7",
    "rotation": [
      [
        0.18515252877393018,
        -0.7240659680665671,
        0.6644147913588649
      ],
      [
        -0.8259922735438769,
        0.25162940928562033,
        0.5044000440408261
      ],
      [
        -0.5324052076514993,
        -0.6421924277585301,
        -0.5514830737159292
      ]
    ],
    "translation": [
      -9.513358307322463,
      56.144493836305905,
      -66.39838508513513
    ],
    "variance_explained": {
      "PC1_z": 0.5440234186222618,
      "PC2_y": 0.30699511633960347,
      "PC3_x": 0.14898146503813472
    }
  },
  "MHCII": {
    "reference_id": "1fyt",
    "rotation": [
      [
        -0.9760188180504981,
        0.20873478069020238,
        -0.061782344901447885
      ],
      [
        0.1739462344536034,
        0.9184761199151484,
        0.35516802314541995
      ],
      [
        0.13088152784377333,
        0.33590386790840404,
        -0.9327586060677504
      ]
    ],
    "translation": [
      48.03560199746372,
      -20.579575778742946,
      -1.418292504113479
    ],
    "variance_explained": {
      "PC1_z": 0.5514633986290102,
      "PC2_y": 0.2817343080281055,
      "PC3_x": 0.1668022933428843
    }
  }
}