pdb.id,c_local,e_tight_minus_loose,frac_close_favourable,frac_cb_close_engaged,sidechain_toward,margin_energy_slope,ca_energy_coupling_tp,ca_energy_slope_tp,frac_ca_close_engaged_tp,ca_cb_agreement_tp,ca_energy_coupling_tm,ca_energy_slope_tm,frac_ca_close_engaged_tm,ca_cb_agreement_tm,degree_evenness_tp,frac_well_coordinated_tp,n_contacts,n_cb_close
1ao7,0.06260785542131282,-0.013026415866803101,0.6666666666666666,0.9473684210526315,0.4919892473413135,0.02417684987527945,0.32634960857408735,0.04305058894959546,0.85,0.8210972548051199,0.0035652296642405996,0.011024438166139412,0.6896551724137931,0.8086603915850742,0.7403169014084507,0.9375,29.0,19.0
1bd2,0.23207478695086178,0.12346853392705838,0.8181818181818182,0.7777777777777778,0.618572640764477,0.11468533913236653,0.16167007630284755,0.005485730000598878,0.7777777777777778,0.8511488511488511,-0.2630363817571248,-0.07388501303082642,0.6666666666666666,0.7892715504389377,0.8698224852071006,1.0,21.0,18.0
1d9k,0.4421489962632303,0.32930336333944377,0.8888888888888888,0.8823529411764706,1.066916332346715,0.16247588031724078,-0.057851270539114236,-0.01665283046218693,0.8333333333333334,0.7703612177296387,-0.11197529745108611,-0.03544771046147216,0.8214285714285714,0.7947562180120319,0.7714285714285715,0.9,18.0,17.0
1fo0,0.23636363636363636,0.21090159240891793,1.0,0.8,1.033493628013545,0.10121917594775451,-0.11818181818181818,-0.014766429206258954,0.8571428571428571,0.7884425651867513,-0.06411936719751474,-0.02225023314004972,0.7142857142857143,0.7830268091727673,0.8066666666666666,1.0,11.0,10.0
1fyt,0.1458107500883851,0.3080814334383077,0.5,0.75,1.276487735529778,0.14634407384906659,-0.5908968301585723,-0.10593021422769787,0.6666666666666666,0.7957264598463539,0.0031488369245029255,-0.0016598438119248737,0.7857142857142857,0.8246300438925447,0.7058823529411765,0.9411764705882353,24.0,20.0
1g6r,0.22673509103549183,0.03430870655490667,0.9,0.7777777777777778,0.9139104477823076,0.06057317483331769,-0.5540892756344725,-0.062170330360466,0.8,0.7446942524713498,-0.35053389661578266,-0.06706678699164867,0.5405405405405406,0.8178167403379631,0.8298850574712644,1.0,19.0,9.0
1j8h,0.33885754332619317,0.4595632456133203,0.5,0.7368421052631579,1.3445624974002874,0.2528688778848248,-0.5339844457463134,-0.09426104943922321,0.625,0.8022669532929451,0.047721166493759855,-0.0025973720301820736,0.8148148148148148,0.8349832851707644,0.8064024390243902,1.0,23.0,19.0
1jtr,0.04976726017934395,0.17477394354776574,0.6666666666666666,0.7272727272727273,1.0296336537668966,0.02971092427133039,0.11808198473867938,0.01545474151506911,0.7777777777777778,0.7387994634473507,-0.25694609698376,-0.03864495627200732,0.6341463414634146,0.828953181160257,0.8307692307692308,1.0,18.0,11.0
1kj2,0.569464087556555,0.4342537861509174,0.8571428571428571,0.6153846153846154,1.318172570099448,0.3980105903807208,-0.4209082386287581,-0.09701514391391838,0.7,0.8124999999999999,-0.013697520262267273,-0.017905313942292563,0.5,0.7856066003934733,0.6954732510288066,0.8888888888888888,13.0,13.0
1lp9,0.1665232693526131,0.1259262218296125,0.8333333333333334,0.7894736842105263,-0.20448129907579035,-0.003207085000144992,0.004370689484320554,-0.00003713429514382449,0.6818181818181818,0.8203332099222508,-0.21277725546489507,-0.05668722307647218,0.7083333333333334,0.8031104639219965,0.8,0.9166666666666666,24.0,19.0
1mi5,-0.05008952558646071,-0.05537252984667454,0.875,0.47368421052631576,0.909346672150869,-0.08334532484232894,0.6850075256115081,0.04758405979944084,0.42857142857142855,0.8076900122347884,-0.07740410735654579,-0.016610254766413868,0.7241379310344828,0.7650215581250063,0.8893280632411067,1.0,15.0,19.0
1mwa,0.06428271106498594,0.17477394354776574,0.6666666666666666,0.7272727272727273,1.0290768884411436,0.02987540931421491,0.11808198473867938,0.015472627475089125,0.7777777777777778,0.735281252733794,-0.25694609698376,-0.03864965103932821,0.6341463414634146,0.8291807442505733,0.8307692307692308,1.0,18.0,11.0
1nam,0.0,0.09460614477231627,0.8,0.5555555555555556,0.8690653363788362,-0.036026576776899286,-0.08333333333333334,0.003290898564452688,0.8571428571428571,0.8673469387755101,-0.12847223127351984,-0.022573686148230573,0.6666666666666666,0.8208254996386358,0.8526315789473684,1.0,9.0,9.0
1oga,0.39965036483090904,0.1156362009266739,1.0,0.8095238095238095,0.7270645173760544,0.11795456895068335,-0.21655063821234274,-0.052428712807680036,0.6521739130434783,0.8827178633232114,0.1853308470131952,0.0377863897877617,0.8095238095238095,0.826412718715338,0.8804878048780488,1.0,19.0,21.0
1qrn,-0.00876352389427242,-0.04798840536526107,0.7142857142857143,0.9473684210526315,0.5386382957206044,0.0011794665226756741,0.2722169609658371,0.037702815056137484,0.8571428571428571,0.8127408823060998,0.018523204639340467,0.007972365794428084,0.5714285714285714,0.8070529851233127,0.7466666666666667,0.9333333333333333,28.0,19.0
1qse,0.05064569849728678,-0.040593162084880174,0.6875,0.8888888888888888,0.33345230610362364,0.02031504038852996,0.07169898190165279,0.0012882774040415747,0.7894736842105263,0.8083371490965447,0.07976163213743567,0.041666973457941806,0.53125,0.8299060144962318,0.723644578313253,0.875,31.0,18.0
1qsf,-0.039649027619521306,-0.027729775839411025,0.45454545454545453,0.8235294117647058,0.5374079897724998,-0.051542601247044455,0.1852454569108782,0.03931987812606021,0.6666666666666666,0.8204832881662151,0.06496739820403805,0.027660102853936806,0.4838709677419355,0.8229594355763435,0.7033492822966507,0.9090909090909091,21.0,17.0
1u3h,0.2615105723790722,0.09395405718751579,0.8888888888888888,0.5652173913043478,0.7937053456999734,0.06634734247724217,-0.3425420173416016,-0.022437475670811922,0.5882352941176471,0.8534883720930233,0.014805415876240811,0.0010991761609060189,0.7586206896551724,0.822151941654799,0.6296296296296297,0.7777777777777778,17.0,23.0
1ymm,-0.13373677948604337,-0.11880275941738681,0.6875,0.9,0.378471290078877,-0.08838897194199447,-0.2987813927703503,-0.071364245464869,0.7391304347826086,0.7527295632698768,-0.010732004139874796,-0.01997830464333078,0.7096774193548387,0.7894744830202997,0.796849087893864,0.9444444444444444,31.0,20.0
1zgl,-0.13389832645445707,-0.09908448193662216,0.7272727272727273,0.5769230769230769,0.8804756603240572,-0.10873305652358338,0.025423732871099447,0.011424065911802315,0.5238095238095238,0.7495798319327732,-0.002960952529838173,-0.0001622950438769469,0.627906976744186,0.8254564494248727,0.7857142857142857,1.0,22.0,26.0
2ak4,-0.276578395847439,-0.14671508646476372,0.7777777777777778,0.6666666666666666,0.14837863762985753,-0.1312416843031863,0.20591874040482988,0.03087119984571971,0.6829268292682927,0.8592743666809789,-0.1801824500511011,-0.03971219709351758,0.7777777777777778,0.7716154280291989,0.6930481283422459,0.8823529411764706,36.0,45.0
2bnq,0.4466906630021791,0.31553470889661556,0.8,0.8181818181818182,0.53883431059602,0.27376851303629945,-0.22380506109079132,-0.03343233171552818,0.7222222222222222,0.8629558846950152,-0.013393959293647211,0.0049406674899249445,0.7142857142857143,0.8199690242643263,0.8616803278688525,1.0,29.0,22.0
2bnr,0.1802843104117786,0.17571619235521213,0.8125,0.8181818181818182,0.47495371563608996,0.11857623520871424,-0.25492604867847757,-0.03665854731147264,0.7368421052631579,0.8638350413631312,-0.05763151798423417,-0.005719035399307712,0.696969696969697,0.8134355904043584,0.7925696594427245,0.8823529411764706,32.0,22.0
2ckb,-0.07640289991159678,-0.12119285495616279,0.6666666666666666,0.7272727272727273,0.900489655259305,-0.0555213427865805,-0.03840510380930633,-0.0267472310105521,0.75,0.8018721021782872,-0.39329359575436784,-0.07924571362258838,0.5714285714285714,0.8335676159533204,0.8376811594202899,1.0,17.0,11.0
2e7l,0.1987539143992882,0.21717800755028693,0.9090909090909091,0.7272727272727273,0.7939292801322989,0.15190388032515217,-0.10258283212270156,0.006935686436353678,0.7222222222222222,0.8288221142506722,-0.20879352210160246,-0.01596495057453786,0.8,0.8395529994871582,0.8231292517006803,1.0,22.0,22.0
2esv,0.3734943994667804,0.2277395506368057,0.9,0.9230769230769231,0.9417325181493907,0.1050597528554632,0.210090599700064,0.03613924409935535,1.0,0.8067796610169493,-0.165905230439439,-0.03838526595336273,0.7916666666666666,0.7676967769073033,0.7905138339920948,0.9090909090909091,20.0,13.0
2f53,0.2546531207953924,0.3074132783708245,0.8,0.8095238095238095,0.5426491811013224,0.15567639692819563,-0.3139297429743536,-0.04998862020144161,0.7222222222222222,0.8146767090587314,0.12953368097427492,0.0204775460821605,0.7575757575757576,0.8306989520008556,0.8494949494949495,1.0,29.0,21.0
2f54,0.31637547176604075,0.2669113183122757,0.8,0.7391304347826086,0.5079614150269697,0.16559139065080283,-0.26623946801454385,-0.03439341139438435,0.7058823529411765,0.8616125447586122,-0.08020845414479034,-0.010449140332439724,0.7352941176470589,0.8184895524672242,0.8538899430740038,1.0,30.0,23.0
2gj6,0.19558158774644777,0.05098871804990998,0.8181818181818182,0.6818181818181818,0.4105634496314509,0.09452135322954032,0.34567908531930297,0.05047825179746734,0.7777777777777778,0.7861595100969598,-0.10541919319975966,-0.0006068610943471259,0.6774193548387096,0.8031896990780432,0.75,0.9166666666666666,21.0,22.0
2iam,0.15271375772620505,0.1522435676136091,0.8461538461538461,0.8095238095238095,0.9646867270089671,0.07505021000645888,0.15203688547397443,0.03198532947960928,0.9166666666666666,0.8097915829874591,0.21617557028142925,0.020444203923792474,0.8536585365853658,0.8262996953095245,0.7612612612612613,0.75,26.0,21.0
2ian,0.0010266945862944022,0.05914793535536443,0.6923076923076923,0.8571428571428571,0.9021277908776134,0.02578638875410585,-0.023488656411405226,0.0047927773711358805,0.8571428571428571,0.8033363336333633,0.21703685565882333,0.023626947754010894,0.85,0.8178324722818833,0.7222222222222222,0.7692307692307693,26.0,21.0
2j8u,0.2054401759876653,0.10430711104695913,0.7,0.6,-0.19595520164581554,0.01652550837335923,0.03625414870370564,-0.003417196975079676,0.5882352941176471,0.772798412031912,-0.10558329370830254,-0.021644150288107792,0.7391304347826086,0.7612820700653093,0.7575757575757576,0.9090909090909091,20.0,15.0
2jcc,0.1603408698068341,0.04229090238037688,0.8181818181818182,0.7777777777777778,-0.0786938355642388,0.02578613037130082,-0.04702576746984887,-0.0026302419036533884,0.6363636363636364,0.806547044826034,-0.2030066018996593,-0.04939291809003297,0.75,0.7910229667088076,0.7469135802469136,0.9166666666666666,22.0,18.0
2nx5,-0.026991751362186928,-0.062717817426572,0.6666666666666666,0.9,0.8517996522345174,0.009680130466312966,-0.024814997220075078,0.0035765770083146216,0.8888888888888888,0.8760352333704565,0.044611368709082555,0.006549152723163953,0.7727272727272727,0.7981906455041067,0.6713286713286714,0.8461538461538461,24.0,20.0
2oi9,0.21070017441091868,0.09286794228756035,1.0,0.6521739130434783,0.8666609144132196,0.08577929911461768,0.007555814584513336,-0.004768337103399077,0.7333333333333333,0.8254935709223449,-0.11801449340512506,-0.01330720119318751,0.7407407407407407,0.8432369731425867,0.7945945945945946,1.0,21.0,23.0
2ol3,0.06629935441317959,0.11230657246527821,0.5714285714285714,0.9090909090909091,1.2854981525818043,0.047587220330109384,-0.10468359281694264,-0.027962948800224898,0.875,0.7703405210864684,-0.15623931623931625,-0.04695764821790006,0.5,0.8160584781384951,0.725925925925926,0.8888888888888888,14.0,11.0
2p5e,0.26369726817907024,0.30342907070565905,0.7333333333333333,0.8,0.4199688213407227,0.14967334489255946,-0.24609505152716715,-0.04397173820770936,0.75,0.8268300987402112,-0.10515311323831385,-0.027941558548271406,0.8709677419354839,0.810399922264329,0.8021390374331551,0.9411764705882353,30.0,20.0
2p5w,0.19688208198504908,0.27284832422397076,0.7333333333333333,0.8,0.4328015891170054,0.13459343355755624,-0.23842170916329114,-0.041530309144975575,0.8,0.8286321757618711,-0.05212027818327305,-0.010834619681491289,0.8484848484848485,0.8102773390561391,0.8021390374331551,0.9411764705882353,30.0,20.0
2pxy,-0.2736785318629177,-0.19642482777894002,0.6363636363636364,0.6923076923076923,0.5286112199076902,-0.12562510881723638,-0.39298880091885907,-0.0753112859031064,0.6666666666666666,0.8705778621812263,0.0015728344099770603,-0.0033030127293115887,0.8823529411764706,0.8105381244945989,0.7857142857142857,0.9090909090909091,22.0,26.0
2pye,0.23156614397763792,0.352180435547177,0.7333333333333333,0.8,0.46506652084710676,0.15444718396156065,-0.2375995653385901,-0.04333665821753364,0.8,0.8360900046177742,0.07255814051253481,0.009445637669942658,0.6666666666666666,0.7962979563944045,0.81099324975892,0.9411764705882353,29.0,20.0
2uwe,0.09559218239750593,0.0341420830348213,0.8333333333333334,0.8947368421052632,-0.08577253784761778,0.00197596285969518,0.0034919518684020435,-0.0006534048552115591,0.6956521739130435,0.8272236156666024,-0.005488239187017767,0.0036438415445433823,0.7619047619047619,0.8129480714188361,0.7741935483870968,0.9166666666666666,24.0,19.0
2vlj,0.3811643347396114,0.22653794698894925,1.0,0.8095238095238095,0.7495126996169779,0.11257766263762903,-0.25528327268934714,-0.05551445152992067,0.6666666666666666,0.8876933895921238,0.08144672898222698,0.018234144809935536,0.782608695652174,0.8326986816813181,0.8804878048780488,1.0,19.0,21.0
2vlk,0.38908691906445325,0.21280552487278637,1.0,0.8095238095238095,0.7508865290791963,0.13778654396794915,-0.26848757989741684,-0.05200734192745396,0.6521739130434783,0.8852555086732302,0.1662764303555017,0.029536775582353014,0.8,0.8238747553816047,0.8804878048780488,1.0,19.0,21.0
2vlr,0.42022079512450816,0.24960469843696387,1.0,0.8095238095238095,0.7080620538095104,0.15238906486252998,-0.2461544406587077,-0.05280470184802647,0.6521739130434783,0.8701035806298963,0.1678129644219506,0.050329737277259805,0.8333333333333334,0.8136224333961364,0.8804878048780488,1.0,19.0,21.0
2wbj,-0.19999999999999998,0.1939195523772729,0.5,0.6666666666666666,1.2929586436034066,0.17132986901656033,0.19999999999999998,0.11999104332466469,1.0,0.6616541353383457,0.08766985817157327,0.02767128469916387,0.8253968253968254,0.7732881626516594,0.8888888888888888,1.0,4.0,3.0
2ypl,-0.33664059945582075,-0.14284642182381282,0.6666666666666666,0.68,0.2759808188145985,-0.14414183852203996,0.024376609164030057,0.016774992638145393,0.8421052631578947,0.7953617810760668,0.02310805103433085,0.04306498627338956,0.7692307692307693,0.7878940685652094,0.7471751412429378,0.8333333333333334,23.0,25.0
2z31,-0.03576075845445808,-0.048148951805464454,0.6363636363636364,0.6923076923076923,0.5642449569601656,-0.02416795008637618,-0.2821848939860874,-0.06534504679166167,0.6538461538461539,0.8660750148231737,0.014342223840155077,0.0077909100090522085,0.8235294117647058,0.8160895883952296,0.786096256684492,0.9090909090909091,21.0,26.0
3c5z,0.2633746641271203,0.052644787667462,0.7272727272727273,0.7777777777777778,1.081816563733016,0.12501650042380694,0.027505908401609245,-0.037750265328765055,0.6428571428571429,0.8333098921706517,0.04407299539316601,0.00521056309920999,0.8125,0.7808000743481696,0.7469135802469136,0.9166666666666666,22.0,18.0
3c60,0.11101203870121079,0.3493089097645723,0.75,0.625,1.2354026491879044,0.1608159351855638,-0.42424403404760963,-0.09284625355023429,1.0,0.7711692731545257,-0.13717221954871864,-0.043789568790639374,0.6428571428571429,0.7688578798843512,0.7258064516129032,0.9,15.0,8.0
3c6l,0.16648093153975174,-0.09218690209494651,0.8,0.8181818181818182,1.198823603666948,0.032638172113893346,-0.4860941401453927,-0.14054112846999167,1.0,0.8451198129748686,0.17125182539982528,0.0361994734259693,0.75,0.8016099963955304,0.6734006734006734,0.9090909090909091,20.0,11.0
3d39,0.1621901691900167,0.18781528651867085,0.8888888888888888,0.8666666666666667,0.3634030900018345,0.13603961197714162,0.07116569774227446,0.020750526382815233,0.8125,0.8333976461508782,0.05809128671528949,0.023838660574876883,0.5454545454545454,0.789598709295177,0.7363636363636363,0.9090909090909091,18.0,15.0
3d3v,0.2207235240129347,0.09026816984035382,1.0,0.8,0.35141885841699577,0.13094817226604397,0.21949728221286285,0.027376417597495765,0.8571428571428571,0.8215062793449631,0.058819743992061836,0.02438625882385399,0.5294117647058824,0.8008634113949563,0.7410256410256411,0.9,17.0,15.0
3dxa,0.2355325475907751,0.2151751114058535,0.8125,1.0,0.7719340091491207,0.13587336807231715,-0.157976212292933,-0.023945336530154012,0.9333333333333333,0.7980543834974215,0.011508576662857315,-0.006994845516076218,0.6818181818181818,0.8327812538338853,0.8139904610492846,1.0,32.0,13.0
3e2h,-0.0705403679350062,-0.0708659047863841,1.0,0.7647058823529411,0.8115479134998143,-0.03287018513425065,0.20825951750096544,0.01613733747248175,0.6666666666666666,0.7765588097648044,-0.14209124334502282,-0.012502943866292549,0.6923076923076923,0.8274524454133116,0.84375,1.0,18.0,17.0
3e3q,0.08732039904964083,0.1901226929201465,1.0,0.6666666666666666,1.02002706395524,0.07520137132864524,-0.21124831735652808,-0.03279430503163891,0.7333333333333333,0.8263623600091423,-0.18685729868357714,-0.019405961083493524,0.6923076923076923,0.836788607818408,0.8307692307692308,1.0,18.0,21.0
3ffc,0.7210747649339596,0.3207371688739295,1.0,0.7142857142857143,0.7847701447651536,0.21785819761880465,0.14601237985052867,0.011376293748569454,0.6923076923076923,0.7968866576461513,-0.02003213402992281,0.017834750705273954,0.7142857142857143,0.8273829106611305,0.84375,1.0,18.0,14.0
3gsn,0.048262913292650055,-0.1783618156436257,0.6923076923076923,0.8333333333333334,0.6823427790545928,-0.0702113442372175,-0.4826291329265005,-0.09022465064414781,0.8421052631578947,0.8830830356491943,-0.1329729058707024,-0.012143568914804193,0.7391304347826086,0.8062045434138456,0.8387096774193549,0.9230769230769231,26.0,24.0
3h9s,0.26384185001785426,0.16257322870952037,0.8181818181818182,0.7894736842105263,0.4927931512989944,0.08766249509975177,0.29694613156188243,0.049378257422412024,0.7058823529411765,0.7819353293934547,0.2003514991129671,0.034508229419073416,0.6086956521739131,0.8148833926280522,0.7333333333333333,0.9090909090909091,22.0,19.0
3hg1,0.13024427610703418,0.0963599141157751,0.7857142857142857,0.8333333333333334,0.4577695386856552,0.09539324292877048,0.07567877938008721,0.033590200610189774,0.7777777777777778,0.8572599007307058,-0.1308147743473498,-0.020309734051370713,0.7567567567567568,0.8075376680439433,0.6599326599326599,0.7272727272727273,28.0,30.0
3kpr,-0.06329473876297351,-0.10927260534634434,0.7272727272727273,0.6363636363636364,0.8468089620507158,-0.09873208776104787,-0.1745673932853495,-0.043654589049801275,0.7,0.8009310375697533,-0.03868779401895303,-0.01065671378250783,0.7241379310344828,0.7425539977264114,0.8642857142857143,1.0,22.0,22.0
3kps,0.17348931537641712,0.02640655410700722,0.7272727272727273,0.6086956521739131,0.9743697093290988,-0.02422853250956867,0.044756476445512915,-0.008493116917175952,0.6666666666666666,0.8083935699643975,0.022809710883877368,0.007030075139908849,0.7333333333333333,0.7470229535361743,0.8698224852071006,1.0,21.0,23.0
3kxf,-0.33148619613180097,-0.1388036251004293,0.6666666666666666,0.6666666666666666,0.1916475835920367,-0.11020683800787712,0.2613155364934011,0.03992795732642137,0.6923076923076923,0.8495388952153377,-0.13924859059331293,-0.048372242017519676,0.8125,0.760320547990756,0.7024082568807339,0.875,35.0,45.0
3mbe,0.28732488414227925,0.23272369925805608,0.8421052631578947,0.8,0.9063080009876266,0.20343248004376346,-0.21295973285321412,-0.025082639239616338,0.9285714285714286,0.8183842607753734,0.12644465648983114,0.01070326918600781,0.6388888888888888,0.7913214959557481,0.7292929292929293,0.8333333333333334,38.0,25.0
3mv7,-0.1368787201909695,-0.1544989733963222,0.7222222222222222,0.7333333333333333,0.4777453151362184,-0.07373741096974643,0.010700911109008698,-0.009745382507767228,0.6923076923076923,0.8195036035172708,-0.21890452345637548,-0.05683772376502037,0.72,0.7738141130508304,0.8181818181818182,0.9444444444444444,36.0,30.0
3mv8,-0.11364912099346111,-0.03865789181228352,0.7777777777777778,0.7,0.49511560828348056,-0.05540913573318551,-0.08862136790613373,-0.02144965341814722,0.7037037037037037,0.8213474940602271,-0.15680883560739642,-0.04978401364738407,0.6923076923076923,0.7682052882281715,0.8199464524765729,0.9444444444444444,35.0,30.0
3mv9,-0.16856612192182505,-0.1547219204104466,0.7777777777777778,0.71875,0.5197617074679507,-0.08288498276201672,-0.06421037739379352,-0.018856190365918353,0.7037037037037037,0.8120376642731335,-0.03211010112729762,-0.013783336792525698,0.68,0.7687864642217348,0.8470588235294118,0.9411764705882353,36.0,32.0
3o4l,-0.03955501705917216,-0.08171710228799094,0.5833333333333334,0.6923076923076923,0.5326817744692771,0.007334967265034727,0.13619671465961264,0.0316579848314484,0.8125,0.8080915339342305,-0.386289428880284,-0.07598119385068795,0.8214285714285714,0.8145431464758665,0.8317610062893082,1.0,23.0,26.0
3o6f,0.09337350797797107,0.04679466240644985,0.6428571428571429,0.6470588235294118,0.4034451726767014,0.052925477557312695,-0.035870761129367185,-0.021854181220216866,0.75,0.8842350163205778,-0.08198270658771116,-0.00968368185863682,0.6857142857142857,0.7980288888553321,0.814968814968815,0.9230769230769231,28.0,34.0
3pl6,-0.2087912087912088,-0.3560151456783197,0.5714285714285714,0.5,0.9060804850829629,-0.05298471715327014,-0.3131868131868132,-0.06785427419874862,0.8888888888888888,0.7751892836342458,0.01778185181115807,0.021183878525337145,0.5294117647058824,0.8112791926377185,0.6954732510288066,0.8888888888888888,13.0,14.0
3pqy,0.2699097099905858,0.10547527916696078,0.8461538461538461,0.9333333333333333,0.4659842139085249,0.08625956746832669,0.0704931499369562,-0.0024859275451871556,0.8,0.7966086634579783,-0.14997263273125339,-0.018078951586624314,0.7692307692307693,0.8150770040272802,0.7788018433179723,0.9285714285714286,26.0,15.0
3pwp,0.151455267754258,0.04648636850269375,0.9090909090909091,0.8421052631578947,0.5507515323419965,0.06275899688804004,0.1312967799859558,0.012081460017505728,0.7777777777777778,0.809689136280013,0.14170796090866541,0.0523314394800161,0.6206896551724138,0.796947622860383,0.6954022988505747,0.9166666666666666,22.0,19.0
3qdg,0.1740265761049616,-0.025216797235479954,0.9166666666666666,0.8076923076923077,0.8771618077858235,-0.013734012580246324,0.213182555728578,0.020984404479947396,0.8,0.8246223704939302,-0.08883405727961217,-0.013504427940217825,0.6285714285714286,0.8241429349214991,0.6923076923076923,0.8461538461538461,24.0,26.0
3qdj,0.08968086037644575,-0.09442438211647358,1.0,0.65,1.2848268915756333,0.04311370171601122,0.29484118479927374,0.06561634472604921,0.5625,0.8658238596160196,-0.009556388809947027,-0.0021023103102573034,0.6756756756756757,0.8296471562339182,0.7410256410256411,0.9,17.0,20.0
3qdm,0.2653203446273672,0.03158933623378024,0.7692307692307693,0.7692307692307693,0.45713164442807763,0.13368046961203822,-0.08320502943378437,-0.02324628934332081,0.7777777777777778,0.8973209085614444,0.01632279107492197,0.020991040435632068,0.75,0.7965809339127725,0.7316017316017316,0.9090909090909091,26.0,26.0
3qeq,0.13320479403001312,-0.07116298439439628,0.6363636363636364,0.75,0.37134634987965504,0.045321018366737735,-0.14626408756236733,-0.034888793117435986,0.8421052631578947,0.9082881662149954,-0.04680147057874106,-0.009089833208022452,0.7096774193548387,0.7901778918581275,0.6795069337442219,0.9090909090909091,21.0,24.0
3qfj,0.2732812175120566,0.048544466493596394,0.9166666666666666,0.8571428571428571,0.4512255545610439,0.0871571112881801,0.2809101275241367,0.0346008327086618,0.8333333333333334,0.7966507854144063,0.10403865108307357,0.025256048897973876,0.6206896551724138,0.7893565561225769,0.7146401985111662,0.9230769230769231,24.0,21.0
3qib,0.13895508941090534,0.14696592782229578,0.75,0.7857142857142857,0.5683226660477758,0.09148374162286718,0.16095325659996684,0.025889307328480958,0.8,0.8390422660334165,-0.029813494490953562,-0.030480377432832342,0.7954545454545454,0.8191299180256236,0.7004103967168263,0.8235294117647058,32.0,28.0
3qiu,-0.2329237084778194,-0.09685398562522293,0.5882352941176471,0.8214285714285714,0.488308765943678,-0.08592440100804938,-0.08491519401897608,-0.00698601257562233,0.8181818181818182,0.8370401260309518,-0.06217767492527459,-0.030924226238515904,0.7659574468085106,0.8092821195771921,0.7479395604395604,0.8125,33.0,28.0
3qiw,-0.28424455477895105,-0.16437697142961236,0.625,0.7241379310344828,0.4524512616945107,-0.07039858741953393,0.058301402648060226,0.006583215761933091,0.8333333333333334,0.844147069147069,-0.12314572965328778,-0.037176167961830146,0.7708333333333334,0.8086182107225728,0.7712680577849117,0.7857142857142857,31.0,29.0
3rdt,0.4476291883113339,0.3405763520257076,0.75,0.6923076923076923,1.6232919858004988,0.29943375077176326,-0.48732350365923294,-0.12146952528214389,0.8333333333333334,0.7823785537437036,-0.11628763217807157,-0.033297762642894524,0.7777777777777778,0.7616160369559829,0.7758620689655172,1.0,15.0,13.0
3rgv,-0.19264477879304523,-0.24131551638304571,0.5,0.8888888888888888,1.2876438739564422,-0.14773641520699343,-0.21716320518488735,-0.015257025825250396,1.0,0.8007321049555509,-0.28792191405899514,-0.04997428831904853,0.6896551724137931,0.7964155893144955,0.6923076923076923,0.875,12.0,9.0
3sjv,0.1152667292067548,-0.053671126686139006,0.7777777777777778,0.6470588235294118,0.8216102013816953,0.025727788022455643,0.5356881509117868,0.04209055677193637,0.6363636363636364,0.7846883468834689,0.021688211386133013,0.004472925081622407,0.68,0.7641971159818689,0.8257142857142857,1.0,17.0,17.0
3t0e,0.20260360731489202,0.09163901312546593,0.75,0.65,0.3787388110474741,0.08679593567063554,-0.14704804802402122,-0.035670873897817805,0.7352941176470589,0.8820968619626339,-0.04484305427572533,0.005918207963821044,0.7,0.8006586108212719,0.8561872909698997,0.8461538461538461,32.0,40.0
3tfk,0.3228153582678092,0.21700269432930008,0.8888888888888888,0.5333333333333333,1.0564729120296608,0.17957770599799183,-0.05654605681377034,-0.028040468189017773,0.75,0.7212585933368587,-0.18141934750983835,-0.026603028675709767,0.6875,0.814536534455342,0.7232142857142857,0.9285714285714286,18.0,15.0
3tjh,-0.026287660509857078,0.1391160970911125,0.5,0.8,0.6515896108668294,-0.04263271935528426,-0.09591690893061254,-0.016339761958993837,0.75,0.7921860885275519,-0.09378134927357308,-0.015820543832300006,0.6071428571428571,0.7949109272544032,0.7714285714285715,0.9333333333333333,27.0,15.0
3tpu,-0.15908317100556188,-0.2862047332777064,0.5384615384615384,0.7777777777777778,0.6626438764869638,-0.2117529652719973,-0.0850490809395148,0.012959973897047743,0.7058823529411765,0.7721372886504,-0.13312834237581095,-0.020765680693380542,0.7419354838709677,0.8387396143384561,0.8125,1.0,26.0,18.0
3uts,0.5328431380869358,0.29984068825484506,1.0,0.75,0.7072166528937849,0.2131284509008309,-0.2683367442131824,-0.0311298044732453,0.7777777777777778,0.7366871934036113,0.3781677211575834,0.11182691649955127,0.6153846153846154,0.8047886812987484,0.672093023255814,0.8,17.0,12.0
3utt,0.5199711855919943,0.5730216979619199,0.9,0.6875,0.13234585071122607,0.29631869647563625,-0.1222387187243488,0.00036967000723516977,0.6923076923076923,0.7667994310099573,0.11439757498036388,0.07579904956953766,0.631578947368421,0.7834066183996059,0.7168458781362007,0.7777777777777778,20.0,16.0
3vxm,0.2965911547588154,0.3156081918380379,0.7857142857142857,0.9047619047619048,0.7872498328000401,0.15853360579231723,0.05656635425812459,0.005134189862053946,0.8,0.8333532272984988,0.18414816079572138,0.024142654388418592,0.5106382978723404,0.8058818680419029,0.7469262295081968,0.9375,27.0,21.0
3vxr,-0.0796351472069365,-0.05470870290259902,0.8,0.8125,0.546388366415933,-0.08883395937847027,-0.009858964381056472,0.014390340461783264,0.6842105263157895,0.743727852586818,-0.16101139221839725,-0.054092177976020166,0.7083333333333334,0.8244473152049372,0.7200342465753424,0.875,29.0,16.0
3vxs,-0.46167283334435605,-0.19605927425154013,0.5384615384615384,0.7333333333333333,0.48480263658837003,-0.14120737039165418,-0.04150253553838565,0.008168043588874335,0.6666666666666666,0.6941983963729482,-0.11470493808607968,-0.042504866862502315,0.7916666666666666,0.8250298233986978,0.7100840336134454,0.8571428571428571,26.0,15.0
3vxu,0.06977938322284807,0.12316509060769021,0.7692307692307693,0.6923076923076923,0.4609466225567274,0.07013512030161509,-0.3044296620996803,-0.03724300643080479,0.6521739130434783,0.8161369119872918,-0.2657519011064376,-0.05623443041204966,0.6571428571428571,0.830245988569186,0.8047619047619048,0.9285714285714286,26.0,26.0
3w0w,0.3231874334010297,0.10866218901916506,0.9230769230769231,0.782608695652174,0.7104931626328794,0.08385979475959195,-0.28236199791410166,-0.03199892999851783,0.6363636363636364,0.8330685153038433,-0.1611681397765345,-0.03242884199893257,0.6585365853658537,0.8202992925003996,0.6666666666666666,0.8461538461538461,26.0,23.0
4e41,0.0722619956288314,-0.08950737937908682,0.8,0.7058823529411765,1.0541950189998308,0.11796360920502817,0.17990225995094483,-0.0048029602231199515,0.7692307692307693,0.7656634746922024,-0.14150988423358077,-0.030689456307790235,0.631578947368421,0.7942506027844753,0.7575757575757576,0.9090909090909091,20.0,17.0
4eup,0.36055724902302333,0.23381044666884618,0.9,0.72,0.7574154658182438,0.10111493112274504,-0.04892739287368793,-0.016884095591243525,0.6818181818181818,0.8658979924036897,-0.13666734436840008,-0.03600047254178256,0.6153846153846154,0.7804914923630375,0.7142857142857143,0.9,20.0,25.0
4euq,0.24157408325502025,0.18282422965823086,0.9230769230769231,0.8214285714285714,0.7693068388289729,0.10343189021207513,0.0612489531198989,-0.00033663190629290855,0.6923076923076923,0.8451378809869375,-0.012204297647089333,-0.011791048474392005,0.6086956521739131,0.7762780602044898,0.7041666666666667,0.8333333333333334,26.0,28.0
4ftv,0.09501644360221691,0.0817534546705317,0.6428571428571429,0.9,0.4215140074137621,0.04571572400957051,0.38637759194498256,0.04952410503157424,0.72,0.8199182839632277,0.247257635360954,0.04699996108413826,0.5555555555555556,0.8002119316149323,0.7205882352941176,0.9375,28.0,20.0
4g8g,0.047145461898494806,-0.014582495094893747,0.7857142857142857,0.7692307692307693,1.0457008182992926,0.005984956732401632,-0.02508699040397328,-0.03948233619785765,0.6956521739130435,0.8343453843453843,-0.17518088410829052,-0.03732043042496553,0.6190476190476191,0.7797687115567773,0.7722457627118644,0.9375,27.0,26.0
4g9f,-0.13642840756538996,-0.01969495278800354,0.8181818181818182,0.7272727272727273,1.2690592517507024,-0.09717223799119554,-0.07843172940725043,-0.03301803065942846,0.7,0.8168123535783561,-0.2590351484146845,-0.05929322032080765,0.7058823529411765,0.7763537062637513,0.8491228070175438,1.0,22.0,22.0
4gg6,0.0,0.03155468473288019,0.625,0.6470588235294118,1.602601310219785,-0.009643555520598989,0.04125602019171507,-0.01606898950956747,0.5714285714285714,0.742289730647672,-0.014570929089956755,0.02584783369359228,0.75,0.7678421184253558,0.7272727272727273,0.9090909090909091,16.0,17.0
4grl,-0.04401654783045836,-0.009189981297576755,0.7142857142857143,0.5,1.0941203119611878,-0.018399984058125,-0.2767079549936468,-0.08703536178738551,0.7777777777777778,0.8055151175811871,-0.04905369234201733,-0.0031791360443978356,0.5526315789473685,0.8071419594606725,0.8086124401913876,1.0,13.0,16.0
4h1l,-0.08514276069044337,-0.141528829937069,0.6153846153846154,0.7647058823529411,0.5799995793766487,-0.06443405909749123,-0.14183346121158494,-0.04059841224520456,0.7222222222222222,0.7950909849644026,-0.356863441663738,-0.09913596749526742,0.7391304347826086,0.8101119743586566,0.6828282828282828,0.8,26.0,17.0
4jfd,0.5409199910132706,0.372429847831855,0.8666666666666667,0.8064516129032258,0.5035056758433172,0.2677236513040149,-0.09508968141731847,0.02983801802815024,0.9166666666666666,0.8482342899818629,-0.20963745430733816,-0.034827574209517466,0.7142857142857143,0.7995011991263605,0.6578947368421053,0.75,30.0,31.0
4jfe,0.39407373642795673,0.2554031575709697,0.8571428571428571,0.8,0.5225895016242175,0.12738026655187049,-0.10386439564767852,0.0012698282337814215,0.7692307692307693,0.8453963512215941,-0.20540322847818976,-0.0358018500020705,0.7142857142857143,0.8041985715777361,0.6311688311688312,0.7272727272727273,27.0,30.0
4jff,0.38684954736703375,0.21211831247601215,0.8571428571428571,0.78125,0.5309750719664441,0.172543359278474,-0.17315078890649105,0.018276620725013213,0.84,0.8450865304682973,-0.1743789599214864,-0.022912095817232164,0.7297297297297297,0.8021147243593352,0.6599326599326599,0.7272727272727273,28.0,32.0
4jrx,-0.24568217067727724,-0.144198331668245,0.7222222222222222,0.6976744186046512,0.23214061915864537,-0.11186133669943726,0.18149029187492463,0.026103930999633002,0.6842105263157895,0.8640814307316071,0.12140674709019598,0.02365377121772894,0.7857142857142857,0.7901463924712443,0.6923076923076923,0.8888888888888888,36.0,43.0
4jry,-0.2125605709619508,-0.022833001469139025,0.7,1.0,0.3439994840513364,-0.06146153249784948,-0.3803622142448685,-0.023963236616769544,1.0,0.8306315174259437,-0.12477443302334017,-0.01825966607954434,0.7105263157894737,0.7883637776914109,0.81859410430839,0.5714285714285714,19.0,14.0
4l3e,0.15357845341262863,0.005795013841742025,0.9166666666666666,0.7307692307692307,0.9883062412891285,0.025768058544993117,0.09839310493469072,0.00919665947151644,0.6521739130434783,0.8409178659178659,-0.07762386131120745,-0.015801994660686304,0.71875,0.8218098611691714,0.6713286713286714,0.8461538461538461,24.0,26.0
4may,-0.013986013986013986,-0.09125118679759633,0.6666666666666666,0.4117647058823529,1.2434058938858854,-0.028950199970053554,-0.3545454545454546,-0.07123504838900883,0.6,0.7847802495930549,-0.01839157562907563,0.008347596381971557,0.5945945945945946,0.8096930090143615,0.8,1.0,12.0,17.0
4mji,-0.09190223453299573,-0.24653917630417901,0.9,0.75,0.6536059514760245,-0.09809715705886947,-0.30433198976500225,-0.07607410012086702,0.7692307692307693,0.7932447299535906,0.12270059966490525,0.01685118522244221,0.7272727272727273,0.8369745651329613,0.7692307692307693,0.8,20.0,16.0
4mnq,-0.11572519623449444,-0.01304732781671876,0.5,0.782608695652174,0.6365759830539807,-0.011902901239765527,-0.12916031136462044,-0.02758723334227782,0.75,0.8399928381725402,0.053946876164682335,0.013039173790038676,0.6857142857142857,0.7972052128226464,0.7523219814241486,0.9411764705882353,27.0,23.0
4ms8,-0.041002384282038465,0.06199912769287505,1.0,0.5384615384615384,0.40367731920176514,0.09366837353958242,-0.04184137043778616,0.0005625752309429622,0.6363636363636364,0.8211405529953917,-0.1346302403816599,-0.03413984876766729,0.9333333333333333,0.8226301817798247,0.8231292517006803,1.0,11.0,13.0
4mvb,-0.08823529411764705,0.013857984335173712,1.0,0.6,0.39934939719265905,0.030809110967616456,0.002197802197802198,0.024016466436231673,0.6923076923076923,0.8499518852243899,-0.17707666259572813,-0.03545120896815838,0.7222222222222222,0.8234089870257726,0.8,1.0,16.0,15.0
4mxq,0.5448230383545614,0.4386079212842798,0.8333333333333334,0.5,1.2152097452458974,0.3207751476331254,-0.6930123197952736,-0.11763363533213618,0.6,0.7305669199298657,-0.2188748248934859,-0.021841604855780034,0.7142857142857143,0.8090900588158451,0.8181818181818182,1.0,12.0,12.0
4n0c,0.42709913771158015,0.013042634357498528,0.75,0.5384615384615384,1.024365165427554,0.08199957391099878,-0.03852895575860905,-0.032147480873301944,0.5454545454545454,0.8058999046417916,-0.04861646532899033,0.002032482283913597,0.7692307692307693,0.8118286036370668,0.8,1.0,16.0,13.0
4n5e,-0.049717522059038906,0.052909900309435015,0.8181818181818182,0.7692307692307693,0.5547597866670411,0.04509588387340765,0.12114375137474684,0.045552042598367766,0.7692307692307693,0.7729236085400469,-0.26704932337116866,-0.026882418704194264,0.6842105263157895,0.8238895772920632,0.6914285714285714,0.8571428571428571,22.0,13.0
4nhu,-0.02534113595385868,0.11927839277002358,0.7272727272727273,0.6428571428571429,0.481702086122245,-0.03850980837669649,-0.17348931537641712,-0.037991589679801804,0.7727272727272727,0.8256244218316371,0.18199811079028574,0.034001289454825036,0.5555555555555556,0.8299776658298281,0.7033492822966507,0.9090909090909091,21.0,28.0
4ozf,0.4071530674317398,0.22078854546522406,1.0,0.8461538461538461,1.6006465470948952,0.16907086456592849,-0.24759308154632828,-0.03492865502567349,0.7777777777777778,0.7092381302907618,0.10443957104470628,0.03426120195315079,0.7333333333333333,0.7891987615250153,0.728448275862069,0.875,13.0,13.0
4ozg,0.34986358651978194,0.18663522476035507,0.8571428571428571,0.7142857142857143,1.385591209284168,0.09715170951354561,0.10468359281694264,0.002468321898637068,0.8333333333333334,0.8115564932020629,0.05715708067339004,0.02477940259362906,0.75,0.8259175011789509,0.6954732510288066,0.8888888888888888,13.0,14.0
4ozh,0.2379252465356884,0.05929486452881058,0.75,0.7647058823529411,1.4800744137888302,0.05557007040569867,-0.1735244279245246,-0.01390423177036702,0.6363636363636364,0.8241352354895447,0.05842422102086029,0.022910057211880153,0.7586206896551724,0.8092618613411461,0.7258064516129032,0.9,15.0,17.0
4ozi,0.4079404894884982,0.11303354546636915,0.7142857142857143,0.6666666666666666,0.6912344140230339,0.16509032296279003,-0.24035412623916924,-0.018893301353596733,0.7272727272727273,0.837609542356378,-0.19912405763161714,-0.030244059248652175,0.5862068965517241,0.7601214842068501,0.8166666666666667,1.0,14.0,15.0
4p23,0.2369381956516933,0.22217158785955146,0.7777777777777778,0.7857142857142857,1.5023526248607162,0.13788028996851892,-0.3995101840103339,-0.09476560790596915,0.8333333333333334,0.7720361990950226,-0.11995601174204862,-0.03300680788770917,0.7777777777777778,0.7447635237690486,0.8181818181818182,1.0,18.0,14.0
4p2o,0.5471701764033905,0.28957732190978175,0.9230769230769231,0.7391304347826086,0.6980073469769905,0.17036412336129148,-0.31497903187753234,-0.05179673901187333,0.6875,0.8427602760276026,-0.03746473914999685,-0.03942303556232863,0.7083333333333334,0.7916076371691949,0.7548309178743962,0.8333333333333334,25.0,23.0
4p2q,0.38574252720862556,0.18614561940861044,0.8461538461538461,0.6818181818181818,0.526934066647712,0.1715225059393023,0.022736073032276635,-0.004444657229468417,0.8666666666666667,0.7585556202679091,-0.061937078825507384,-0.04924201324528012,0.78125,0.7960801169349982,0.777363184079602,0.8333333333333334,25.0,22.0
4p2r,-0.16386760290011457,-0.04650414977122064,0.9230769230769231,0.7083333333333334,0.5158661643141043,-0.02718414102776753,-0.44257965553148104,-0.03519872765838776,0.8235294117647058,0.7852071737786023,-0.04730516059372697,-0.05090180552527116,0.7741935483870968,0.7883901735876833,0.8047619047619048,0.8333333333333334,26.0,24.0
4p46,-0.0441016745392971,0.045344143236281886,0.7142857142857143,0.6923076923076923,1.5308334715939202,-0.13232980349613077,-0.518194675836741,-0.11591488909377902,0.8333333333333334,0.8029864253393665,-0.1362177291854048,-0.03644675333008926,0.7777777777777778,0.735977930247923,0.7777777777777778,1.0,14.0,13.0
4p4k,-0.15560477141639734,-0.016230941744696803,0.8,0.7333333333333333,0.886022903336195,-0.054032180501518715,-0.08173850417678502,-0.009515693577554463,0.5333333333333333,0.7414151576123407,-0.34384649110864823,-0.06719998460558287,0.7619047619047619,0.7825628140703517,0.7680851063829788,0.9,19.0,15.0
4p5t,0.251714031657424,0.24915882450182364,0.6363636363636364,0.6875,1.401095020269734,0.18305487852647132,-0.07401888693673235,-0.059910919493183036,0.625,0.779994442900806,-0.2373022249745116,-0.07396664313534716,0.9230769230769231,0.8124503821455583,0.7205882352941176,0.8333333333333334,21.0,16.0
4prh,0.0659539106209386,0.013346172704595316,0.7777777777777778,0.8,0.5887496159254186,-0.016673800160391963,0.14086884794757923,0.008020754850042802,0.7037037037037037,0.82869551534225,-0.17504997440879885,-0.030714691973781096,0.6896551724137931,0.7919119043098536,0.8307692307692308,1.0,36.0,30.0
4pri,-0.02948561427330718,-0.1103913654116706,0.7777777777777778,0.7586206896551724,0.570517859259419,-0.037253369025587305,0.07673495151072145,-0.0008574485600843674,0.6785714285714286,0.8203698685814929,-0.25111072402410917,-0.06077709671663522,0.7692307692307693,0.7628144351911169,0.8120300751879699,0.9473684210526315,36.0,29.0
4prp,-0.07245775898371257,-0.09032285100633247,0.7368421052631579,0.7586206896551724,0.5467538786701112,-0.03683984390626922,0.15990218600033002,0.008126820183194269,0.7037037037037037,0.8285856715567583,-0.14662491047813597,-0.041084123613732565,0.72,0.7704847783795152,0.8095801301005322,0.9473684210526315,37.0,29.0
4qok,0.28899195408277367,0.189030918243487,0.8461538461538461,0.7333333333333333,0.6144249628020783,0.2212091648337978,0.17976395248039834,0.05540657839997216,0.6896551724137931,0.8486667238274885,-0.11983840677923842,-0.015297974444161337,0.717948717948718,0.7973840489354534,0.65,0.7,26.0,30.0
4qrp,0.2786819917457512,0.47049076598915274,0.7,0.8235294117647058,0.9642144260432898,0.3670000071221944,0.038681412103511205,0.026114945602751682,0.9,0.7778388278388277,-0.11906944694575212,-0.04413256284639684,0.7777777777777778,0.815838058186658,0.7292929292929293,0.9090909090909091,19.0,17.0
4y19,0.2816283332355569,0.16053111638422252,0.8571428571428571,0.6875,0.6393009901812634,0.20225250959451915,0.2558461842645392,0.05864962765278222,0.5454545454545454,0.7927658019729631,-0.10380094762975531,-0.01274590157021762,0.8125,0.7470563578859124,0.7205882352941176,0.875,14.0,16.0
4y1a,0.12766016417281356,-0.03893329479175503,0.6,0.6363636363636364,0.5840133106491482,0.13248769500589738,0.498482545817653,0.06234665883681217,0.5454545454545454,0.8064505755997171,-0.0046189390129968205,-0.012808464635799805,0.7692307692307693,0.7432977071889181,0.8333333333333334,1.0,10.0,11.0
4z7u,-0.2180285513409982,0.019525072027511733,0.36363636363636365,0.8235294117647058,1.4141881161638428,-0.026060458297664377,-0.0481615307439817,-0.007766981160349337,0.8571428571428571,0.7100032748066605,-0.11427061310835009,-0.0031376846096312838,0.7916666666666666,0.7802601670442428,0.665158371040724,0.9230769230769231,21.0,17.0
4z7v,-0.05772510545994791,0.06966287661361545,0.5454545454545454,0.8333333333333334,1.3836185099456058,0.01328900638766417,-0.01867576941351256,-0.016629772657414197,0.7777777777777778,0.7642637178051512,-0.03509595272106049,0.027880756996713916,0.9047619047619048,0.8000155766272709,0.7446153846153846,0.9230769230769231,22.0,18.0
4z7w,0.17114927214487605,0.2139100443852252,0.8571428571428571,0.75,1.0342883344222722,0.1232793605006381,0.18490006540840973,0.03730273302160526,0.6875,0.8895550452352696,-0.24102471978014803,-0.0760400787932479,0.7941176470588235,0.7931203906886254,0.768177028451001,0.8461538461538461,27.0,20.0
4zez,0.11718124633209841,0.04340897625860918,0.6363636363636364,0.68,0.9208656318950168,0.03726224215102746,-0.05151446094792732,-0.03659775908405606,0.7,0.8306141575655566,-0.17352136516483238,-0.04351850799323841,0.68,0.7920904512688851,0.6954022988505747,0.9166666666666666,22.0,25.0
5brz,-0.1857142857142857,-0.056238475522064624,0.625,1.0,1.5491037135531591,-0.07242676821197011,-0.33516483516483514,-0.058492596250374035,1.0,0.7870251315020457,0.048986489937748255,0.022376141588053577,0.6666666666666666,0.7771249525304599,0.8064516129032258,1.0,15.0,10.0
5bs0,0.02084611060122161,-0.03286607803375737,0.5555555555555556,1.0,1.5534192889714764,-0.013231814958786442,0.10007361060989424,0.011177556910878827,1.0,0.7254891591750396,0.08871515448334964,0.03910750611488803,0.7037037037037037,0.7856841340057577,0.8304597701149425,1.0,17.0,10.0
5c07,0.44431910816249715,0.28675335499186827,1.0,0.8,0.7245494910415254,0.15737303531273333,0.0456541001240668,0.00436011695565183,0.6923076923076923,0.7829644533869886,0.1784800366495059,0.041699089661440474,0.7058823529411765,0.7574510235527185,0.6875,0.8181818181818182,22.0,15.0
5c08,0.5778358287500728,0.35068125070381,1.0,0.7333333333333333,0.7906526666977388,0.23045714901406664,-0.3128836711082757,-0.03662187100940438,0.8,0.7717220279720279,0.025053478290763646,-0.0060663307770301685,0.75,0.7649130530486463,0.6447368421052632,0.8333333333333334,21.0,15.0
5c09,0.3245485608269806,0.2501028574181566,1.0,0.7058823529411765,0.6377186835821689,0.11756836710620786,-0.12506474979247034,-0.008550133005397116,0.6923076923076923,0.8008923103840434,0.016498632045137036,0.021622110872178343,0.6875,0.7680715432889252,0.7142857142857143,0.9,20.0,17.0
5c0a,0.4217059331845281,0.22753933873698498,1.0,0.75,0.9302820466676711,0.13193546785346957,-0.3608363019580573,-0.0261594884072635,0.5454545454545454,0.7396843950905905,0.2789257686707294,0.11772151298112028,0.6363636363636364,0.7547159288950853,0.75,0.9166666666666666,18.0,12.0
5c0b,0.5481933927657583,0.2479829797086732,1.0,0.7142857142857143,0.9727391781354917,0.15765680077562488,-0.4506632280680811,-0.037215830650623484,0.6363636363636364,0.7871158830062941,0.09831219101928,0.024489062962399572,0.6666666666666666,0.7568795283786988,0.6944444444444444,0.8333333333333334,20.0,14.0
5c0c,0.594085430233483,0.2927512085364746,0.9090909090909091,0.75,0.9722005473425412,0.22004755400263284,-0.2539879212526003,-0.04305187833575705,0.7272727272727273,0.7863004111626279,0.20563036641414398,0.052121580988893496,0.7058823529411765,0.7655188761891022,0.6923076923076923,0.8461538461538461,21.0,16.0
5d2l,0.041322317958686565,0.17699791023432038,0.6666666666666666,0.9444444444444444,0.7404870798953711,0.1019051490849946,0.06002610398209207,-0.003262360084243773,0.9230769230769231,0.8202288218111004,0.17614010427286375,0.03298825524676371,0.7241379310344828,0.8111822588814124,0.8,0.9166666666666666,24.0,18.0
5d2n,0.0026075818758523796,-0.06384936835725588,0.5454545454545454,0.8421052631578947,0.8211111745645997,0.0008745196766998433,-0.3103022432264332,-0.01990811090346598,0.8333333333333334,0.8169888898609046,-0.1936702305959347,-0.04559915199162973,0.7575757575757576,0.8207953634350875,0.8273921200750469,1.0,21.0,19.0
5e6i,-0.06002610398209207,0.10988707256685766,0.6666666666666666,0.9047619047619048,0.6054725767783081,0.029937106963159012,0.21700447535063147,0.0332361391118871,0.8823529411764706,0.8427846852875912,-0.053633789016438525,0.01579228721236979,0.6829268292682927,0.7630597795641229,0.7933884297520661,0.8181818181818182,24.0,21.0
5e9d,-0.26396607071127004,-0.09355285467078972,0.5555555555555556,0.8235294117647058,0.4056984065955723,-0.16016645004850646,0.039793759736021804,0.01647859188736651,0.8,0.8146327356853672,0.06229007923967511,0.00939780213375232,0.5,0.8015268945757368,0.8257142857142857,1.0,17.0,17.0
5eu6,0.14681732584009954,0.25691785659911875,0.6923076923076923,0.625,0.4485677881924133,0.11979563964844524,0.12781526612974445,0.033225730077367885,0.75,0.8679536679536678,0.24092090176100972,0.040902704070210294,0.6153846153846154,0.830069528395771,0.8325123152709359,1.0,26.0,24.0
5euo,0.10534239249977988,-0.030594441044764775,0.9,0.8181818181818182,0.6436696836931028,0.020338816940593526,-0.2603461986065988,-0.05124406842925605,0.6956521739130435,0.860229657982467,0.0791967752126721,0.02518940269660817,0.75,0.7986242126955564,0.8547008547008547,0.8888888888888888,20.0,22.0
5hhm,0.2845303277418346,0.2058403428758682,1.0,0.7619047619047619,0.56782070331506,0.08846265723981073,-0.17660503101217323,-0.03998576183937912,0.6521739130434783,0.8890529770276607,0.3038202524918858,0.08216560052347179,0.8095238095238095,0.8352331751995429,0.8658008658008658,1.0,20.0,21.0
5hho,0.02552832726893471,-0.09987221570193691,1.0,0.7619047619047619,0.8034898661037433,-0.06689210939165105,-0.3952489290948858,-0.10202513734971955,0.7142857142857143,0.869620253164557,0.21639095402526015,0.058749464405768836,0.7222222222222222,0.8253267076302041,0.8804878048780488,1.0,19.0,21.0
5hyj,0.583994996772091,0.30605657089470534,1.0,0.5714285714285714,0.6658462864062327,0.19880660447396376,-0.15169383166997502,-0.01028742596496052,0.7777777777777778,0.7631003411774998,0.26360218129042856,0.07850409056024185,0.8,0.7980696297452881,0.736734693877551,0.8,19.0,14.0
5isz,0.07403223908883508,-0.05476461026919188,0.7272727272727273,0.8571428571428571,0.6041465401233116,0.006206860199062853,-0.4775361987027911,-0.07360998440317408,0.8095238095238095,0.82598235765838,0.0016198431295853053,-0.0004680502815219695,0.8695652173913043,0.7908217446270545,0.8148148148148148,0.9090909090909091,22.0,21.0
5ivx,-0.014689267881079682,-0.04527772672598865,0.8181818181818182,0.6206896551724138,0.3636558348888074,0.020009581410657264,-0.10903956542493762,-0.023293691385427893,0.6956521739130435,0.8262826282628262,0.03163403499721163,0.018510280205603347,0.7142857142857143,0.7719358696763695,0.7469135802469136,0.9166666666666666,22.0,29.0
5ks9,-0.23748963508765586,-0.12168368032424412,0.5454545454545454,0.68,1.0399703692856261,-0.09370990091406987,0.20525889889718826,0.02556481526616056,0.5789473684210527,0.7445592992977196,0.042024604502630854,-0.002146748239952378,0.75,0.766108116419925,0.7515527950310559,0.9285714285714286,22.0,25.0
5ksa,0.06818185456395608,0.05023850030506521,0.6666666666666666,0.75,1.6007128059794171,0.02992813596935463,0.3901843427938497,0.07170442035465371,0.6666666666666666,0.642784070149799,-0.034732007873597315,-0.02302263313612591,0.8421052631578947,0.8056923836071817,0.6923076923076923,0.9230769230769231,18.0,12.0
5ksb,-0.12987616305313798,-0.06340509214138482,0.5,0.7222222222222222,1.3137187807023574,-0.030158110068612798,0.013016629930805861,0.026929417235655152,0.7777777777777778,0.8136308299399688,-0.12148813904139072,-0.05195319546059546,0.8125,0.8060182770584366,0.7619047619047619,0.9285714285714286,24.0,18.0
5m00,0.25309515002513555,0.20008667021545706,0.8571428571428571,0.6666666666666666,0.7445933955079643,0.06957571866445468,-0.4601378680539873,-0.06264471331305366,0.7142857142857143,0.832738095238095,-0.15651963855328205,-0.05545883905306127,0.47058823529411764,0.7900913531944257,0.8941798941798942,1.0,13.0,15.0
5m01,-0.12541261714395896,-0.034298541277541075,0.7142857142857143,0.7857142857142857,0.6964459434817483,-0.02921576859339864,0.11829447229435683,0.07988492478376728,0.7142857142857143,0.8183905646592216,-0.1470750268423427,-0.062049806784433045,0.5882352941176471,0.8019443935325008,0.9333333333333333,1.0,14.0,14.0
5m02,0.36749864168348756,0.11217679975124184,1.0,0.6842105263157895,0.2277176434669477,0.10108446681344715,-0.03844717491657914,0.03413168064860966,0.7619047619047619,0.875624039938556,-0.021017235988752374,-0.0105084645327655,0.5714285714285714,0.7915805550116073,0.8962962962962963,1.0,22.0,19.0
5men,0.14662307618984227,0.0949979471879584,0.6153846153846154,0.782608695652174,0.6906244727321265,0.05049486326270863,-0.12738120267411496,-0.022644868838703387,0.7058823529411765,0.8453743895822029,-0.0575583733579568,-0.023913431769135584,0.6818181818181818,0.8045080732521842,0.7575757575757576,0.9333333333333333,25.0,23.0
5nht,0.3084087592785257,0.08334016754704787,0.8571428571428571,0.7692307692307693,1.0050271272000306,0.11615387921848846,-0.3064468137272675,-0.05149144701508107,0.6956521739130435,0.8782652043868395,0.21570023895428891,0.04215375994347875,0.6785714285714286,0.7793851233525207,0.67008547008547,0.8666666666666667,28.0,26.0
5nme,-0.25059826959114473,-0.15177727799302693,0.4166666666666667,0.8,0.48540958115942673,-0.10152410635593496,0.0757015606056583,-0.006411061253268333,0.7222222222222222,0.7810515265506079,-0.17386645351416616,-0.01183525691096817,0.7407407407407407,0.7797994688546964,0.8421052631578947,0.6666666666666666,24.0,20.0
5nmf,0.04158647364642237,0.013163980715982397,0.6153846153846154,0.8333333333333334,0.5582372523797613,0.031271800585417814,0.047857308428864445,-0.012732286263539403,0.7647058823529411,0.7959233662846644,-0.15076336281224942,-0.011831487959374002,0.7407407407407407,0.7933525808623388,0.8002560819462228,0.8181818181818182,25.0,18.0
5nmg,-0.01878398647682003,-0.0035738525422618697,0.5833333333333334,0.8,0.629013299291406,0.018851264344237277,-0.19327733453780613,-0.037356288461214845,0.6666666666666666,0.7669073182771814,-0.15575928686849877,-0.017985664899634282,0.7241379310344828,0.777189508801432,0.8138461538461539,0.8,23.0,20.0
5nqk,0.048123217669331496,-0.09060713552162256,0.9230769230769231,0.6666666666666666,0.8978475406995814,-0.02697865206266792,-0.4023100997156113,-0.06289557787157836,0.5769230769230769,0.8848808945065629,0.3473448534407808,0.06737622117713231,0.6666666666666666,0.8074078184048776,0.6585879873551106,0.8461538461538461,25.0,30.0
5sws,0.3846153846153847,0.00784488152199836,1.0,0.8461538461538461,0.028988900467682283,0.0515433860979886,-0.17482517482517487,-0.09717651933800889,0.8333333333333334,0.7650900360144057,0.09305150244259347,0.021598212865680394,0.5454545454545454,0.7615060981811792,0.9,1.0,12.0,13.0
5swz,0.47802197802197804,0.27016383437442504,1.0,0.8461538461538461,-0.05416286413819979,0.23436641405090602,-0.13186813186813187,-0.04606639950748723,0.9166666666666666,0.7350867162187916,0.09704344221910248,0.024713832782878878,0.5909090909090909,0.7807461564659436,0.9657142857142857,1.0,13.0,13.0
5tez,0.09442061860553318,-0.15132974817560638,0.7777777777777778,0.5652173913043478,0.9222972022161736,-0.03863140815939469,0.06499081540380856,0.004121563831467139,0.6470588235294118,0.8150825331750997,-0.01039671696635114,0.009507808577356015,0.7777777777777778,0.8040140017112293,0.7810810810810811,1.0,17.0,23.0
5til,0.5022631665077357,0.2090983618863675,1.0,0.7222222222222222,0.2531741854677832,0.1284521267857621,0.45725128165187223,0.06225589994878694,0.7619047619047619,0.8493112739543199,0.03728473968439878,0.012253050113154168,0.5263157894736842,0.7882316378327983,0.9307692307692308,1.0,22.0,18.0
5tje,0.29964265135408724,0.09929238709670521,0.9090909090909091,0.7222222222222222,0.3509946600481016,0.11093678096831718,0.2642079215179148,0.02329300563766071,0.7619047619047619,0.8693525979438734,-0.02237095678356132,-0.010581657348274327,0.5555555555555556,0.7833820868460943,0.9,1.0,21.0,18.0
5w1v,0.24289434877050028,0.21801832408468072,0.7777777777777778,0.9230769230769231,0.7383263044800407,0.10548167245302552,0.3216702815179198,0.03276396712265393,0.9166666666666666,0.8267676767676769,-0.02108913520878055,-0.034116952403556354,0.6666666666666666,0.7566195102992614,0.8571428571428571,0.8888888888888888,18.0,13.0
5w1w,0.2605424641441654,0.09997072461685484,0.7,0.9285714285714286,0.8072754279525796,0.09872538098659897,0.2604654293198556,0.03350881959663403,0.9230769230769231,0.79734842658956,-0.08229672870808616,-0.04448733120310331,0.6666666666666666,0.7782235335638217,0.7272727272727273,0.9090909090909091,20.0,14.0
5wkf,-0.09990113690118946,-0.05613245867768457,0.75,0.6,0.4490106150599864,-0.02335703466441249,-0.18743827171064753,-0.01845527677849655,0.6666666666666666,0.8938993842274005,0.06987696663448013,0.0035518721358221536,0.7777777777777778,0.7842228149925974,0.6997354497354498,0.8333333333333334,23.0,35.0
5wkh,0.01585510318511195,-0.04894613031412698,0.8181818181818182,0.5405405405405406,0.5083765513602446,-0.04106305153906905,-0.15685227079557176,-0.0159626751959323,0.6428571428571429,0.8864495013838246,0.057521360487838166,-0.0020764798411940016,0.75,0.7846087840472997,0.7096774193548387,0.8181818181818182,22.0,37.0
5wlg,0.3774603535265432,0.4242798938713312,1.0,0.5882352941176471,1.0194508923100867,0.3014053628771793,0.5903098020302112,0.13898884967078504,0.5714285714285714,0.7678628850729952,0.0009257261565590253,0.009789534957006943,0.6785714285714286,0.8242755022957745,0.8152173913043478,1.0,15.0,17.0
5yxn,0.153846457880022,0.090682345591306,0.7142857142857143,0.7037037037037037,0.8677236330329778,0.03308143534748829,0.10919122358482676,-0.005725187639163609,0.7272727272727273,0.8357242146232973,-0.19168414485016827,-0.04970810093744209,0.7241379310344828,0.8141413732358718,0.648,0.9333333333333333,27.0,27.0
5yxu,0.11226700562939909,-0.034571550608812826,0.7857142857142857,0.6333333333333333,0.7541247088736461,0.019752458830913845,-0.0017135073293027426,-0.00782458431224905,0.8181818181818182,0.8255451713395638,-0.1728345192265111,-0.04439204866762382,0.75,0.8044231881058489,0.648,0.9333333333333333,27.0,30.0
6am5,0.001694915524739963,0.02650866692170853,0.8181818181818182,0.6785714285714286,0.9208109351142604,0.018193779547131663,0.3491525980964324,0.062014594300581864,0.6842105263157895,0.850535864730892,0.07194635842173222,0.015700707134140873,0.6875,0.830519048639854,0.6875,0.8181818181818182,22.0,28.0
6amu,-0.18681945806809014,-0.07654775878460732,0.5833333333333334,0.6538461538461539,0.6347679935389898,-0.12175165048570682,0.2854323815576125,0.0574740285488302,0.8125,0.8704790355275793,-0.16095804349831785,-0.013529422952609976,0.6785714285714286,0.8061894188513472,0.7139001349527665,0.8461538461538461,23.0,26.0
6avf,0.1755926927848723,0.09514181244793814,0.7,0.6363636363636364,1.2168465643886737,0.06190625550591259,0.0114135250310167,0.01601585934040066,0.6666666666666666,0.7862541993281075,0.1624675693443259,0.04257971928393955,0.9166666666666666,0.7372144744493527,0.7680851063829788,0.9,19.0,22.0
6avg,0.0008549208647844398,-0.009940721016840869,0.7307692307692307,0.6909090909090909,0.18676765514139862,-0.00017731072915256325,0.12127052466967278,0.035500904123253345,0.7254901960784313,0.8064590268975219,-0.21714629942291844,-0.02754562139143045,0.7272727272727273,0.7272713282953984,0.7404162102957283,0.8181818181818182,52.0,55.0
6bga,0.28983483076776734,0.15339284047283389,0.9090909090909091,0.7916666666666666,0.043033824097618044,0.09346412771713777,0.5207867388061914,0.07938214714381191,0.8260869565217391,0.7753871862970366,-0.052687942203494445,-0.0244316214390262,0.7272727272727273,0.8228882971558199,0.8305084745762712,0.7777777777777778,21.0,24.0
6bj2,-0.0632788594711085,-0.051289170291651615,0.5555555555555556,0.7647058823529411,0.8614565694261362,-0.034187383163358155,-0.3192947389494167,-0.08755920508784847,0.6875,0.673904576436222,0.1573619561826692,0.012725803394542509,0.6829268292682927,0.8531462883845948,0.75,0.9166666666666666,18.0,17.0
6cql,-0.3323245634463399,-0.20038894117333436,0.625,0.6956521739130435,0.7123127596230272,-0.1572352649124507,0.1368175043963628,0.012080414968867718,0.6842105263157895,0.8595524956970739,-0.0434193231237022,-0.009039969576647017,0.75,0.8358997610679224,0.6758087201125176,0.8888888888888888,31.0,23.0
6cqn,-0.28199262132329317,-0.18633819887952957,0.625,0.782608695652174,0.7584295354941093,-0.11668308425370631,0.20690435991415226,0.021773760151573226,0.6666666666666666,0.8558045190810887,-0.15362355771890793,-0.044406683977909776,0.75,0.837621154656553,0.6937669376693767,0.8888888888888888,32.0,23.0
6cqq,-0.3676037290574066,-0.1898327028496282,0.6,0.7727272727272727,0.766382058473466,-0.19382966749082947,0.21020479346396817,0.023900738405105232,0.7368421052631579,0.8662144375822619,-0.07445444002243284,-0.013946770955498823,0.8235294117647058,0.8313728491356747,0.7169650468883205,0.8823529411764706,29.0,22.0
6cqr,-0.28056123352820656,-0.2218049430045454,0.6666666666666666,0.8,0.8152126593130603,-0.13525503620392884,0.2865362226450034,0.03012987965508068,0.7222222222222222,0.843917165904052,0.1051746691856855,-0.0001770050086000084,0.7894736842105263,0.8248123895182718,0.7601351351351351,0.875,30.0,20.0
6d78,-0.016899585542746783,-0.0835551434126956,0.8181818181818182,0.72,0.917432832897728,-0.028164754588740994,0.3145922847188248,0.03663607472291544,0.7,0.8504577629159641,0.02856057110245532,0.001345366650858815,0.6571428571428571,0.8304011871341808,0.7289256198347107,0.8181818181818182,21.0,25.0
6dfs,0.13636370912791215,0.1614636951990236,0.8888888888888888,0.75,1.0620249631103336,0.12667963521244144,0.010733469768527296,0.012170726982490325,0.8888888888888888,0.8008857621928993,0.09741148506737903,0.014290824658379048,0.6363636363636364,0.813370587433556,0.7714285714285715,0.9,18.0,16.0
6dfw,0.026016294555240602,0.0805769571366713,0.7272727272727273,0.8823529411764706,0.5148409792911901,0.07590293961580791,-0.14689291585191938,-0.04763747690289155,0.7777777777777778,0.8237899332521724,-0.10157603365436985,-0.020708713126913695,0.6896551724137931,0.8204008354314487,0.7538461538461538,0.6666666666666666,21.0,17.0
6dfx,-0.19056794197055274,-0.10017668710309102,0.8461538461538461,0.65,1.0136644088055553,-0.06201200535083973,-0.3305785436694925,-0.08551710755607068,0.6428571428571429,0.7647137745974957,-0.14125406417518324,-0.042146141230265124,0.9090909090909091,0.8141556075982305,0.7318501170960188,0.8571428571428571,25.0,20.0
6dkp,0.3391003874499616,0.10916182476854697,0.8333333333333334,0.6923076923076923,1.0199162886777646,0.0656041467305456,0.08983052281121805,0.013847791122607629,0.7142857142857143,0.8303945704970391,-0.024695643365010126,-0.005348149404780219,0.6666666666666666,0.8174219713552373,0.6782051282051282,0.8333333333333334,23.0,26.0
6eqa,0.09821044671522422,0.10470227036123919,0.8571428571428571,0.8333333333333334,0.4879640098436048,0.13452243961837962,0.22456843579119806,0.05965608236250856,0.7916666666666666,0.8639853499728704,-0.24445761878964678,-0.04462185960901518,0.6857142857142857,0.7760710902599851,0.6694214876033058,0.7272727272727273,27.0,30.0
6eqb,0.40841664232338537,0.27392154428870125,0.9166666666666666,0.6774193548387096,0.5207626376266906,0.22254830270404774,0.048019896127719244,0.04874227448435331,0.6785714285714286,0.8573417341734173,-0.14283128402032008,-0.021266428265613837,0.7428571428571429,0.8087438177762821,0.645909645909646,0.6666666666666666,23.0,31.0
6g9q,-0.10325801679036323,-0.13541642417785854,0.5555555555555556,0.6875,0.9550386028393257,-0.08905671609482542,0.3971383814355099,0.07062789302019716,0.7692307692307693,0.8433632998413537,-0.004655622068832223,-0.0174680245594923,0.5294117647058824,0.7743432773587052,0.8678678678678678,1.0,17.0,16.0
6l9l,0.3658011550284339,0.0695858236589652,0.8333333333333334,1.0,0.866515256490066,0.08002266205071887,-0.2208389372212021,-0.02563915511516852,0.6923076923076923,0.7898926323583859,0.21299007126564123,0.0468865464578468,0.4375,0.7456702948470652,0.7677793904208998,0.9230769230769231,23.0,13.0
6mkd,-0.46112618949411516,-0.20183430145929782,1.0,0.6153846153846154,0.9837975503718355,-0.22195898449632087,0.01608579730793425,0.0003283774224702183,0.75,0.8094658910629297,0.13791773611785688,0.01687696799116892,0.7272727272727273,0.7734119878853145,0.7211538461538461,0.875,15.0,13.0
6mkr,-0.5861567476179618,-0.21413185342959484,1.0,0.5714285714285714,0.9966238136642045,-0.2222827065468293,-0.0942563614260039,-0.00814506082046244,0.75,0.7883693746347166,0.12620384011680996,0.02281678708716997,0.7222222222222222,0.7740339961848184,0.6956521739130435,0.875,16.0,14.0
6mng,-0.42001804081828314,-0.18624228144783214,1.0,0.5384615384615384,0.9437954276573363,-0.1874524139401052,0.0661305000437297,0.0016313642433875494,0.7777777777777778,0.7876895628902766,0.17423221005365114,0.02484716411199498,0.7619047619047619,0.807829134702699,0.7211538461538461,0.875,15.0,13.0
6mnm,-0.26523467861108196,-0.17681621994580793,1.0,0.5333333333333333,0.9197486554595716,-0.11341718509579336,-0.05376378620494905,-0.008873952070529333,0.7,0.8365384615384616,0.1384095553827518,0.018371614491994735,0.7391304347826086,0.7999247212652254,0.7211538461538461,0.875,15.0,15.0
6mnn,-0.2520108244909699,-0.22833668563436288,1.0,0.5384615384615384,0.9304986407397501,-0.12096906651758706,-0.13404831089945207,-0.017225642494696176,0.7777777777777778,0.7949986107252016,0.13551961212208471,0.023430015117034013,0.7727272727272727,0.8083257789864734,0.7211538461538461,0.875,15.0,13.0
6mno,-0.4307419056902393,-0.20398478921221871,1.0,0.5384615384615384,0.9528856907017909,-0.17190738332525618,0.09115285141162742,0.014660859851262536,0.7,0.7751022793687903,0.09542207512916148,0.014805842825767504,0.7619047619047619,0.7869130817897422,0.7211538461538461,0.875,15.0,13.0
6mtm,-0.18621374233751486,-0.12239515095254744,0.625,0.7857142857142857,1.249848455223454,-0.032817647328069584,0.021486201038944025,0.011158014294902555,0.6666666666666666,0.7187682570593964,0.3289068150338454,0.10648286632104828,0.782608695652174,0.7803028490175606,0.8620689655172413,1.0,15.0,14.0
6p64,-0.06441681215325101,-0.14641456518987733,0.6153846153846154,0.875,1.3785793886672741,-0.05543388523472948,-0.22297736814921054,0.003814574512565321,0.8571428571428571,0.73768315018315,0.2035232010666402,0.05450197530531239,0.9,0.8352879667028889,0.7952941176470588,0.9411764705882353,26.0,16.0
6px6,-0.38322434541183076,-0.15366268873638164,0.38461538461538464,0.8,0.9469756839407785,-0.14310714845997638,0.15745978001099514,0.031944407181525365,0.8461538461538461,0.8201322948895765,0.2878731852890195,0.0317817567051374,0.8709677419354839,0.8223418492217547,0.7318501170960188,0.8571428571428571,25.0,20.0
6py2,-0.15398195226538042,0.1340864997190138,0.25,0.8461538461538461,0.3950127487984684,-0.06866878958947192,-0.3388658413257657,-0.01820222498477442,0.8333333333333334,0.7906457019714264,-0.16416914230224158,-0.03266128021208412,0.6666666666666666,0.8181901648333256,0.8,0.875,16.0,13.0
6q3s,0.4531706182369882,0.30237129145749847,0.8571428571428571,0.8181818181818182,0.4544633672293369,0.2611133945521437,-0.25534846323629035,-0.03744186840924321,0.7222222222222222,0.8475553432075171,-0.08057773292023516,-0.0019984111129854707,0.7428571428571429,0.8279207985031407,0.8284090909090909,1.0,27.0,22.0
6r0e,0.5159538944368168,0.431437524063093,1.0,0.8235294117647058,1.1827734352887866,0.32908082425341134,0.13918717587053722,0.0009685414358838147,0.7857142857142857,0.805768967874231,-0.00779123419867183,-0.026634071123989158,0.7692307692307693,0.8166928630591733,0.8304552590266876,0.9230769230769231,23.0,17.0
6r2l,0.35497775207855337,0.5051822855987147,0.8461538461538461,0.8095238095238095,0.2577535933039035,0.20427667619110063,0.06510209738892389,0.01219160104139327,0.8823529411764706,0.7812976353332031,-0.17155624411276352,-0.05875512493260229,0.7692307692307693,0.8454370075743789,0.7428571428571429,0.9230769230769231,26.0,21.0
6rp9,-0.4311889641983862,-0.19427607065855196,0.5,0.8181818181818182,1.08763029260226,-0.22586533610505763,-0.1399744329653262,-0.024271259344687046,0.7777777777777778,0.8760902255639098,-0.31492002131681296,-0.056854400669830475,0.7272727272727273,0.827420473738742,0.8304552590266876,1.0,23.0,22.0
6rpa,0.29240645383104236,0.22123624490657537,0.5333333333333333,0.7916666666666666,0.4130768857193198,0.1751000253765755,0.07424661992667575,0.006110725973454346,0.7142857142857143,0.8837929860401773,-0.07174853806427668,-0.01308697552670444,0.6829268292682927,0.8113997423170441,0.7403169014084507,0.875,29.0,24.0
6rpb,-0.27515879127490084,-0.11945941941267965,0.46153846153846156,0.8666666666666667,0.5117196615111621,-0.07085788215597084,-0.1392212608839693,-0.03974250112064757,0.7777777777777778,0.808953722334004,-0.08690497499454046,-0.030582140216288474,0.8571428571428571,0.7979542504673787,0.7575757575757576,0.9333333333333333,25.0,15.0
6rsy,-0.11866505117751648,-0.04143804580686003,0.9166666666666666,0.875,0.8821959927204756,-0.030221358683116015,-0.10794013485471374,-0.010154131036240669,0.7142857142857143,0.8088179275367051,-0.09607807003547494,-0.017715888109742384,0.7727272727272727,0.7893763047734424,0.7677793904208998,0.9230769230769231,23.0,16.0
6tmo,0.4406086374583384,0.20517697251458789,0.9285714285714286,0.8,0.5603470676839637,0.1862938932949738,-0.09689753932121735,0.02295061898370087,0.8333333333333334,0.8500725689404934,-0.04216626410395884,0.0003533352229312156,0.7297297297297297,0.8061617940445923,0.6163522012578616,0.75,28.0,30.0
6tro,0.43056105728845373,0.3550173212581516,0.9,0.7,0.430149185571679,0.19288529382361563,-0.08256484987778256,0.005772908767191017,0.5454545454545454,0.8885888215809732,-0.22350385390211153,-0.03929377259616106,0.7105263157894737,0.8152469108514689,0.7575757575757576,0.9090909090909091,20.0,20.0
6u3n,-0.048257391923802746,-0.15392159564110514,0.625,0.625,1.180294709172359,-0.0743389208537102,-0.128686378463474,-0.03404193969615516,1.0,0.8143694327238632,-0.3201586559509986,-0.05469489006524044,0.8846153846153846,0.798282066492429,0.8064516129032258,1.0,15.0,16.0
6u3o,0.25330457922938165,0.10948888152036775,1.0,1.0,1.5119857583982836,0.09658591964486046,-0.24669663368426736,-0.030311316909571895,1.0,0.7610743076063533,-0.0005628781843989554,0.001892581120011416,0.7777777777777778,0.7858183429803702,0.725925925925926,0.8888888888888888,14.0,10.0
6uk4,0.14497058838380492,0.11484975585801838,0.8125,0.8888888888888888,1.2847894995362286,0.01808569392996912,-0.07956128505229786,0.001266629361777843,0.7692307692307693,0.7379084073820916,-0.13351135177000462,-0.040534737603033416,0.7647058823529411,0.793130793212395,0.7529411764705882,0.8823529411764706,32.0,18.0
6ulr,0.1077863635721933,-0.15147899955950775,0.75,0.3333333333333333,0.5472740894721592,-0.1579611748296364,0.19162020190612142,0.056993823728302605,0.38461538461538464,0.912004230565838,-0.29044034327376894,-0.09536712818679285,0.8,0.8225605640141006,0.8,1.0,8.0,15.0
6uon,-0.3726071787621717,-0.015021420103211933,0.5,0.8461538461538461,0.47295581298972117,-0.13948212607788626,0.3184262697996431,0.08191609388442543,0.9230769230769231,0.8119473876507126,-0.17384897292352014,-0.02622528310156892,0.9333333333333333,0.7676413341290725,0.8707482993197279,1.0,16.0,13.0
6v0y,0.10767008497280392,0.04320204377627915,0.875,0.6666666666666666,0.9460025529306847,0.0816877597349577,-0.4100312824991711,-0.09040570548833031,0.6875,0.7996759675967595,0.012107561799028596,-0.003477957921996124,0.72,0.7852233595190277,0.8,1.0,16.0,18.0
6v13,0.03194112835325465,-0.0061429534372651196,0.8888888888888888,0.7058823529411765,1.0432234552266773,0.023328622862864894,-0.18181873062621878,-0.021385851839479185,0.7333333333333333,0.79017101710171,-0.40187847126314497,-0.12754631188296375,0.8823529411764706,0.7849535938962996,0.7810810810810811,1.0,17.0,17.0
6v15,-0.024282797371613384,-0.11370996646563525,0.8571428571428571,0.625,1.104626962912654,-0.09349481950750267,-0.33333658210123823,-0.05722075819966401,0.6923076923076923,0.7625879738239287,-0.2899527142005205,-0.0848771319594695,0.8823529411764706,0.7969166777348369,0.8166666666666667,1.0,14.0,16.0
6v18,0.08656944537530482,0.15283114192909858,0.75,0.8333333333333334,1.118096272894914,-0.0009136999965962048,-0.08130092048512688,-0.01651370373266146,0.8235294117647058,0.7829862266285182,-0.24804443752918673,-0.07618083609835569,0.76,0.796917413196483,0.8039513677811551,1.0,23.0,18.0
6v19,0.01327439403774295,0.06731460285269047,0.75,0.7058823529411765,1.1112103561632745,-0.05669703403907012,-0.37610783106938356,-0.08212980972088058,0.8461538461538461,0.7759378499440089,-0.2378092826822897,-0.05909138371161385,0.76,0.7972934317916829,0.8366013071895425,1.0,16.0,17.0
6v1a,0.08541982754231604,0.16268138029825377,0.875,0.6111111111111112,1.2370673944393178,-0.021561042141348966,-0.1620031212009442,0.0022053489590968265,0.7692307692307693,0.7540878169449597,-0.34123382541305564,-0.11204582472839104,0.7142857142857143,0.7790561408000231,0.8311688311688312,1.0,16.0,18.0
6vm7,-0.45040988209008814,-0.17823990628541383,0.6363636363636364,0.8888888888888888,1.1247569188636175,-0.1379409346815954,-0.20532817849793186,-0.03210491476852325,0.8571428571428571,0.73472986020738,-0.06861483234629544,-0.03098196423652308,0.7777777777777778,0.7889325414953555,0.7960526315789473,1.0,22.0,18.0
6vm8,-0.3995480384412702,-0.09992699206692154,0.6363636363636364,0.8888888888888888,1.0972268421240303,-0.1221192590836787,-0.20857704208175987,-0.03297140393999157,0.8571428571428571,0.7551320263632928,0.0020795710295283165,-0.026230818337547333,0.8666666666666667,0.8118512625688649,0.7960526315789473,1.0,22.0,18.0
6vma,-0.1851689515686907,0.03282282137965803,0.5,0.6842105263157895,1.0636613239893207,-0.05207938116309756,-0.04738921035407251,-0.0063131233251378606,0.6,0.7506779809290525,0.14434717340929143,0.013270281455530868,0.5769230769230769,0.7756352765321377,0.7568134171907757,0.7777777777777778,19.0,19.0
6vmc,-0.33698994029562673,-0.1913020290067215,0.5,0.75,0.919455469517795,-0.19089296958397786,-0.21588418050188585,-0.008569946185824701,0.7272727272727273,0.7627095908786049,0.1645064304897263,0.013552088699099074,0.5714285714285714,0.7718452591771684,0.7568134171907757,0.7777777777777778,19.0,16.0
6vmx,0.22917531714980513,0.2013683769248958,1.0,0.6190476190476191,1.109877432505316,0.058874181156552546,-0.18741839865055518,-0.016911274289992197,0.5882352941176471,0.7782566580685888,0.019065144624589924,0.0026739405046253793,0.7333333333333333,0.7738874892475915,0.8547008547008547,1.0,20.0,21.0
6vqo,-0.09102158828032049,-0.08692075458132134,0.75,0.9230769230769231,1.2231850874589274,-0.013040369032534478,-0.0949689696835872,-0.06111307844608427,0.8571428571428571,0.7217213166580255,0.3203164009731416,0.06676672255280691,0.5769230769230769,0.7198100541991946,0.7733918128654971,0.9166666666666666,23.0,13.0
6vrm,-0.1470173931495012,-0.16507603976474794,0.8181818181818182,1.0,0.7931994011774651,-0.06984818780610559,-0.2798984984961658,-0.04694278419765984,0.8461538461538461,0.8392262125138837,0.05427766093932328,0.01536697235996861,0.5882352941176471,0.7996727104886499,0.7515527950310559,0.9285714285714286,22.0,15.0
6vrn,-0.13740531547632817,-0.3751045970863732,0.5833333333333334,0.8571428571428571,0.9893156767769034,-0.12790297953310276,-0.018681068255841777,0.009695410203410849,0.8888888888888888,0.8071039668135856,-0.15295129633851845,-0.019350533173595984,0.5,0.7977221519182691,0.6857142857142857,0.8666666666666667,24.0,14.0
6xc9,0.1172880574713143,0.12753041489156736,0.8095238095238095,0.7727272727272727,0.22689510687165265,0.0825967364409454,0.030993212247924062,-0.034367944778585735,0.7692307692307693,0.8659495977599005,-0.07118899103255813,-0.006669483312083238,0.7777777777777778,0.7782996017249925,0.778601204261232,0.7647058823529411,41.0,44.0
6xco,-0.1753475385346102,0.002838812893074194,0.5,0.75,0.8144910884403316,0.06769820523342315,-0.4485119079318099,-0.09922034457206722,0.7142857142857143,0.8499825276645312,-0.11191916539796559,-0.016328246799390177,0.7575757575757576,0.8208265732251715,0.713307240704501,0.9285714285714286,27.0,20.0
6xcp,0.38856408462583314,0.2707565649579505,0.8181818181818182,0.6875,1.4842181225235653,0.19889469574218105,-0.0812215895957009,-0.062066113108591656,0.6,0.8057367276807629,-0.20793239931632415,-0.010750898652737734,0.6538461538461539,0.7702705266712963,0.7564322469982847,0.9090909090909091,21.0,16.0
6zkw,-0.19720387973126216,-0.2075240457084458,0.5,0.7777777777777778,0.6908336364881866,-0.10875545385336419,0.5887213272323806,0.041963825592189495,0.8333333333333334,0.6954671600370028,-0.08930289630759816,-0.027591649038521113,0.75,0.8196149181532952,0.7529411764705882,0.9,16.0,9.0
6zkx,-0.18409301363524752,-0.2179469284620277,0.5,0.875,0.8497725368563153,-0.12398003936746937,0.5887213272323806,0.04151160851280433,0.8333333333333334,0.6637372802960222,-0.2963545533959754,-0.05542786622715577,0.6333333333333333,0.8161827937003581,0.7258064516129032,0.9,15.0,8.0
6zky,-0.5116923685290784,-0.41599939589249013,0.42857142857142855,0.75,0.8285904952520973,-0.2894090720505683,0.5421426366180643,0.049895787719117214,0.6666666666666666,0.6635457565690124,-0.025177889660602453,-0.017956749642969852,0.75,0.8089212392683838,0.728448275862069,0.875,13.0,8.0
6zkz,-0.21447729743912333,-0.05556251758531876,0.5,0.7777777777777778,0.6606179237167601,-0.0488699364008607,0.5557089163595367,0.0403574264228143,0.8333333333333334,0.6876152832674571,-0.045048579622916037,-0.022112696385739254,0.6470588235294118,0.8287326708379339,0.7575757575757576,0.8888888888888888,15.0,9.0
7byd,-0.0917469804271967,-0.12832720831435765,0.8,0.6363636363636364,1.0277607651538565,0.04964089985186361,0.4526184367741704,0.09604329068550618,0.7142857142857143,0.8637651821862349,-0.23889435476680415,-0.04546491931147536,0.7857142857142857,0.7717188756492834,0.8333333333333334,1.0,10.0,11.0
7dzm,0.019934153773265646,-0.13453767429550367,0.8571428571428571,0.8571428571428571,1.192261206928068,-0.053789011434555674,0.21263097358150024,-0.014437391076133062,1.0,0.8702122837500944,0.1336995086423529,0.031868946163543355,0.6666666666666666,0.8398781787726511,0.7777777777777778,1.0,14.0,14.0
7dzn,0.0,-0.26669148363276607,0.7142857142857143,0.8571428571428571,1.2015659696995444,-0.029986233925528714,0.21484587955630752,-0.013318328509321584,0.9,0.8824507063534034,-0.14963208996939822,-0.024891879069162764,0.7142857142857143,0.8251091880747634,0.7777777777777778,1.0,14.0,14.0
7jwi,0.4505494505494505,0.22760702938721813,1.0,0.8461538461538461,-0.03581751732341553,0.21975440321607745,-0.0934065934065934,-0.050160326158844866,0.9090909090909091,0.7160135462022253,0.17366521309114388,0.03696863973835298,0.6190476190476191,0.7626872144138551,0.9657142857142857,1.0,13.0,13.0
7jwj,0.3069372915247326,0.08179817800096223,0.5555555555555556,0.8461538461538461,1.0233385204462324,0.2486558015928699,0.19734925673569567,0.06214833568694191,0.8,0.828708133971292,0.279799709433445,0.05029702140094331,0.6,0.7583356124061911,0.7961432506887053,1.0,17.0,13.0
7n1e,-0.08525934017045614,-0.1537463959642766,0.6666666666666666,0.8,0.6612996733007974,-0.07055447381611785,-0.055479402177388074,-0.02743045260040296,0.8095238095238095,0.788855905998763,0.21415855176758236,0.06857572280416417,0.8,0.8147010517448807,0.7680365296803653,0.8666666666666667,29.0,25.0
7n1f,0.4032998944366831,0.25334056177852493,0.7857142857142857,0.8888888888888888,0.944199918090968,0.13744630109945605,0.07923385077287129,0.03752884681656116,0.75,0.8115204245341233,-0.27388049575379836,-0.07136028133109183,0.6875,0.797088813358948,0.7476923076923077,0.7692307692307693,27.0,18.0
7n2n,0.21502232450307138,0.2806754358285174,1.0,0.6818181818181818,0.6079477281498921,0.08372049626229813,-0.048600936360283266,0.03002379185771078,0.8125,0.8163583252190848,-0.17174230802795437,-0.03916808244513898,0.8260869565217391,0.8082265433081497,0.8421052631578947,1.0,16.0,22.0
7n2o,0.012825422835837489,-0.02803233966052679,0.9,0.782608695652174,0.7799269322121224,0.043294694974493446,-0.17125711669030055,-0.04693238361968267,0.75,0.8009142053445852,-0.22728561690829568,-0.04154586195516028,0.6785714285714286,0.8232680586890173,0.7936507936507936,1.0,20.0,23.0
7n2p,-0.11621406694479447,-0.051921658211361424,0.7272727272727273,0.8095238095238095,0.7484319489066258,0.029937526752265724,-0.27658474907191805,-0.034713644732656854,0.75,0.8208373904576435,-0.12548744300284936,-0.018432718036001286,0.76,0.8197446147372509,0.7446153846153846,0.9230769230769231,22.0,21.0
7n2q,0.10017003594520374,0.19515879222494165,1.0,0.8095238095238095,0.7297591009904232,0.0806799440615986,-0.22163665540145625,-0.05570699347974998,0.7647058823529411,0.8393164730006835,-0.3296637049069221,-0.04900358862378083,0.7727272727272727,0.8280810829429596,0.7446153846153846,0.9230769230769231,22.0,21.0
7n2r,0.15106103303557739,0.170915579035067,1.0,0.7142857142857143,0.8233895674701915,0.11576991157622278,0.09096539574389141,0.009656293641551125,0.7647058823529411,0.8187559808612441,-0.2326659606631706,-0.04731472280479125,0.782608695652174,0.8411473821450228,0.81,1.0,18.0,21.0
7n2s,0.25154001366990664,0.19035868885424445,1.0,0.7142857142857143,0.5735127698342228,0.23507902091754604,0.2060051342169361,0.05525291805748395,0.7647058823529411,0.8543512027202887,-0.1835406393071027,-0.033476047624698864,0.6595744680851063,0.7912644658368457,0.736734693877551,0.9,19.0,21.0
7n4k,0.14625818041368038,0.08081326790637648,0.8461538461538461,0.7777777777777778,0.39776457712301183,0.04323065581980136,0.03620959614248023,-0.004544098550955096,0.8666666666666667,0.8134497081865502,-0.2824302134646962,-0.040910328954467376,0.4666666666666667,0.8110810004475164,0.7788018433179723,0.9285714285714286,26.0,18.0
7n5c,0.45121485565050384,0.2942143870769816,0.9166666666666666,0.8823529411764706,0.4355352824872056,0.15677976357213141,0.11315439440994227,0.004373955450071404,0.8235294117647058,0.8010936431989064,-0.24086492630105286,-0.0359531833602876,0.6,0.8306925809544393,0.7714285714285715,0.9333333333333333,27.0,17.0
7n5p,0.1602203763851745,0.05242871661022094,0.7857142857142857,0.7777777777777778,0.3853899331109662,0.0050643706091157,-0.10201995186961989,-0.02464014372100958,0.8666666666666667,0.8142363965148776,-0.2111099919993646,-0.031999090879163763,0.42857142857142855,0.813188302628207,0.7714285714285715,0.9333333333333333,27.0,18.0
7n6e,0.061685415577196194,0.01456776843436347,0.75,0.84,0.7587644050520401,0.002112219514697695,0.0666421311148785,0.017996477290312795,0.8666666666666667,0.8409355077313235,-0.249089390556527,-0.08607285208208242,0.7692307692307693,0.7539584104051871,0.7272727272727273,0.75,32.0,25.0
7na5,0.4963161166574747,0.26829793704684524,0.5555555555555556,0.8181818181818182,0.9541663596542004,0.21052299186097612,-0.3697555069098187,-0.029789614150380426,0.8333333333333334,0.8170135746606335,-0.030852995182659444,-0.025334496384657245,0.875,0.8426313108975646,0.8810975609756098,1.0,17.0,11.0
7ndq,-0.5076923076923077,-0.29319300797788167,0.42857142857142855,0.6923076923076923,0.808841064083472,-0.3129783449711857,-0.5032967032967033,-0.12378969748634598,0.6923076923076923,0.8586336530982629,0.03915528742326683,0.03475189008574968,0.75,0.7756656660559041,0.8166666666666667,0.8333333333333334,14.0,13.0
7ndt,0.22957649929952081,0.14552322820065966,0.8888888888888888,0.9230769230769231,1.020054967707955,0.0907208398811633,0.11995889152587574,0.020010739740838432,1.0,0.7605429864253394,-0.27763183074669723,-0.08949226494448871,0.7391304347826086,0.74943369798836,0.7363636363636363,0.9090909090909091,18.0,13.0
7ndu,-0.34065934065934067,-0.05338213992180299,0.42857142857142855,0.6666666666666666,0.625607745491926,-0.01109456042897327,-0.39560439560439564,-0.10318946903087024,0.6363636363636364,0.847485092040446,0.16241611762616276,0.04225131501380112,0.6363636363636364,0.7682404589184736,0.7612612612612613,0.8333333333333334,13.0,12.0
7nme,0.31812763940782474,0.20808173753494338,0.8571428571428571,0.7619047619047619,0.717795889645145,0.11275553462044012,-0.11328895724821476,-0.020793007287976027,1.0,0.8005479452054793,-0.24007915565563076,-0.043914940578438234,0.8064516129032258,0.8144005919118363,0.7268195413758723,0.8823529411764706,27.0,21.0
7nmf,0.2990371639499435,0.15333446437213855,0.9230769230769231,0.6666666666666666,0.7769821256658888,0.10556984579207215,-0.20087193641613335,-0.025521406025869373,0.9,0.8129323308270676,-0.14738032726243067,-0.033560552236169904,0.8148148148148148,0.8103766170120298,0.720876585928489,0.9411764705882353,25.0,21.0
7nmg,0.26432002996251874,0.1975951654475165,0.8571428571428571,0.7619047619047619,0.7492181079103644,0.0554102985763636,-0.13555347095038414,-0.018261999652056233,1.0,0.8026804887078859,-0.2557709677048126,-0.05300871684456489,0.7272727272727273,0.811280385804862,0.6864406779661016,0.8888888888888888,27.0,21.0
7ow5,-0.3080984747868463,-0.13017879154979523,0.7,0.6190476190476191,0.2572754820238573,-0.10382583159313058,0.053484087310186036,0.003952303324151217,0.7,0.8229685774820207,-0.006883632089381754,-0.005674389697495864,0.6176470588235294,0.7811145148747665,0.823045267489712,0.8888888888888888,20.0,21.0
7ow6,-0.2950927629387323,-0.18707633204696086,0.7272727272727273,0.6666666666666666,0.19637904909759796,-0.12183847393844986,0.05797106480780477,0.01585180489957584,0.6666666666666666,0.8679591265397536,-0.038419454433514764,-0.009672164487256569,0.6,0.7853487039705549,0.8018181818181818,0.9,21.0,18.0
7pb2,-0.05851760474365868,0.012731583349875841,0.7272727272727273,0.6363636363636364,0.19547031487035282,-0.03173301350988571,0.24322316739469774,0.04281228039116889,0.8125,0.8533395946971066,-0.1266175863114057,-0.018317975845719096,0.65,0.7954613291877186,0.934322033898305,0.875,21.0,22.0
7pbc,0.16396489105547116,0.12041525183104962,0.7857142857142857,0.7619047619047619,0.9017747570213271,0.0840096235581871,-0.022271770159368695,-0.005954980474074995,0.9166666666666666,0.848895776830686,0.08606484515148326,-0.0004071425041815634,0.7619047619047619,0.8248314369995788,0.7796791443850267,1.0,27.0,21.0
7pbe,0.06353368810584063,0.09707046977916363,0.8125,0.9523809523809523,0.7486503604529904,0.03847403909670702,-0.1843272771923045,-0.010850071004925906,0.8235294117647058,0.810387282418982,-0.22664650958906096,-0.07080871725701689,0.6896551724137931,0.7780018110384425,0.8270223752151463,0.8571428571428571,31.0,21.0
7pdw,0.08956342003522577,-0.03274368633918617,0.8,0.8421052631578947,0.9358682953165689,0.011069193632849722,0.0074023421169899205,-0.0123729628899064,0.9,0.8576401545527446,0.03380909016207709,0.00656393407730601,0.782608695652174,0.8094284428573165,0.7852474323062558,1.0,29.0,19.0
7phr,0.10575735435288915,0.000028029091604299394,0.5,0.7083333333333334,0.7780744736448105,0.10775582447001347,-0.19174697892019152,-0.037669932067860665,0.7,0.8623775096354888,0.04840198327400695,0.018474494896244982,0.7428571428571429,0.8054479809277229,0.7883755588673621,0.8181818181818182,23.0,24.0
7q99,-0.008487338155830245,0.026636753952546888,0.8571428571428571,0.71875,0.5959468718671802,0.04369700079245982,0.023819303856684883,0.04657498420590426,0.7333333333333333,0.8631332342494396,-0.1678119613282403,-0.03334916084486718,0.78125,0.7900637604223768,0.6282051282051282,0.7692307692307693,28.0,32.0
7q9a,0.11686119985844705,0.13549392319461853,0.8461538461538461,0.7586206896551724,0.56965163054623,0.18480194439977857,0.17614855345232192,0.04907042088629589,0.6896551724137931,0.8497815396069672,-0.20307621276079355,-0.028264542378125666,0.717948717948718,0.8103513229942423,0.65,0.7,26.0,29.0
7q9b,0.33970183974448276,0.10500580416341068,0.9333333333333333,0.875,0.5649589584718322,0.12119502086099634,0.08163269058146366,0.02090846629292203,0.8,0.8562785529077663,-0.029930405020030255,-0.0040222613144307445,0.9047619047619048,0.7973163151153165,0.6046010064701653,0.7692307692307693,29.0,24.0
7qpj,-0.030852407061307062,-0.11970656197948554,0.6923076923076923,0.7368421052631579,0.9901844369319932,-0.004028791264446651,-0.04534572385952872,-0.013687321924500088,0.8333333333333334,0.8650804832517348,-0.044082492641831575,-0.004543906555860705,0.7407407407407407,0.8343829271678636,0.7861635220125787,1.0,25.0,19.0
7r80,0.08607824774492222,0.07285392621992295,0.8,0.7083333333333334,1.2518115803243903,-0.015614386812643306,-0.39437891058642943,-0.04305368111649713,0.6923076923076923,0.8158874580067189,0.06520973263754927,0.01642104492498427,0.7241379310344828,0.8205910381413445,0.8298850574712644,1.0,19.0,24.0
7rdv,0.20870519270907403,0.19369394337471937,0.9230769230769231,0.7333333333333333,1.2750383492724138,0.12387644949202659,-0.021463443008073495,-0.0160789486074389,0.6666666666666666,0.8199858256555634,-0.141502685805601,-0.03067835987049389,0.6666666666666666,0.8044762800569182,0.7100840336134454,0.7857142857142857,26.0,15.0
7rk7,-0.14162018907575316,-0.07287183733368843,0.6923076923076923,0.9,0.22677622889708635,-0.048351939421815475,-0.2462476051885207,-0.04475340992651844,0.85,0.8252274041747725,0.0279550358929258,-0.01985582655197045,0.68,0.7886088745121479,0.7911392405063291,0.8,25.0,20.0
7rm4,0.21469525479218526,0.22015781779404497,0.7,0.8,0.9150701149110297,0.2502394193949704,-0.15316658731725635,-0.027297280260813253,0.9,0.7783899403681619,0.15726267703085683,0.02055001313459379,0.7619047619047619,0.7858139294571507,0.7120315581854043,0.9230769230769231,19.0,15.0
7rtr,0.2401467553236613,0.19090136070242059,0.7142857142857143,0.7368421052631579,0.9622570759603596,0.10977101670169605,0.13234665184040043,0.040294890867640966,0.75,0.8280348759221998,-0.23842936542314416,-0.06664523107056147,0.75,0.7951393639478734,0.7476923076923077,0.7692307692307693,27.0,19.0
7sg0,-0.41584985496915494,-0.08605976105353196,0.3333333333333333,0.7894736842105263,0.7286510365313201,-0.17211403198997666,-0.20450811410580505,-0.018638906311519002,0.8333333333333334,0.8028072276425628,0.03584666828728638,-0.027892541163906923,0.75,0.7874823684078387,0.7677793904208998,0.9230769230769231,23.0,19.0
7sg1,-0.13289972784899776,-0.016932873648957875,0.8181818181818182,0.7894736842105263,1.1156592796764864,-0.012995713925185559,-0.5969853826095256,-0.11643131439794607,0.6111111111111112,0.8311624126872558,-0.13906591435196772,-0.027455405285510416,0.68,0.7684363167161083,0.75,0.9166666666666666,21.0,19.0
7sg2,-0.035117700851490984,-0.06529260102894396,0.9090909090909091,0.7083333333333334,0.9736739110084097,-0.017779038798831692,-0.5981337435350722,-0.10500365841506674,0.7368421052631579,0.8065113570180547,-0.14362346896965114,-0.028449130482784944,0.6,0.769553812294694,0.7586206896551724,0.9090909090909091,22.0,24.0
7t2b,0.0530896632746352,0.0023716093113204523,0.6666666666666666,0.6521739130434783,0.7098935581713643,-0.04701202589012363,-0.23339934918846475,-0.03050460725998523,0.5882352941176471,0.8164357381748687,-0.07505094987500179,-0.014073788348782607,0.64,0.7658422079154943,0.7639257294429708,0.9230769230769231,24.0,23.0
7t2c,-0.050532761284212954,-0.1679864662387321,0.5833333333333334,0.7058823529411765,0.5265171457150085,-0.055379654027769155,0.1382051452865129,0.02822440556008807,0.8235294117647058,0.8254125746684216,-0.0578769104104042,0.006203838978263168,0.6451612903225806,0.7855455552526323,0.8743801652892562,1.0,23.0,17.0
7t2d,-0.15611209861181896,-0.0487951713277953,0.375,0.6363636363636364,1.1783514223342626,-0.05265797099764002,0.33273756282434613,0.06909358153838713,0.6666666666666666,0.8204563131967852,-0.059794586892825456,-0.019698960645545244,0.6190476190476191,0.7793926445553945,0.8311688311688312,1.0,16.0,11.0
7z50,-0.1549507988451147,-0.1521731151490301,0.6666666666666666,1.0,1.294508898921583,-0.08531181631882635,0.05489544342759752,-0.004656149372529917,0.6666666666666666,0.7852911133810012,-0.01391132827787723,-0.022433541663127256,0.8666666666666667,0.8315392254715728,0.7978883861236803,0.9230769230769231,23.0,15.0
8cx4,-0.2067413033999066,-0.12031453470076822,0.9090909090909091,0.8,0.6120699510832874,-0.05194406570485771,-0.15236550853308184,-0.030310177804753174,0.75,0.8025078369905956,-0.2771747957498753,-0.05890844060038203,0.6875,0.8484559424382273,0.7446153846153846,0.9230769230769231,22.0,25.0
8d5q,-0.22260755829738718,-0.07090740576806306,0.6923076923076923,0.782608695652174,0.7280750602526713,-0.07528141613620881,-0.2865398328257025,-0.0494306958445872,0.8,0.8149348887683125,-0.12044117208016832,-0.008800569686936996,0.6111111111111112,0.8030476294909654,0.7631257631257631,0.9230769230769231,25.0,23.0
8dnt,0.07840999427626359,0.0817123705709323,0.6428571428571429,0.8461538461538461,0.7874614767362402,0.05735492817306743,-0.030980172563698557,0.03314206348982465,0.75,0.7974568693456764,-0.2078145571938451,-0.02988040465336457,0.6206896551724138,0.8030110400285178,0.725925925925926,0.9333333333333333,28.0,26.0
8en8,0.3612109249182724,0.48253143142922356,0.8461538461538461,0.9473684210526315,0.4977899394551674,0.2593089423831241,-0.21546750344440282,-0.06901466917427494,0.9444444444444444,0.7870813397129186,-0.10237082478803619,-0.043326168234463676,0.6,0.8191564546865732,0.7100840336134454,0.9285714285714286,26.0,19.0
8enh,0.3948432445427249,0.5218505261316079,0.8461538461538461,0.9473684210526315,0.5759980237369497,0.3162186843623352,-0.26620272200753875,-0.06887853686607659,0.9411764705882353,0.7994805781391148,0.018635032282795793,-0.012477846750406507,0.6538461538461539,0.805246541401593,0.7309941520467836,0.9333333333333333,25.0,19.0
8eo8,0.33172989941113923,0.5965441868482892,0.7692307692307693,1.0,0.520418212008482,0.271362790504906,-0.30882995527018386,-0.08243214945919548,0.9444444444444444,0.7913665282086334,-0.13527421939137466,-0.04956336071792433,0.65,0.810128254955305,0.6868131868131868,0.9285714285714286,25.0,17.0
8es8,0.41584183579312706,0.206598785935889,0.8571428571428571,0.5555555555555556,0.7738610453641913,0.18654210178519173,-0.18921903639263984,-0.043330254335558566,0.6666666666666666,0.877386055463214,-0.1907907608720056,-0.026407862443109036,0.6521739130434783,0.7863861782114863,0.7205882352941176,0.875,14.0,18.0
8es9,0.4329166139972676,0.4108252243063239,0.75,0.8181818181818182,0.6825890335249678,0.18015207608171255,-0.16299599011281948,-0.037122118335990606,0.8,0.8378502001143509,-0.025077053379987814,0.0009217451174093149,0.6785714285714286,0.8100901685597149,0.8035714285714286,1.0,15.0,11.0
8f5a,-0.05854456251868023,0.08146527635623485,0.7857142857142857,0.7727272727272727,0.6973806371205853,0.020909983957013236,-0.15456116693379657,-0.026561056509789214,0.8235294117647058,0.8280348034803479,-0.332676449864593,-0.08336791919312349,0.7111111111111111,0.8246389862237795,0.81,0.9166666666666666,27.0,22.0
8gom,0.026918798665183537,0.020018598398665405,0.6666666666666666,0.7241379310344828,0.7344291410989794,0.037408337304039516,-0.06568144499178982,0.004580199712413722,0.7777777777777778,0.7692047765685468,-0.014169068612242349,-0.019657448905713543,0.8157894736842105,0.8105319768582095,0.7653061224489796,0.7857142857142857,30.0,29.0
8gon,-0.043076923076923075,0.039720891489645124,0.6153846153846154,0.6666666666666666,0.7092434879470727,-0.029352308372217573,-0.1869565217391304,-0.018693095588986477,0.6956521739130435,0.784378606175366,-0.09885587156515731,-0.024526175105697032,0.7428571428571429,0.82534541793762,0.7175660160734788,0.8461538461538461,25.0,30.0
8gvb,0.580368535036135,0.23275650558381197,1.0,0.7692307692307693,0.48277947152530465,0.12211887854144844,0.5346537888768776,0.1208280091282011,0.75,0.8396825396825399,0.05788372822528897,0.010713579423034802,0.625,0.8138474739990661,0.8257142857142857,1.0,17.0,13.0
8gvg,0.3255819163119947,0.06962794847528761,1.0,0.7272727272727273,0.7981666988235852,0.06895761759438603,0.3006841514016155,0.06398662907385842,0.6,0.8195475113122171,-0.008412692255620234,-0.002416966513286479,0.6976744186046512,0.8323283951603241,0.8620689655172413,1.0,15.0,11.0
8gvi,0.27378806404006145,0.09725168157709488,1.0,0.8333333333333334,0.6648807736475734,0.09755808331923929,0.24517999370283936,0.03985563050660387,0.8,0.835022624434389,-0.03194529562367615,-0.006770659384015157,0.6578947368421053,0.8320256737578064,0.8475073313782991,1.0,17.0,12.0
8i5c,-0.10035906758257156,-0.17356062083229318,0.5,0.75,0.4434213330059442,-0.019670429547679717,0.19892600895831145,0.038068137729724706,0.5882352941176471,0.877237851662404,-0.044009904140128064,-0.0022779018201771364,0.6666666666666666,0.8068198374053047,1.0,1.0,15.0,16.0
8i5d,-0.3884312259786556,-0.127297674108568,0.8571428571428571,0.5333333333333333,0.7217265374164004,-0.08624379087936004,0.44903751655688556,0.013226703030651491,0.5384615384615384,0.8707082391292917,0.00006589569002439451,0.027561025550011407,0.6363636363636364,0.8074920708594416,0.9086021505376344,1.0,13.0,15.0
8pjg,0.4438742928079466,0.4211954254266693,0.9230769230769231,0.7777777777777778,1.2672075770129925,0.2984484627575231,-0.0212713494350749,-0.02822900122394248,0.8461538461538461,0.8008737504627914,0.06988758973231449,-0.009671334094672603,0.7692307692307693,0.8217631133850329,0.8345679012345679,0.9333333333333333,26.0,18.0
8qfy,0.21666666666666667,0.2535260514990404,0.8,0.6363636363636364,1.550425985125583,0.18655319888933083,-0.5666666666666667,-0.1619934988673873,0.6666666666666666,0.7364881290008913,-0.1819654264480693,-0.05866148753191738,0.8421052631578947,0.7747088460997282,0.8526315789473684,1.0,9.0,11.0
8rj5,-0.42693926639425295,-0.16288428805488406,0.9,0.8461538461538461,1.3446330540192657,-0.12369651936609811,0.051724765525483815,-0.02033510445862323,1.0,0.8434619815668203,-0.10179938696457559,-0.04840685986140217,0.8823529411764706,0.7244318746196092,0.7632135306553911,0.9090909090909091,19.0,13.0
8rlt,-0.053719036929177504,-0.07090559195372075,0.7777777777777778,0.8666666666666667,1.4211826020519855,-0.04079986889209294,-0.25030693688662053,-0.03069817720122545,1.0,0.8740943267259057,-0.07296838945658228,-0.03747070750855932,0.7333333333333333,0.746178766845917,0.782608695652174,0.8888888888888888,18.0,15.0
8rlu,0.032498930271042066,-0.08265203126069383,0.8,0.8461538461538461,1.3096604045800508,-0.024952877393816124,-0.18501314225497678,-0.030256832980809976,1.0,0.8784029038112524,-0.21663647139547199,-0.055247298198383324,0.7142857142857143,0.7734555554770268,0.7292929292929293,0.8888888888888888,19.0,13.0
8rlv,0.09390084273862515,-0.0013172892182202953,0.7,0.8666666666666667,1.23643549574981,-0.0074393654979061025,-0.2325581619227632,-0.03285461123459976,1.0,0.8762816131237186,-0.16306705001687483,-0.04622073608010864,0.8181818181818182,0.7649636240906024,0.7397540983606558,0.75,19.0,15.0
8rro,-0.07670088538794483,-0.006894460512875178,0.6923076923076923,0.6956521739130435,0.2320868271348301,-0.015415112116048846,0.12911958092945486,0.018555686314285145,0.7,0.8424613481756339,-0.0031900920058762095,0.018031200422799362,0.7916666666666666,0.7637549874390424,0.8234519104084321,0.9090909090909091,25.0,23.0
8rym,0.3679176860657877,0.23393013798293696,0.75,0.6,0.8341720156210002,0.0788633515382732,0.06791781085572238,0.009131389547894338,0.5,0.8258312020460358,0.2706358592804098,0.04852882431119314,0.6875,0.7841652058330604,0.7529411764705882,0.9,16.0,15.0
8ryn,0.5451297976577718,0.3076537709621279,1.0,0.6,0.8414739466394732,0.16708004029712994,0.09294016222362012,0.015042812760877041,0.5294117647058824,0.7994426842768255,0.13996152617605526,0.03179237548543605,0.5625,0.7897371714643304,0.7575757575757576,0.8888888888888888,15.0,15.0
8ryo,0.41197733936199454,0.37305130847718565,0.7777777777777778,0.6470588235294118,1.0289166766923166,0.11368022132744607,-0.002450980392156863,-0.01491153149921186,0.5625,0.8333778676947742,0.0768878099798663,0.027276154766754265,0.7857142857142857,0.8211881874747162,0.81,0.9,18.0,17.0
8ryp,0.10973802625931704,-0.029293798156753356,0.8333333333333334,0.7222222222222222,1.0200830322142593,-0.01807942956429943,0.11412431199915751,0.018843925347622904,0.5263157894736842,0.7955452775073028,-0.39587316608136097,-0.11387187907138142,0.8125,0.8277468720502883,0.750354609929078,0.9333333333333333,23.0,18.0
8ryq,0.026121049705342188,-0.1381211029947829,0.8333333333333334,0.8823529411764706,0.9491785298468566,-0.057469670930243334,-0.01830778860193943,0.015126432835763622,0.6666666666666666,0.7799762736583189,-0.29975603075653845,-0.0702432228809168,0.8333333333333334,0.8034606098542432,0.7619047619047619,0.9285714285714286,24.0,17.0
8shi,0.04923659639173309,0.06716344201383406,0.8,0.5714285714285714,1.3450146862901176,0.18731173546821517,0.8571731229523383,0.2969400554399337,0.3333333333333333,0.7423020527859238,-0.3213450932725541,-0.08949003492563004,0.5909090909090909,0.7177785140585192,0.8928571428571429,1.0,10.0,7.0
8trl,0.055964714596689814,-0.03505378639158792,0.75,0.6666666666666666,1.221989652056727,0.06698399480977196,0.3521002299625608,0.10397228629165418,0.7692307692307693,0.8652142161635833,-0.09524941235812592,-0.020226330195307167,0.68,0.7669837710869102,0.8366013071895425,1.0,16.0,18.0
8trq,-0.18719540908888746,-0.19191786797645238,0.5454545454545454,0.75,0.2948794228433601,-0.11153956524281142,-0.2430940381918191,-0.07993918587954246,0.8181818181818182,0.8263698206555349,0.11256200077913091,0.02764920832888034,0.7916666666666666,0.7980152190882241,0.7217675941080196,0.9230769230769231,21.0,24.0
8trr,0.018429137359917087,0.09521016710645669,0.6,0.6923076923076923,0.7928903559463564,0.0008883909957197469,-0.0008775779695198612,-0.004549552176572971,0.7727272727272727,0.878451982799809,-0.04393358060751568,-0.028855041734637352,0.7222222222222222,0.7800136338172664,0.7632135306553911,0.9090909090909091,19.0,26.0
8v4z,0.21656371839896754,0.1463734555712185,0.6666666666666666,0.8421052631578947,0.718746735064417,0.11019444670228791,-0.3142131674304756,-0.06168653935086648,0.6875,0.870350535540409,0.32362187144195587,0.06363512757241768,0.72,0.814735631889306,0.8437001594896332,0.9090909090909091,23.0,19.0
8v50,0.2910427719904585,0.21971911016079604,0.6363636363636364,0.8095238095238095,0.6351745363970143,0.15797750779484468,-0.32694198184621664,-0.06338402842268864,0.625,0.8761743450767842,0.2954488111401037,0.06859133871132089,0.7307692307692307,0.8282618764726019,0.8148148148148148,0.9090909090909091,22.0,21.0
8v51,-0.23626793746379202,-0.09568876474972401,0.6,0.6666666666666666,0.8774089271225416,-0.09206843487255113,-0.5329238226020875,-0.05380443589698587,0.5,0.8547033663107717,0.22091311522929544,0.02889262874735684,0.7037037037037037,0.8249751916265593,0.7905138339920948,0.9090909090909091,20.0,21.0
8vcx,-0.3894858339999499,-0.27992344489558085,0.5454545454545454,0.6521739130434783,1.186510170952001,-0.3430290401188492,0.08452542907417365,-0.06000544241967266,0.75,0.8603465851172272,-0.21368078679716707,-0.02782747815351016,0.7916666666666666,0.784640952364514,0.8231292517006803,1.0,22.0,23.0
8vcy,-0.01094204153451481,0.040900983494185916,0.6153846153846154,0.7894736842105263,1.1354399092206073,0.11823565713118601,-0.36276207633923413,-0.17647518184784833,0.6666666666666666,0.845751521906885,-0.13336953983522876,-0.004473106050466877,0.7037037037037037,0.7771394490831922,0.7041666666666667,0.9333333333333333,26.0,19.0
8vd0,0.15661731215901314,0.12074603656135882,0.7857142857142857,0.85,0.8516737041394171,0.10164273215521091,0.26092629449178534,0.032631801265547836,0.8666666666666667,0.8173012318029116,0.013530330144073486,0.022463285253664544,0.7916666666666666,0.7785772299093324,0.7796791443850267,0.6363636363636364,27.0,20.0
8vd2,-0.19756127751774868,-0.22317543929067998,0.7333333333333333,0.9444444444444444,0.8833003957646505,-0.15328413773427466,-0.03214224700763726,-0.02825853643147013,0.8666666666666667,0.7958458259581692,-0.0014933478203980827,0.017297359543501718,0.8333333333333334,0.7699580085758174,0.7435897435897436,0.6923076923076923,29.0,18.0
8vq8,-0.2363412269285536,-0.21954884245486966,0.6666666666666666,0.6818181818181818,1.007900383348211,-0.17698526564488368,-0.16860326021472133,-0.04146747234224168,0.6363636363636364,0.7815697411203029,0.04636265038739346,0.027998634208603854,0.7777777777777778,0.8184114109458259,0.7978883861236803,1.0,23.0,22.0
8wte,-0.2572675628920287,-0.09634625969156042,0.7142857142857143,0.5,0.5953078244274995,-0.06828501539213164,0.2240717483253153,0.06006896201666131,0.6153846153846154,0.89037558685446,0.1241650563979168,0.021031693146003016,0.75,0.8220421780917091,0.8666666666666667,0.8,13.0,16.0
8wul,-0.17990117487194077,-0.09536605572969492,0.6666666666666666,0.5333333333333333,0.6234920588615717,-0.05440693368660995,-0.004598004898717029,0.041998759487625784,0.6153846153846154,0.8936587561901087,0.07356002972657508,0.022627569678793393,0.7894736842105263,0.8254301585151063,0.9,1.0,12.0,15.0
8ye4,-0.4677067150805404,-0.15426000210209012,0.9166666666666666,0.9230769230769231,1.3215223976992316,-0.12991187200770946,-0.21152023637559525,-0.05539547427049303,0.875,0.7508402045715481,0.17967686153349274,-0.00030464517085382163,0.5833333333333334,0.7613904197535769,0.7711370262390671,0.9285714285714286,23.0,13.0
9aud,0.3054831444163435,0.2197337458074985,0.9166666666666666,0.6190476190476191,1.096968552116952,0.1930259601847,-0.08442126783015762,-0.017778782416873543,0.5714285714285714,0.843992641162319,-0.11500209304236832,-0.014034914717307164,0.6923076923076923,0.8162546224760845,0.7384615384615385,0.8461538461538461,24.0,21.0
9d95,0.17517914111573082,0.022835425800020903,0.8666666666666667,0.8636363636363636,0.5999417568157444,0.09177269587584122,0.0034542365853806084,-0.004391105132247132,0.8333333333333334,0.7617821782178217,0.21283443892672857,0.04636209429216042,0.8148148148148148,0.7764467933683389,0.7659380692167578,0.9444444444444444,29.0,22.0
9gv6,-0.4484650059787886,-0.16321469476410383,0.75,0.7368421052631579,0.5549151040416765,-0.10176616370677709,-0.14500211964486598,-0.020743525726686477,0.6470588235294118,0.870478626233102,0.1384066865387338,0.023271465396508432,0.8421052631578947,0.8131386448608039,0.7912087912087912,0.9230769230769231,24.0,19.0
9gv7,0.4947398876048652,0.501333038050584,0.6666666666666666,0.5,1.5038366040584368,0.2904940581311276,-0.06666707705313786,0.005559624259507548,0.375,0.8849561830574489,-0.2936321519854934,-0.059478337957472045,0.6388888888888888,0.8080769575558837,0.75,1.0,12.0,18.0
9hlj,-0.09316770186335405,-0.093490326320588,0.6363636363636364,0.7894736842105263,1.1068437626428753,-0.09306075386810207,-0.13684210526315788,-0.01365224126384933,0.8666666666666667,0.818668532936751,-0.22762110744852215,-0.0666263900244751,0.6571428571428571,0.7728454812668464,0.6875,0.8181818181818182,22.0,19.0
9iky,0.21884599572482327,0.1864130423314646,0.4,0.5833333333333334,0.6847749078155224,0.11272028913406613,-0.13373921960961418,-0.00600223752461684,0.5,0.8703754578754579,0.02320333584919351,0.013351290673625026,0.68,0.793520142963223,0.8333333333333334,1.0,10.0,12.0
9j4t,0.003513397867139683,-0.11305359613418065,0.7,0.8333333333333334,1.2308969381493498,-0.1168107114221663,0.21292015253924704,0.0506953454751132,0.6666666666666666,0.8170864090316977,-0.12727272727272726,-0.03413775458380861,0.7777777777777778,0.7966763707740043,0.8317972350230415,1.0,19.0,12.0
9j4u,0.32694313434727185,0.27850594889572794,0.9230769230769231,0.9130434782608695,1.0774996281444411,0.16381323074070842,-0.19530069408763276,-0.05157979709937372,0.7222222222222222,0.8243313363837916,-0.17387959544574108,-0.01789369511934409,0.48,0.7860746745196237,0.7316017316017316,0.9285714285714286,26.0,23.0
9k2i,-0.013490105470241553,-0.059543762287070534,0.6153846153846154,0.8260869565217391,0.223851674698642,-0.03790426829586261,-0.3684725951300264,-0.0745139867198161,0.7391304347826086,0.8794421003281764,-0.13083128175559064,-0.041251676792031795,0.6896551724137931,0.80633677236694,0.777363184079602,0.9166666666666666,25.0,23.0
9k2r,0.19142923371545778,0.07781947314896802,0.6666666666666666,0.6666666666666666,1.0516906257464405,0.10297491139822798,-0.26539052856006645,-0.04080235860311539,0.7272727272727273,0.8463996423311592,-0.023403617254322173,-0.0016407652541783333,0.9230769230769231,0.7731787605553169,0.7741935483870968,0.9166666666666666,24.0,27.0
9nds,-0.012686402325213848,-0.007226692257820105,0.6,0.9047619047619048,0.39811523324796594,0.006860644623298851,0.4312706013645291,0.052264702416046444,0.75,0.8368147772373249,0.13965619540941024,0.05048844878660518,0.7,0.8158352613641818,0.7352941176470589,0.9411764705882353,30.0,21.0
9nig,0.33851094919064373,0.14049211118569874,0.7777777777777778,0.75,0.7993723227379079,0.12935926214169186,0.2513795448739935,0.03751339133925814,0.8,0.771245889660212,0.253333889271285,0.0484649722764368,0.75,0.7958572955724614,0.7941176470588235,1.0,18.0,12.0
9nmu,0.2504701192548166,0.06243039922782351,0.7,0.75,1.210773223990503,0.05674819049648145,0.3685596349395199,0.03767072260237409,0.75,0.749678051511758,-0.291609676045431,-0.050572419308850224,0.7272727272727273,0.8074882758221398,0.6410256410256411,0.9166666666666666,20.0,20.0
9nmv,0.24343406788298041,0.09828630170106759,0.8181818181818182,0.8947368421052632,1.2338108874443492,0.057300746695528405,0.30443378790934206,0.03183209681856506,0.8,0.7423084957178239,-0.3471855237958553,-0.06767270538558792,0.7619047619047619,0.8020640944597294,0.6648351648351648,0.9230769230769231,22.0,19.0
9nmw,0.05636589930932032,-0.01732253378695539,0.6666666666666666,0.8947368421052632,1.198300302766845,0.025151245080267337,0.3322621432970461,0.03598240496326747,0.8571428571428571,0.7400256632150636,-0.2668396022561166,-0.05150683397593141,0.6666666666666666,0.7983306535030672,0.6897001303780965,0.9230769230769231,23.0,19.0
9nmx,0.3027393512419432,0.10484164140076999,0.7272727272727273,0.8095238095238095,1.2345409887795844,0.08745514771814575,0.3727760668277658,0.04273260997167926,0.8,0.7562329055333473,-0.3345524182538509,-0.06688412272150089,0.6956521739130435,0.8194886780471866,0.6648351648351648,0.9230769230769231,22.0,21.0
9nmy,0.09443760322877352,-0.019523475261293916,0.75,0.8095238095238095,1.17428765763959,0.0323326663333395,0.33671208271620295,0.0353971973942346,0.8125,0.7516517357222844,-0.2902129620776465,-0.059495080702294645,0.6666666666666666,0.8196976822709403,0.6897001303780965,0.9230769230769231,23.0,21.0
9pbg,0.015693166145388505,0.010116657578620555,0.9166666666666666,0.8,0.5736868581673886,0.04508816847424468,-0.13077638454490423,-0.07296582376353511,0.8421052631578947,0.8209227102485531,-0.2940759870630996,-0.04775458486526136,0.6764705882352942,0.8347416386038193,0.7346938775510204,0.9285714285714286,24.0,25.0
9pbh,0.018806363221386554,0.007893386865233915,0.9166666666666666,0.8,0.8493826493141844,0.04244871253740941,0.10594618354479603,0.0035007922654236127,0.8333333333333334,0.8385086823289073,-0.28798070053755476,-0.04656278086026027,0.6923076923076923,0.8226446594574084,0.7384615384615385,0.9333333333333333,24.0,25.0
9ru5,0.46832646606802375,0.35117480745219054,0.9090909090909091,0.8095238095238095,0.8275548348014545,0.21370775852758697,0.34106383941910423,0.06952585240419781,0.7777777777777778,0.848543552534254,0.15427633482197037,0.030585009378142864,0.68,0.8020771829435402,0.7202380952380952,0.9166666666666666,22.0,21.0
9rup,-0.09040843280555907,-0.18380827762947238,0.5714285714285714,1.0,0.48552004473055843,-0.034016552746006914,0.16827730273693953,0.04171986590172669,0.8,0.7787668258792878,-0.18560517768601795,-0.03276176556371745,0.7368421052631579,0.7811000369139903,0.7777777777777778,1.0,14.0,8.0
9rxm,-0.28244744585365356,-0.2664083132200902,0.6,0.625,0.8718203902108772,-0.17130654260419048,-0.11289561491113329,-0.05003368835571172,0.7058823529411765,0.8551804969526489,0.00586130360685725,0.034713635473320806,0.78125,0.8031511461238459,0.8414918414918415,1.0,19.0,24.0
9wbd,-0.013581969351483009,-0.044200885157989256,0.8,0.7647058823529411,0.7045057811187244,-0.05362770245437845,-0.17193569509594991,-0.017499243393887254,0.9090909090909091,0.8484472049689441,-0.22715810743575887,-0.05734748200397324,0.6666666666666666,0.7941883667780528,0.7383669885864794,0.9411764705882353,29.0,17.0
