pdb.id,c_local,e_tight_minus_loose,frac_close_favourable,frac_cb_close_engaged,sidechain_toward,margin_energy_slope,ca_energy_coupling_tp,ca_energy_slope_tp,frac_ca_close_engaged_tp,ca_cb_agreement_tp,ca_energy_coupling_tm,ca_energy_slope_tm,frac_ca_close_engaged_tm,ca_cb_agreement_tm,degree_evenness_tp,frac_well_coordinated_tp,n_contacts,n_cb_close
0024ef6dbd81bf0a53d98834f654929027158ef7ab6b7daa9c879eaff346b5da_QAKWRLQTL_HLA-B*08:01,0.04897357195517244,0.1558738549256136,0.5,0.8571428571428571,0.7931408483030757,0.04426356511085749,-0.33143730515116704,-0.05627710294259278,0.8125,0.8214821453842162,0.18935679936868635,0.03295306487752892,0.7586206896551724,0.765583760197306,0.8039513677811551,0.9285714285714286,23.0,21.0
004d620a709e403c3ee05ce4c7a91e8f93e177792fe84220681913969f01ec2c_RPIIRPATL_HLA-B*08:01,-0.16410708030021404,-0.21287705706274063,0.7,0.9166666666666666,0.78096061967903,-0.05713767280905189,-0.7093444414578705,-0.09659654635326946,0.7272727272727273,0.794863031705137,0.08141360776370711,0.014981059685103736,0.75,0.7873306772908367,0.733739837398374,0.9166666666666666,19.0,12.0
00c69b9588e446e85d747ab8e2248c64efae77c96e9be39b581533b38e872a40_FLRGRAYGL_HLA-B*08:01,-0.30817025581647384,-0.296745551580614,0.5555555555555556,0.8125,0.9573425872125747,-0.08533863968682164,0.1575654742855895,0.025291529116296032,0.7692307692307693,0.8896527410541158,0.12555198067159376,0.03511761732811003,0.7307692307692307,0.7676547784764556,0.7363636363636363,0.9,18.0,16.0
00ebe2c653fbfca28c4eba33996bfa6cc557ee4b4eccc8b85a82c60ceeea58b8_QAKWRLQTL_HLA-B*08:01,-0.1885127228520078,-0.08639507622079728,0.375,0.9230769230769231,0.9114826220861041,-0.047171859616287476,0.05449195894940851,-0.012111001005628856,0.9,0.876602564102564,-0.05293103231518638,-0.008740526628232352,0.4117647058823529,0.7999715253851192,0.7901234567901234,0.8888888888888888,16.0,13.0
00f833f02353c815086fbec4a9f6d00742db5cb80d9bfe7724cff2269946e712_TPRVTGGGAM_HLA-B*07:02,0.08108947731959831,0.2496918483615787,0.5454545454545454,0.7619047619047619,-0.10137507259743654,0.08074527406325853,0.10490596716171807,0.024981972402083427,0.72,0.8169789312531893,-0.13592629771125517,-0.02941873725920515,0.6666666666666666,0.8067852856879274,0.8402777777777778,0.625,22.0,21.0
013f475b1b98c900ab384f0159177a9d62440417209c2f6806e7e2ea45f87ac2_SLYNTVATL_HLA-A*02:01,0.06662319951708222,0.0192036694588176,0.5,0.7222222222222222,0.8731401180644488,0.03409197095362281,-0.06378148666094872,-0.022788067143230544,0.6875,0.810989010989011,-0.27840840312700676,-0.07286745743387035,0.7142857142857143,0.8124253107430878,0.7912087912087912,0.9285714285714286,24.0,18.0
01cc6aa8925c1d4b18ae3294ab6ff357b3949210c655d987ae1c5af1afcddc1e_RAKFKQLL_HLA-B*08:01,-0.024793482509275887,0.08660812088962563,0.5714285714285714,0.7777777777777778,1.1434621757428924,-0.0018407319361275617,-0.36088291207946016,-0.04132188783004319,0.8,0.8691026827012027,-0.0024200868305085995,-0.005612178054254293,0.47368421052631576,0.8205797064421764,0.6525096525096525,0.8571428571428571,13.0,9.0
01eea32f1e9503a82b792ff80fcdbd9250a99c0ef223c93b024fea929e83c06a_RAKFKQLL_HLA-B*08:01,0.05504818825631803,-0.026022922902732254,0.8,0.8,1.26616758238804,0.06098648097955489,-0.30382181012509996,-0.013909564438763667,0.6666666666666666,0.5451559934318555,-0.2558459541807246,-0.04257675562820367,0.7222222222222222,0.7408163265306121,0.8928571428571429,1.0,10.0,5.0
0220f6682b72972d9be3adb6846b0cae45d911be1fc03dbef1653bd41b365437_TPRVTGGGAM_HLA-B*07:02,-0.2014782242090571,-0.09631673074018607,0.6363636363636364,0.5,0.25218537031781757,-0.009042127866899037,0.24290895763796178,0.01736447624858447,0.7083333333333334,0.8907914463820721,-0.16806265706578935,-0.03570983405218638,0.75,0.841761217697196,0.8148148148148148,0.7777777777777778,22.0,32.0
02760cc2c848122936c7c52c6121692ba2682d55f05d961afcd04d9895f9393f_AVFDRKSDAK_HLA-A*11:01,-0.04104669601344004,-0.029504779907390033,0.46153846153846156,0.6666666666666666,1.1591934002234576,-0.024396394822387292,-0.22694691037700024,-0.033576672784500716,0.5238095238095238,0.8156402604449268,-0.19746842900303943,-0.030580814810758188,0.8888888888888888,0.8372875582977171,0.728448275862069,0.9375,26.0,27.0
02c3247daa7ff4311e08258c5e88a3203d1696b6f122a6ed5c489a36c1c3cf8f_PTDNYITTY_HLA-A*01:01,-0.059798533458950164,-0.015998987542468632,0.7272727272727273,0.7777777777777778,0.9641010035188875,0.05709084056857267,0.37764073847445695,0.12463459637256176,0.6875,0.7826769807782468,-0.08391791852572862,-0.02253749758988789,0.9285714285714286,0.8004814580699539,0.7325581395348837,0.9285714285714286,21.0,18.0
03055dd60383e44396c8de70fe87f6f0a850cd5d039e487e28cca0631f8637f0_AVFDRKSDAK_HLA-A*11:01,0.0993345107668861,0.20472736784701848,0.6666666666666666,0.7,1.1849280701610583,0.07545523220380079,0.10937981985479737,0.03582367657129579,0.8333333333333334,0.8384063562834034,0.07559064608446892,0.001984995494303583,0.6666666666666666,0.760806507642427,0.697346600331675,0.8888888888888888,29.0,30.0
0354c214dfa02a173dbd8799e1827890160d77a631cf887b613ce21233fa1c5e_GLCTLVAML_HLA-A*02:01,0.26779665290891413,0.07751370778155942,0.45454545454545453,0.8695652173913043,0.6474759694082519,0.07867049748038892,0.1005649878012378,0.03977338636577011,0.7083333333333334,0.7966027557046,-0.17518102168061359,-0.03517478403968353,0.7272727272727273,0.8234493665439208,0.7159763313609467,0.8461538461538461,22.0,23.0
0442babeac762f4c9f83c2a78b2a711e961d5c5d40edf8957364ad300831a575_ATDALMTGF_HLA-A*01:01,-0.38421052631578945,-0.20180911252825384,0.4,0.7058823529411765,0.5855115188582612,-0.17436718226607653,-0.09313725490196079,-0.03955686367752116,0.6666666666666666,0.8462019914651494,-0.10395774733956037,-0.02680340540862493,0.8076923076923077,0.7966911194705792,0.67984934086629,0.7777777777777778,19.0,17.0
059a2b6524795ebb1f22e44b44869974ac853016ac5fdfbc0f22ad84e8c06b3e_GLCTLVAML_HLA-A*02:01,0.13012411600925905,0.25711458677878135,0.5,0.9230769230769231,0.9699785378631776,0.1242159823318163,-0.16397142942207213,-0.048110969891690156,0.6666666666666666,0.8338490389123302,0.10993572025306325,0.013568671649545307,0.75,0.7855861095720158,0.7575757575757576,0.9166666666666666,20.0,13.0
0615799a3b4acb21a1cfb9435e20efc0e40486192549261b82be9d6c9e47b5af_LLWNGPMAV_HLA-A*02:01,0.14241890326747594,0.07596462552398266,0.7777777777777778,0.6153846153846154,0.6120108121490125,-0.004770676795087741,0.12969817988036736,0.03880377630525557,0.625,0.789890025081999,0.02372274003270133,-0.009714466944723249,0.8387096774193549,0.7578399257148015,0.7100737100737101,0.9090909090909091,17.0,13.0
06685c7ba1e8d0fc4c25a2d788055c24d55a627421e6e217acf9520bf0621ca2_QAKWRLQTL_HLA-B*08:01,-0.32421274325730903,-0.0985217527804287,0.5555555555555556,1.0,1.0973765927395351,-0.08552956167603733,-0.21268998662713065,-0.02784550138098648,0.7777777777777778,0.7974461597103105,-0.04905249517365395,0.00220081448439574,0.7368421052631579,0.7967166561681192,0.8526315789473684,1.0,18.0,10.0
0727695624f4ce613fa68e867c172e1275d6bbb2df637482c5db0f6df927d3f2_CLGGLLTMV_HLA-A*02:01,0.1488581382717853,0.04444140783930213,0.5,0.8571428571428571,0.1928115064544846,0.04377418546271075,-0.4458386715580885,-0.03874783165422532,0.75,0.7941503146982597,-0.03962631325381585,-0.013258479817092881,0.7777777777777778,0.8094890155653386,0.6464646464646465,0.8888888888888888,16.0,14.0
0753199b25958ec75b1c13e0dda0b4deda0f9ed1a6c79fe5bf93c144f595ef44_LLWNGPMAV_HLA-A*02:01,-0.1272727272727273,0.06925358253522612,0.6666666666666666,0.7272727272727273,1.2987381849342399,-0.039382536282909004,-0.4666666666666666,-0.08785882207908578,0.75,0.7625717566016075,-0.15249043607486618,-0.05774147567211751,0.8947368421052632,0.8172346332434978,0.8231292517006803,1.0,11.0,11.0
085423a54b3b1b54395a2eb82fe000397548be3551635c92f907aaee99c5f82e_IVTDFSVIK_HLA-A*11:01,0.13816690274499044,0.020775085387886555,0.6923076923076923,0.8636363636363636,0.7196899876513042,0.06078214442159119,0.24047712437991386,0.022767504455660264,0.8,0.8810072267389341,-0.29632336307003376,-0.07832749910147498,0.8260869565217391,0.8121135521603905,0.8284313725490197,0.9166666666666666,26.0,22.0
0911dd339c873e4ea9b190b3a0aaa381d28616df086017cd29af54d5213b55e5_ELAGIGILTV_HLA-A*02:01,-0.1488581382717853,-0.1584402157932539,0.75,0.7,1.5419521593033214,-0.07897908222096052,-0.28887321882445455,-0.12795764887324276,0.6666666666666666,0.8694939132319475,0.025987348644472674,0.01611880119917254,0.6842105263157895,0.7632722292456807,0.7272727272727273,0.9090909090909091,16.0,20.0
092f571411fa42857411e269e61264cbdc9df01dd72aab66666b98299df5ab91_TPRVTGGGAM_HLA-B*07:02,-0.004917048418588725,0.043585021975423105,0.5555555555555556,0.7,0.4238160286005117,0.011432242302871536,0.12389434435226751,0.01921709386095577,0.7222222222222222,0.9170506912442398,0.27205809452967505,0.0804107726880169,0.7,0.7398353035752935,0.7706666666666667,0.6,17.0,20.0
09f658b84060a2797d74839f1822ac54f975838800375146a3dd057a304d1483_TPRVTGGGAM_HLA-B*07:02,0.21699362198514974,0.10030126557968864,0.6666666666666666,0.6818181818181818,0.08713137782609044,0.02496667628228254,-0.01246111965698067,-0.031344458536271415,0.7368421052631579,0.8808510638297873,-0.308069051595774,-0.05152381986292498,0.7619047619047619,0.7958529570887554,0.7053333333333334,0.9,23.0,22.0
0a36d82d0abd6801428ca7798f180dc89de0d6f597f8d46a6d69b5270a488c65_IVTDFSVIK_HLA-A*11:01,0.0072388986265614665,0.07782476034126401,0.5555555555555556,0.6923076923076923,1.3451485942106263,0.03632096182113051,-0.38762069668791604,-0.0679655719700957,0.6666666666666666,0.7857008662978814,-0.16775712102959842,-0.04622523542106264,0.6666666666666666,0.802684205932689,0.7363636363636363,0.9090909090909091,18.0,13.0
0ae2aa0cff9fd47987f65d95c3572e82eac1dd70b4f1ab6430d1bd71c7f764e7_NYNYLYRLF_HLA-A*24:02,0.589631842056791,0.34149261562173666,0.9,0.9285714285714286,1.239881119537231,0.1939264588442764,0.32073863241539297,0.04142703190487675,0.8333333333333334,0.80091158621037,0.1506596908244452,0.0032238537300711056,0.47368421052631576,0.7438007549692858,0.8004434589800443,1.0,19.0,14.0
0af4f09a619ed332b8f3b5a063a13080eb787d3629be518d1236f1e18d612766_SLYNTVATL_HLA-A*02:01,0.10433113590711068,0.14678972045430314,0.5384615384615384,0.85,0.6856301168114902,0.014722643720966346,-0.2493200026808779,-0.058093471177012065,0.875,0.8276777020447906,0.06490450634264691,0.03274754827624597,0.8571428571428571,0.8282653189674062,0.8148631029986962,0.9230769230769231,25.0,20.0
0b4ecde7f5f2822c4ef6e5a74a561fe82877957f609febea110ea5df2e3e6ba9_GILGFVFTL_HLA-A*02:01,-0.096074431431029,0.03984660488726274,0.8888888888888888,0.7272727272727273,0.9388928959086323,-0.04062235923067661,-0.44008287945826186,-0.08531033340811982,0.6666666666666666,0.8592892578718234,0.10716537324211652,0.026746392867322017,0.8823529411764706,0.8142549644758775,0.8571428571428571,1.0,18.0,22.0
0ba466e48c108a63702c3325651d67a54a655afe59c19f5fac1d61022eb925f4_RPIIRPATL_HLA-B*08:01,0.8285714285714287,0.8114216580599309,1.0,0.5555555555555556,1.8190795672139422,0.5497937419436977,-0.14285714285714288,-0.15349149640962276,0.5,0.8153125943823618,0.034163709720929074,-0.015987145650892827,0.75,0.7647160253123186,1.0,1.0,6.0,9.0
0babd3c1cff0a70419884e56447127b6c490701c6570186da7535b2a4837255c_CLGGLLTMV_HLA-A*02:01,0.4040157169610726,0.14077945788570745,0.7142857142857143,0.4,0.7583133216007987,0.0960631855042459,0.1331919946025514,0.008446790488653393,0.4117647058823529,0.8030009510056004,-0.11034483062213399,-0.03886674408781917,0.6388888888888888,0.8332349363827867,0.8376068376068376,1.0,14.0,20.0
0bef639bcc331cadb31411b844d563756875dab44b17f1453ba3bb85fd2ae595_RAKFKQLL_HLA-B*08:01,0.39999999999999997,-0.260128876027252,0.8,0.875,1.530051044739762,-0.003160989195414874,-0.25,0.05866911591434044,0.75,0.844532279314888,0.17553462210605175,0.02825323175396238,0.6842105263157895,0.8094013423292145,0.7714285714285715,1.0,9.0,8.0
0c491c0cc37e618d7ca4fd16ab1a5fd0c9966e878ca4dc3fd77f056358e2111b_RAQAPPPSW_HLA-B*57:01,-0.03833344639700077,-0.03644655256633636,0.6666666666666666,0.8518518518518519,0.6397624458051451,-0.02755687378498669,-0.31835379071160197,-0.02832877996224667,0.9444444444444444,0.8861619103086779,-0.03139547637706735,-0.014277443298441012,0.6666666666666666,0.7959856004006509,0.7416225749559083,0.7857142857142857,29.0,27.0
0cab19fc34b4b33cc010e60a0b9be6780a353febe97db9d451e28b1818956ef0_IVTDFSVIK_HLA-A*11:01,-0.06721028127099496,-0.008654652564472252,0.6666666666666666,0.875,0.28526386704369755,0.000784481124070582,-0.12503089089383623,-0.01682511994771725,0.8181818181818182,0.8633518380353823,-0.2548494024837491,-0.07859584132899897,0.75,0.8189330744369643,0.7633477633477633,0.8181818181818182,23.0,24.0
0cddc92a69e18438dda5b47e9216e803d9de1f5477b0ddfb4f08ec29e54552d0_ATDALMTGF_HLA-A*01:01,0.23928571428571427,0.23079213837878756,0.75,0.6470588235294118,0.5856481164517933,0.08000526039308146,0.36785714285714277,0.055444422175684405,0.7142857142857143,0.7981933152664858,-0.16970434765776507,-0.03312083053808835,0.7058823529411765,0.8344599950619209,0.8241758241758241,0.8571428571428571,15.0,17.0
0e2487da890c87010553807a1ca86d5650e1676bd7451a1f64c913e1b09d167e_RPIIRPATL_HLA-B*08:01,-0.14855584892779697,-0.14000127107028726,0.7142857142857143,0.8333333333333334,0.8241066700738485,-0.05859805991303967,-0.833626497322632,-0.10588481365284785,0.5833333333333334,0.8105332167832168,0.2824574496211296,0.04381335076317794,0.5789473684210527,0.7959373253099208,0.845,1.0,13.0,12.0
0ef78cdd4328506e1015182c03830c11e82d4cfe66f7cb3e891a19ab05a6066b_RAKFKQLL_HLA-B*08:01,0.12525940321733298,0.16450678908535424,1.0,0.7692307692307693,1.0425943819402588,0.06897274471745446,-0.44034740142132517,-0.04093808931860614,0.75,0.8108123904149621,-0.18322571540043445,-0.03808598860454871,0.6363636363636364,0.7739238998278241,0.7363636363636363,0.9090909090909091,18.0,13.0
10759d8762a395122950b4aa37d8416a79cb472ac4b28a015b82c2151c7a1deb_FLYALALLL_HLA-A*02:01,0.126557718942217,-0.02767802428994113,0.7777777777777778,0.5714285714285714,0.8126569333716696,-0.02601222850560231,-0.22650391573879566,-0.02285415761031828,0.5714285714285714,0.7729711602951038,-0.2806849084554621,-0.03551305347748467,0.7307692307692307,0.801081391299862,0.75,0.75,18.0,14.0
107a0f6aa892f824351a4f6ae736c545d5aea3f2e049516ce26e2540b4a14b07_ATDALMTGF_HLA-A*01:01,-0.07012987012987014,-0.04762682194158227,0.6363636363636364,0.75,0.787027813402605,-0.0002231790414427713,-0.03308270676691729,-0.03599568847570498,0.7142857142857143,0.8500405057940897,0.0961527076679022,0.02346275316418354,0.8125,0.7412817490086807,0.747457627118644,0.8,21.0,24.0
118256fc131a09008f927a6db8a22c3cf11214043652e765a358c252b968ebd5_RPIIRPATL_HLA-B*08:01,0.406060606060606,0.15225462014633398,1.0,0.6428571428571429,1.4842990676426904,0.15558408100564175,0.7212121212121211,0.11704062633380431,0.6666666666666666,0.7646659749381436,-0.15890585987818268,-0.03642560304827782,0.6842105263157895,0.712823664692258,0.7936507936507936,1.0,10.0,14.0
11b00280f44c59656c04022dc0e7ad8d35e95d3adb4fc1ffdb0fc0e04bb9b046_PTDNYITTY_HLA-A*01:01,0.10790962174177765,0.14175271910740356,0.5454545454545454,0.6818181818181818,0.7345657246380519,0.016492318025508552,0.3361582457400927,0.03667265750735755,0.7777777777777778,0.8090091850693766,-0.019136070521832478,-0.002812301729808512,0.7619047619047619,0.78764695188462,0.7756410256410257,0.9166666666666666,22.0,22.0
121d6ff2a8e8b94774749b374f92fab82b791f09c4c70a734b404bf9af5f54c1_AVFDRKSDAK_HLA-A*11:01,0.4846930687587045,0.3599205542475642,0.9230769230769231,0.7777777777777778,1.0166863965493353,0.21570852939812712,-0.11311727446822506,-0.009421115951170544,0.6538461538461539,0.8700725135030287,-0.03180069454848075,0.0012577544252814013,0.42857142857142855,0.7806096621547267,0.7544642857142857,0.9375,26.0,27.0
13289f2ad4e43f9530c40c95c4a9cc9bbb4628d38ea80f5f26a938bd6057f251_RAKFKQLL_HLA-B*08:01,-0.04895104895104895,-0.006230500152400759,0.6666666666666666,0.7777777777777778,1.5008560357344922,0.0009444126924449599,-0.4000000000000001,-0.08872766717006618,1.0,0.8652572233967581,0.29127449868641025,0.03140723603840305,0.7307692307692307,0.7914163500370395,0.935064935064935,1.0,12.0,9.0
1399f3b87941ac10a5d4c656fd8a42d35a851e178215de42c8e2227128f945d1_GILGFVFTL_HLA-A*02:01,-0.10354977714283917,-0.0547599025553073,0.6363636363636364,0.7619047619047619,-0.08185668549183814,-0.013705648529461755,0.4270111367696482,0.022495066296441966,0.6923076923076923,0.8233589692215217,-0.03552923938946418,-0.0043081364357272995,0.6551724137931034,0.7832463638310716,0.8018181818181818,0.9,21.0,21.0
13af3c31abe6a201687a7d5e4bdf4ff2eabc17a87a1937058b6006633e1d1df9_ATDALMTGF_HLA-A*01:01,0.04689266285113897,0.051476398408658586,0.45454545454545453,0.7586206896551724,0.23811912340660354,0.049500744025711106,0.23163845504779496,0.07414022977506159,0.8695652173913043,0.8720973782771537,-0.008558765492306199,-0.0008784693103868731,0.9,0.8119288205311634,0.7682539682539683,0.7777777777777778,22.0,29.0
13e97e8631321247ed45ab45260dfdb8d214e00f3607b736be403767cede45d6_RPIIRPATL_HLA-B*08:01,0.12442900191504755,-0.13072899589201664,0.4166666666666667,0.9,0.40888137150189996,0.08332636764628745,-0.35457914881385927,-0.09373468725166777,0.782608695652174,0.7445826667102011,-0.153286614367143,-0.033865201145961595,0.7894736842105263,0.8081459598296101,0.7912087912087912,0.9230769230769231,24.0,20.0
149dc888e33496c3cc0ba2311a6beee119aefa2ea1812d68160ad6f91e162e61_QAKWRLQTL_HLA-B*08:01,-0.31392854902861644,-0.24488005160751355,0.375,0.6470588235294118,0.8097957097006427,-0.14867071235579943,0.048343952337624056,0.030078365437196494,0.7777777777777778,0.8362384302110327,-0.011635545173425759,-0.02487754341297819,0.6551724137931034,0.7587803964863438,0.9142857142857143,1.0,16.0,17.0
14a10fb226706b77f9677da62f140fd08ec7a7af65f74a9e40f66339c4bbb0a1_IVTDFSVIK_HLA-A*11:01,0.038183694530443756,0.0699982227595073,0.6666666666666666,0.6842105263157895,0.9659491800110069,0.015656157955010117,-0.13106295149638802,-0.044202335320301565,0.7692307692307693,0.8366508049002734,-0.009289981073194526,0.009386594063546186,0.7096774193548387,0.802786770852083,0.782608695652174,0.8888888888888888,18.0,19.0
14e963a3778c2f57ac957742d6a586037156351651b4ff71dd32f92571bb09c3_GLCTLVAML_HLA-A*02:01,-0.08700566360331811,0.0009833164166895003,0.5454545454545454,0.6521739130434783,0.9051296065164756,0.03861078677548093,-0.28418083631473384,-0.07135260720741483,0.6428571428571429,0.8082667042372585,-0.33750063657800444,-0.05060207921434822,0.75,0.8345273479971865,0.7202380952380952,0.8333333333333334,22.0,23.0
1574ac82be6edf3f516c022ea37071af56ddf3266e72b6e781d74544c794be6e_ELAGIGILTV_HLA-A*02:01,-0.4848489056652762,-0.16486847945839334,0.7,0.5789473684210527,0.522965121770469,-0.11259771580985617,-0.35046143724718337,-0.05535890257912759,0.5714285714285714,0.8508457834300531,-0.0908282484918537,-0.00854595265397244,0.6,0.8035713781908537,0.7632135306553911,0.9090909090909091,19.0,19.0
17774b086f5697f49f82843178c42a8ab8537131e2be91598cba77ffe6698328_FLRGRAYGL_HLA-B*08:01,0.21518107116515495,0.07411025901116917,0.625,0.6086956521739131,-0.0547469958220404,0.016322687763349986,0.2593963597607347,0.02310781119487296,0.631578947368421,0.8882559774964839,-0.27717075496520976,-0.05895824065650089,0.6857142857142857,0.8088026364877617,0.7485380116959064,0.8888888888888888,16.0,23.0
17e213d0d9e249e03ac37909266e29daef6f8227cd520b801f8507a2a65711ba_LLYDANYFL_HLA-A*02:01,-0.21487605338517016,-0.23348512795953086,0.5833333333333334,0.8235294117647058,0.8669235294733646,-0.07939426551297332,0.13293798280807093,0.02820768733275464,0.75,0.7504252335054159,-0.255953485722038,-0.017375770180551996,0.6857142857142857,0.7912394394485543,0.7912087912087912,1.0,24.0,17.0
1880d7b99f699ef81af43a969c782844cc2567cc38e0d374fc5e220f3f183467_TTDPSFLGRY_HLA-A*01:01,-0.3057361934890059,-0.06376551189318018,0.7272727272727273,0.6818181818181818,0.8312419657606074,-0.120567719073315,-0.06473470441749479,-0.006400820015087369,0.6842105263157895,0.7932382255227672,-0.06221951591627232,0.0010847906420647522,0.6,0.782319988248491,0.6470588235294118,0.9090909090909091,22.0,22.0
18fa32da8e0739201d10f05b4fa4b09525999b576465c6d0e513b1813280a5f0_CLGGLLTMV_HLA-A*02:01,-0.13529622161049043,-0.10695485676446098,0.5454545454545454,0.8421052631578947,0.8643152415769388,-0.09297220543194921,0.08295663687305335,-0.002206865533389514,0.8,0.8307127464282864,0.1143349207685914,0.040004410027757197,0.8666666666666667,0.8107563489142436,0.7586206896551724,0.8181818181818182,22.0,19.0
1952538f737b4103521b02f3160b7dafbe990bd592fad1cb240126db03920f90_IVTDFSVIK_HLA-A*11:01,0.07330925086391384,0.06735244438625347,0.7777777777777778,0.7142857142857143,0.27802675359064316,-0.006165105356029106,-0.10325246600551242,-0.01710536464153703,0.7647058823529411,0.8356788498531944,-0.18632622298175117,-0.04405022918473573,0.65,0.8511392239088342,0.8181818181818182,1.0,18.0,21.0
19f90d556ff1657daf537c9a6ec2bbf03eb5ad07eaa55a8143ae02f9b1e77dfb_NYNYLYRLF_HLA-A*24:02,-0.2961681902305515,-0.2661361753511743,0.5833333333333334,0.7777777777777778,0.49705371039522744,-0.05481228488222418,-0.07604813494236054,0.0038840808575566527,0.8125,0.8540420605826743,-0.31043587778577997,-0.0934066766538891,0.6551724137931034,0.780584482673795,0.6670870113493065,0.7692307692307693,23.0,18.0
1a67383a1fa07a4e2ae6d1d7f6ac8d6f3911d3e1224fd5dd25fd66eecc0d1c05_CLGGLLTMV_HLA-A*02:01,-0.13443668877899867,0.09957862780744811,0.8888888888888888,0.6363636363636364,0.9067288625649934,0.04238181931625399,-0.15511925628346002,-0.03157789361581557,0.625,0.8142176517760272,0.07066922701847463,0.012428730171759545,0.7407407407407407,0.8048413550124527,0.782608695652174,0.8888888888888888,18.0,22.0
1be6d528b381ab23f28869dacea8d6f906196f0ddfe2b324f669bf1e01f97050_IVTDFSVIK_HLA-A*11:01,0.42029188186972893,0.3982406609346526,0.8888888888888888,0.6,0.4679424877788323,0.10173143003113794,0.1790898905504017,0.028293344930386644,0.65,0.8220214735283227,0.18064767172685578,0.03257495471688695,0.6875,0.8025689051317193,0.782608695652174,0.8888888888888888,18.0,20.0
1bf402d7cc45e42a99f6e2b4bfadb39aa816e95ff3761cffcb2999d4953c031f_TTDPSFLGRY_HLA-A*01:01,0.07112202440416784,0.10160611060916622,0.6666666666666666,0.5769230769230769,0.7963263517440895,0.1313827634556566,-0.3384427368198332,-0.02401057545303786,0.5,0.836937059142702,-0.2127577863264062,-0.06409549480022726,0.7142857142857143,0.8016134840852404,0.7506493506493507,0.9090909090909091,17.0,26.0
1c356dd60a84416cafd5e993002ae1bc1a33e43502977f78015a45aabecbcca5_TTDPSFLGRY_HLA-A*01:01,0.3438307117983564,0.0524191654506779,0.6666666666666666,0.5555555555555556,0.9688341926610752,0.1304420388484811,0.1103753058197363,0.03908748399961177,0.42857142857142855,0.8172058134083451,-0.04155320750245088,0.03766238858422672,0.8,0.8117219574753767,0.8307692307692308,1.0,18.0,18.0
1d324d6560d3b4e8b8129b0237054bd24f47d9babb00f69cdc8c42aa7a2c5b25_ELAGIGILTV_HLA-A*02:01,0.04995056845059473,0.24824603499763065,0.75,0.8260869565217391,1.1375901389549228,0.24590745527324184,0.17754707003726247,0.09311660709959164,0.875,0.832847990681421,0.09074125438863498,0.012061266620393911,0.6060606060606061,0.8040020024350906,0.687012987012987,0.9285714285714286,23.0,23.0
1dcbb96498711e93d65b5876feddf6ed585f880ba8ae82576323d898c221e0fc_YVLDHLIVV_HLA-A*02:01,-0.11967495495410677,0.02567593442601207,0.36363636363636365,0.7222222222222222,1.1069368430586872,0.02130964229090434,-0.026016294555240602,-0.019097658855750908,0.8888888888888888,0.8514767932489451,0.2135804675827806,0.048519028255406896,0.6666666666666666,0.7756993006993007,0.9168399168399168,1.0,21.0,18.0
1e1439fe9bdbfa90f972dcca0b46484f1bcba4bb3fc4763ce7f9143eb4012b0c_FLRGRAYGL_HLA-B*08:01,-0.5507824838698261,-0.15987554242066557,1.0,0.4,1.6134371606732483,-0.09794750702087651,-0.1449427589131121,0.004866963713024345,0.25,0.9036113719798514,-0.17634163336572503,-0.03877244714261708,0.6896551724137931,0.7795793840291344,0.9,1.0,6.0,10.0
1e22508db4b7dbf8828e0cf9883257c78706af1e4ecf4ee7d06e905bce29f5d3_GILGFVFTL_HLA-A*02:01,-0.05369691563794371,-0.004033813456081947,0.7058823529411765,0.7878787878787878,-0.12874740268733212,-0.012162881434018112,-0.12495420416383661,-0.009985782404636085,0.8125,0.888388969521045,0.06249316117753557,0.0018100523425237515,0.6451612903225806,0.7713797801574531,0.75,0.6666666666666666,33.0,33.0
1e6a4ac33a6d1f240b8e9301e6a78406f6436a58d6840cff2dcd60a5c7c0dcb0_FLYALALLL_HLA-A*02:01,0.10601302391103293,0.04221443108005771,0.6666666666666666,0.6666666666666666,0.9487618696675121,0.02355224210431545,-0.48391721488092754,-0.05019449499683443,0.5,0.8414962010520165,0.18301260361179786,0.029944526895250182,0.5454545454545454,0.8000161237186868,0.7346938775510204,0.8571428571428571,12.0,12.0
1ec526836a3ffc5753f487784544b219d867a2bfe50e626e66efb66e5d9bcd43_PTDNYITTY_HLA-A*01:01,0.14429646117268408,0.14350808310776675,0.5454545454545454,0.7619047619047619,0.5722610376927074,0.05517224197851903,-0.06304845375563224,-0.031170006524284446,0.9166666666666666,0.7840980647327987,-0.21469058551224346,-0.03782131349290249,0.8461538461538461,0.8380473731282999,0.6933962264150944,0.8333333333333334,21.0,21.0
206eba0bd7f821400d6f5f638901984dbadde7ae6b62aebbbf75d237e39edd7c_AVFDRKSDAK_HLA-A*11:01,0.019748939951053177,0.004468059218795617,0.875,0.5217391304347826,1.284391777513743,-0.005885115995573155,-0.25853157754105976,-0.03506817764134915,0.5714285714285714,0.8141291453075173,0.11601334365402645,0.02422455275495184,0.7727272727272727,0.7874111384989103,0.8152173913043478,1.0,15.0,23.0
21092d596dd88df64adbf0a13937d113a7b0b7db6a96abae93dc3c7fca885a75_FLYALALLL_HLA-A*02:01,0.10000000000000002,0.06724454058652476,1.0,0.7,1.5909507086136692,0.011004568775960873,0.24848484848484845,0.04494553952143434,0.6666666666666666,0.837614455878778,-0.10412238006495551,-0.0051277053543350975,0.7916666666666666,0.823101778592381,0.8962962962962963,1.0,11.0,10.0
21a23a016d5a4bc1198b2f6fe25db3749dc90b69b509f840899aed50aa8412ff_RAKFKQLL_HLA-B*08:01,-0.09815958309279238,-0.015039362003981233,0.7777777777777778,0.8125,0.9428579482140386,-0.0013597839059560897,0.011042953097939142,0.016733253266913297,0.8461538461538461,0.860708041958042,-0.10177958519374034,-0.024268650699326336,0.696969696969697,0.8114508525805262,0.7961432506887053,1.0,17.0,16.0
228af78b818fb01f16f8787d185ab0424c0d5d81a7beec7239d0e5d86dc1f05c_GLCTLVAML_HLA-A*02:01,-0.35015360983842464,-0.08935545548069189,0.3,0.8421052631578947,0.36681483031354806,-0.11799100719837627,-0.4045634439486561,0.010565452896047352,0.8333333333333334,0.8516946427422988,0.23891476496994382,0.039624624225579226,0.6842105263157895,0.8185212969909144,0.7916666666666666,0.75,19.0,19.0
22c19b7111a40c32c5013230e456be69ffa61f2c26f37d86a89c29acf8e57dac_AVFDRKSDAK_HLA-A*11:01,-0.8660254037844387,-0.8403891180142751,0.5,0.6,0.9759549156735563,-1.8182842682633769,0.0,0.2714893705388918,0.75,0.6826651609260306,-0.15872503531213195,-0.018659374515631648,0.7297297297297297,0.7978464497397061,1.0,1.0,3.0,5.0
22fe6b8be36d02c412b1fea6c299ce82ad0ddcfe6b2f9c3c27e41614d314abaa_IVTDFSVIK_HLA-A*11:01,0.17376043796493254,0.15291243345545977,0.7,0.7142857142857143,1.0702661418872297,0.130877659156366,0.2948661977586734,0.0678368816186164,0.7692307692307693,0.8097460535346602,-0.09976040315068163,-0.008076882164413164,0.7222222222222222,0.8170585124904888,0.8414918414918415,1.0,19.0,21.0
235010d6b75b344943898e810d79b539cd3da6ff90c9f7b98ea586a127fed78c_IVTDFSVIK_HLA-A*11:01,-0.07149243247970777,-0.11974310256935156,0.625,0.7777777777777778,0.9626972841630546,-0.04277703143837197,0.3735479597064731,0.05789699100119514,0.6,0.8246348588120741,0.026827266266616485,0.070555278813713,0.9230769230769231,0.7826516062211843,0.8064516129032258,1.0,15.0,18.0
23979b2d89971e71aa917e883ed61ccde30ac0bd2ea9f54316e2acd93be42f33_TTDPSFLGRY_HLA-A*01:01,0.2504476279323036,0.05770104501277018,0.75,0.43478260869565216,1.113946566136497,0.09729476795119252,-0.11453772278198128,-0.02586469312957994,0.5384615384615384,0.8456377020886902,0.07994692127131466,0.02804580214929443,0.59375,0.8240427355169628,0.7758620689655172,1.0,15.0,23.0
23a8e31b53f3c01c44d4b196f926c92dae3fae89ef99c49e735f50766aaf0c79_IVTDFSVIK_HLA-A*11:01,0.18525029088804026,0.18596287152396407,0.5,0.72,1.0437626603361156,0.07950722848387518,-0.23792809872350199,-0.05277882557132438,0.7333333333333333,0.8553999194610421,-0.1011178369633305,-0.024128890077272827,0.8064516129032258,0.7930317585489999,0.6996124031007752,0.9166666666666666,19.0,25.0
23cb581b4f51440e3c5848ee4248e5f477b9910bca2dea3be269a9bd00d2df38_LLAGIGTVPI_HLA-A*02:01,0.0007521625202847346,-0.014277148012200244,0.7,0.56,1.1692796194276984,0.020723019083881387,-0.037170887761984475,-0.011765264149099147,0.6666666666666666,0.843463045912654,0.05656628484691334,0.02398401707986591,0.8125,0.8228900558565836,0.7692307692307693,0.9230769230769231,20.0,25.0
248d1fd64a944c624d14e87c557e850e00967cf91600311682ca5ded865d5da5_GILGFVFTL_HLA-A*02:01,-0.052032589110481205,-0.03523647315926459,0.6363636363636364,0.6666666666666666,-0.25830882582824544,-0.04152718004511459,0.19126527714629482,0.04891765856942247,0.6086956521739131,0.8775240334158935,-0.438886683550188,-0.09426825200996387,0.6190476190476191,0.7852279299647721,0.786096256684492,0.9090909090909091,21.0,21.0
24bcc96e035d30722ef2be12008a0de05202ee3b9b637f1b2200083badbf9aaa_RAKFKQLL_HLA-B*08:01,0.5558100980454104,0.3488536520370057,1.0,0.5384615384615384,0.6848863239614814,0.07616160426120153,0.3872447404414744,0.04523562227619334,0.625,0.8135060129509711,-0.20899572667013394,-0.0756742615594999,0.7647058823529411,0.7678482410743029,0.8768115942028986,1.0,11.0,13.0
254bb31c182e14c560f8a6c2d37498c61a6ec5bc4224966f384321f57ce0ccdb_LLAGIGTVPI_HLA-A*02:01,0.015495876037262744,-0.004232150777414907,0.6666666666666666,0.7619047619047619,0.9231465545436777,0.015126765112271044,0.1146694826757443,0.030185069079625326,0.7857142857142857,0.8400372332625645,-0.10396590880039831,-0.029358534788269778,0.8076923076923077,0.805737677256498,0.84375,1.0,18.0,21.0
25e17fbb5f006ccd8dc9e00c5a5de8c6f860914d42f94dbb144b5ec88aa7324a_TTDPSFLGRY_HLA-A*01:01,0.1955180356447711,0.12904531895189006,0.45454545454545453,0.65,0.9147184978163804,0.05412531844784889,0.15964912280701754,0.02277665167608423,0.8,0.8168331267769919,-0.3434938669195756,-0.04828066860066522,0.7777777777777778,0.8121745290024794,0.7,0.8,21.0,20.0
25ffc9c4de03afd7ab50bf41ae0ffd433efd06a9b2367f5a6bf77c7526e1856c_PTDNYITTY_HLA-A*01:01,0.14754107790128723,0.14201284168963374,0.8181818181818182,0.8235294117647058,0.3830930602511247,0.07869081440048577,-0.19898260314656363,-0.0539541274623271,0.65,0.7538271015487451,0.1086079273236543,0.034905826345134956,0.59375,0.7824142122395674,0.7756410256410257,0.9166666666666666,22.0,17.0
26403465e4c9f2c3e93733d23919a20fc15517bc6b55788df769ae2b11a9d1f9_AVFDRKSDAK_HLA-A*11:01,0.13010377178599267,0.16535415761427696,0.75,0.7142857142857143,0.9596171786491863,0.06542484788953262,-0.21452361868619857,-0.044846903831509737,0.6956521739130435,0.7693629241504396,-0.10879751021895054,-0.027856970800369012,0.782608695652174,0.7998048444495466,0.7091412742382271,0.8421052631578947,32.0,28.0
26557e9714e14ecf407d13fbb20af5ccee53e42af74b9bb61e2cb76b2411c579_RPIIRPATL_HLA-B*08:01,0.11158800380653922,-0.01586821049320468,0.6666666666666666,0.8333333333333334,1.5369278242088142,0.09643553275819,0.23956043956043957,0.07159069461004289,0.7272727272727273,0.7008989952406134,-0.11993707969999819,-0.04345320692882914,0.75,0.7769038133181558,0.7506493506493507,0.9090909090909091,17.0,12.0
266947b42dbdcc84b2a850c563fb3989d5d1cba4fa2c1a81c6d50842166c088d_GILGFVFTL_HLA-A*02:01,0.3988227716953138,0.13957011408189837,0.875,0.5384615384615384,0.305843405170597,0.10081978313745645,0.04415012232789452,0.012973880628030624,0.5185185185185185,0.8274827482748274,0.06043024434648916,0.0064818093053862,0.4838709677419355,0.8013397192333621,0.7485380116959064,0.8888888888888888,16.0,26.0
27b4a4ba1ec8b0ede01f67007178253757f67d94dee64590fadec118740e10b0_ELAGIGILTV_HLA-A*02:01,-0.4652458198626806,-0.27057904126623966,0.5,0.7368421052631579,0.6431856697385011,-0.1398502754382227,-0.39782059257809516,-0.058872893807642886,0.7333333333333333,0.8060618210979075,-0.07733249129016312,-0.029885132499930325,0.6896551724137931,0.8002890675185331,0.6713286713286714,0.8461538461538461,24.0,19.0
27e4ae7734bf8c6537608b3282f04add0ddd3c4db9888d72c089abdf5a8b7545_LLWNGPMAV_HLA-A*02:01,0.31261825681305927,0.1543679613812464,0.7,0.65,0.7842183146759811,0.0721190137954008,0.214689646245113,0.021540425859678428,0.6470588235294118,0.7986804694904133,-0.2183904626163058,-0.032332836226768795,0.8076923076923077,0.8135082304281348,0.7692307692307693,0.9,20.0,20.0
287cca091a114e3acc6bfd560d60b52734b7105a25f84c971615bd19080c9ef5_ELAGIGILTV_HLA-A*02:01,0.11232051373297139,0.017344848012760303,0.8333333333333334,0.7272727272727273,0.9551346583387818,0.006030845099862135,0.09252855320439658,0.005267717636869502,0.7647058823529411,0.907179732028289,-0.28612084022303264,-0.05546939110604075,0.8461538461538461,0.8204556027705222,0.6697674418604651,0.8,24.0,22.0
28a424f9caaab20211f547f44e586f68116fd5c4726c94fe00a13c5fcd3675cd_NYNYLYRLF_HLA-A*24:02,-0.3548195090025909,-0.22681059743355983,0.6666666666666666,0.8461538461538461,0.6640249788965162,-0.14455643459631498,-0.3621860039991845,-0.03415025578092582,0.6875,0.7853854585312388,0.1081547211931088,0.02376724983626484,0.6190476190476191,0.8022542929224427,0.8757575757575757,1.0,17.0,13.0
293e4273cb03a4f7a239500e4f59dd285276c981f36a50f1bb628f4ad6dc18eb_ELAGIGILTV_HLA-A*02:01,-0.223297242597542,-0.018301865359050665,0.8,0.64,1.1408124419011247,-0.031894208474455905,0.13714318836699427,0.01771532048732222,0.7142857142857143,0.8948414839017924,0.1215359119734773,0.011509106829734233,0.6875,0.7914622016523588,0.7292929292929293,0.8888888888888888,19.0,25.0
2969220ee5641448fb6e1a0421abc2ec1c77ed0d3454d68905651e2037a33512_ELAGIGILTV_HLA-A*02:01,-0.0208162217630266,-0.06241055966631655,0.5,0.8095238095238095,0.528389899833832,0.004221845726331041,0.10901126660111297,0.010138934217002196,0.7142857142857143,0.7753928448241741,-0.108078414857125,-0.024449489121820107,0.7714285714285715,0.8099720171006607,0.7354596622889306,0.8461538461538461,28.0,21.0
29a14617dd99852493b4ab0ac0fc2814de8fa6d230cd1b6fc701b41acf1ca614_TPRVTGGGAM_HLA-B*07:02,0.09652257293597098,0.008446255006265058,0.7272727272727273,0.72,-0.15013370049897629,0.02557501306354525,0.2941368346865388,0.06162062470286859,0.72,0.862678834420366,0.32634679668064503,0.05360293690300871,0.8214285714285714,0.7742410059774577,0.7756410256410257,1.0,22.0,25.0
29aa7df8d20bbcfe993dfb3850d6039c122cf3431959e5f9d7efc19609e54b45_TTDPSFLGRY_HLA-A*01:01,0.1171878973663196,0.08614686875491868,0.7272727272727273,0.6190476190476191,0.5469984965109531,0.08844697701131438,-0.572267565472194,-0.05866230344487727,0.5714285714285714,0.8409444985394352,-0.19804307117655515,-0.04450859834148137,0.8571428571428571,0.8008355792230845,0.7538461538461538,0.9230769230769231,21.0,21.0
2a41f630b05b28ac098029bb80f4bd028ab481d2eba4b32d9069abea3cc3067a_RPIIRPATL_HLA-B*08:01,0.13667461427346156,0.08094156687028442,0.8333333333333334,0.6428571428571429,0.6006921754017152,0.04917755225070715,-0.15945371665237182,-0.018115156145123948,0.7777777777777778,0.7535426507363158,-0.03232693044507128,-0.045541200941277386,0.6363636363636364,0.8071001494768312,0.9097744360902256,1.0,11.0,14.0
2a643a7224d83d1683628a9079181e8a922bca0fbd4c9c3cfaaadb6f31ec0249_QAKWRLQTL_HLA-B*08:01,-0.2011303001664743,-0.350565437628008,0.6,1.0,1.2019847970813438,-0.1731760885145712,-0.12128081770337962,-0.07006625190050371,1.0,0.769537208441318,0.22515576528977777,0.049644913390537754,0.8260869565217391,0.7780033350984179,0.8264462809917356,0.9090909090909091,20.0,13.0
2adb2fe3bb128a2b7a266998137e6152e8e5caa66c70180e766aa235d545c4e9_SLYNTVATL_HLA-A*02:01,0.3370956559992956,0.13763108218707137,0.7,0.7368421052631579,0.7213456980361734,0.06046947586842497,0.13167799062472482,-0.0017033746951980301,0.5789473684210527,0.7677027437481017,-0.0981910506356552,-0.040848109816994625,0.6551724137931034,0.8232623610467809,0.7575757575757576,0.9090909090909091,20.0,19.0
2b42a2d59e44344d9ebdda1d9880a5db72acf165bf89a7f1378756477f324bb4_NYNYLYRLF_HLA-A*24:02,0.046859867750901105,0.06713430647549794,0.5454545454545454,0.6470588235294118,1.2563874049479569,0.0050424532763918345,0.34300910954987274,0.06450610224335136,0.7142857142857143,0.7564021421616358,0.05507466640590038,-0.002292492756261716,0.6428571428571429,0.8081444286419177,0.8513513513513513,1.0,21.0,17.0
2ca8ed93ba4382a6459fa2bfb04c18a1bc960a70812e4371c957c1ca346cde10_PTDNYITTY_HLA-A*01:01,0.32684258381362524,0.199855371051596,0.5333333333333333,0.7692307692307693,0.480140753360655,0.11749677094268177,-0.013310331467523199,-0.01941528980422129,0.8947368421052632,0.7996159180625201,0.06295684641416227,0.01184044746224747,0.8064516129032258,0.8113432371470793,0.6921810699588478,0.8666666666666667,29.0,26.0
2d01455d3b298a884aed050ed50a9764705411a09359007f418d52bda78b0c60_IVTDFSVIK_HLA-A*11:01,0.14655552090981683,0.08948889337751487,0.6,0.6,0.8133605660567997,0.050881773974033075,-0.0430013205064732,-0.02554906595685151,0.7368421052631579,0.8622450776654574,-0.16569360007871956,-0.04454426265480799,0.8125,0.8033276618022384,0.7934065934065934,1.0,19.0,25.0
2dfcd3b816cf4e3173f43b58fc3f38eb93300598266bbb115f7ba6cf01536ce9_ATDALMTGF_HLA-A*01:01,-0.17032491200132613,-0.0017840517461114591,1.0,0.6521739130434783,0.16290766441825566,0.0019586278337930187,-0.11589117723801572,-0.00009540059182584517,0.64,0.8643477043673011,-0.0593369320855724,-0.017237478269251084,0.6571428571428571,0.8204415741956013,0.6563636363636364,0.8,19.0,23.0
2e7fc76ef699e2464b9e3da75675d2b9e0cbee245bb688ca3963a627f163dfe3_GILGFVFTL_HLA-A*02:01,0.024396962823418914,-0.0241943342574039,0.7857142857142857,0.7857142857142857,0.2743016098431111,0.008485192423868025,0.20175465885434068,0.036071869917431144,0.75,0.8949430827406494,-0.06898508997261753,-0.034507130131754014,0.6206896551724138,0.7971895134142893,0.8376068376068376,0.9230769230769231,28.0,28.0
2ed4148805b112e305198584bc77c7ceeaa8f809e5ac7f958eb1afebb4713464_LLYDANYFL_HLA-A*02:01,0.10061214690844641,0.0862661766129746,0.7333333333333333,0.7142857142857143,0.7043134657191189,0.08604884488601984,0.07073322353104769,0.005394576904942218,0.8181818181818182,0.7890691037821045,0.16595354716989988,0.02401990363318986,0.7083333333333334,0.7855848050000973,0.6838905775075987,0.7857142857142857,30.0,28.0
2ee6d000c678f2100d3712700bb69cd5440283e116cabe04b059db35d186592b_QAKWRLQTL_HLA-B*08:01,-0.11968354024795964,-0.0570455889693852,0.5833333333333334,0.8571428571428571,1.1322508535016909,-0.056301352508004075,0.15941219911173563,0.017734557808832083,0.8571428571428571,0.8553386911595868,-0.11844691601582052,-0.026023165021233363,0.7142857142857143,0.7782802639617795,0.7711370262390671,0.9285714285714286,23.0,14.0
2f1385eebc481ef11aefebafcf4a0a0f933f8223a4ecc7f0511548aae6e8641b_TPRVTGGGAM_HLA-B*07:02,0.3010879136413986,0.24668146885438352,0.4375,0.8148148148148148,0.5361665311558812,0.07024202167313615,0.21915784666132862,0.038382621111345314,0.8461538461538461,0.892413806243867,-0.010429852735897803,-0.012758059385542544,0.5833333333333334,0.7886424660140805,0.864986498649865,0.6363636363636364,31.0,27.0
30d6752dc8b773de56741122f16af7c21270b5fee48b6896dfe5d0963d82eb31_NYNYLYRLF_HLA-A*24:02,0.14949296886096686,0.09670500092940129,0.75,0.5625,0.8415924535766566,0.023604676099345925,-0.1424283296135571,-0.02952291455825146,0.6666666666666666,0.8277006575514039,-0.29580316333475065,-0.06148680743621777,0.6923076923076923,0.7958124780695197,0.8304552590266876,1.0,23.0,16.0
312e4abaefa3df056fe4f60059fdab91ee80879fe6367b300342382beafa4f35_RAQAPPPSW_HLA-B*57:01,0.09766874295873999,0.10291698381046895,0.7,0.7058823529411765,0.654691733665915,0.06311784441957956,-0.47508133095256055,-0.10124483881864217,0.7058823529411765,0.7841231642601507,-0.04830327624977684,-0.013300850476106624,0.5185185185185185,0.7878578300522395,0.8004434589800443,1.0,19.0,17.0
314ada0d329d0d6f645780049e9623b3c5570ed2da68b9b589e76e32824e75e7_RAKFKQLL_HLA-B*08:01,-0.39642857142857135,-0.12046002757329424,0.625,0.8,1.4298511082421441,-0.08426368596217015,-0.7362637362637363,-0.09497701065470687,0.8,0.781183300606164,0.11006999571858739,0.004647121495193981,0.631578947368421,0.7618261255375269,0.9,1.0,15.0,10.0
31e097174303f4c8b2456a51f2a77cd5f5912c1be9fb505d234ce64897b5ab6d_IVTDFSVIK_HLA-A*11:01,0.2070175438596491,-0.0558127275286992,0.8,0.8125,0.6263307031767493,0.0456693166003192,0.29411764705882354,0.041043957242318636,0.7333333333333333,0.8259615384615383,-0.12726536984738318,-0.04842225092562379,0.8181818181818182,0.8344128978467065,0.6996124031007752,0.9166666666666666,19.0,16.0
329b79aa03f00c2188c0b6bfe7f6fcd39222d1218c971d26e68bbce2a1c6c1e8_LLWNGPMAV_HLA-A*02:01,-0.06328184200331548,0.0904970163446095,0.625,0.5789473684210527,0.883718483115964,-0.03537167555201943,0.14298486495941554,0.02539097004774783,0.7,0.8247809152872444,-0.06628401489729197,-0.0015549858988856895,0.631578947368421,0.8411731170351857,0.7901234567901234,1.0,16.0,19.0
3349e35ca1d13573d6bdff2a461e54750b3f41cd8dbd4b4944ee44dd600f4599_RAQAPPPSW_HLA-B*57:01,0.12180285427265294,0.1281440550969979,0.6,0.7142857142857143,0.28263057034517053,0.0707229991000268,-0.039641248358604594,-0.030997590156316823,0.7857142857142857,0.7998688811188811,-0.20744360175936177,-0.025561559239892104,0.75,0.8197634791594525,0.7397540983606558,0.75,19.0,14.0
335bad6f638ac362e37b7839b6ab5897d53a1647f79d928c27dfa5dad9189ac4_ATDALMTGF_HLA-A*01:01,0.29411764705882354,0.036568745947275695,0.7777777777777778,0.6111111111111112,0.07443767682126443,0.06782581523331944,0.31617647058823534,0.04586516454834377,0.5789473684210527,0.8332786249291275,0.011089485913984948,-0.010859486382283571,0.6923076923076923,0.7967160156663017,0.8233618233618234,1.0,17.0,18.0
344b5d76d69d71d3c8ee94858c2acdcbb93db391a1240452b904889ea54b5dbe_RAQAPPPSW_HLA-B*57:01,-0.39635124266437877,-0.23569996868695908,0.5,0.6923076923076923,0.5604294650750744,-0.12946074825511245,-0.11113016798649543,0.0022869944061985528,0.5714285714285714,0.8730342275670676,0.0826189035265226,-0.013309989373348409,0.6363636363636364,0.8093751608685357,0.7469135802469136,0.8333333333333334,11.0,13.0
346e5a312dcc5e93eb51c38291c023499f2ed2cc48a8653df53bfaccb6046464_LLWNGPMAV_HLA-A*02:01,-0.45884483676161686,-0.1936724311105344,0.5,0.5,0.6353621462420835,-0.0501172471869429,0.03152369107522558,-0.0028205089597317505,0.5454545454545454,0.8631411951348491,-0.3433497791520271,-0.08157407415543949,0.6428571428571429,0.7829521262650099,0.8,1.0,12.0,14.0
34cc62777a94837286007d14adfe7c2c4f0a4fd12c16b4ed089cea51108f9905_IVTDFSVIK_HLA-A*11:01,0.4369703188417435,0.2946434819866386,0.7272727272727273,0.6666666666666666,0.7451480669889413,0.2273972496112609,-0.024307533907108624,0.010024062800831238,0.65,0.8673572668517566,-0.27718062879011063,-0.057990906324356106,0.8529411764705882,0.7843939119106904,0.7202380952380952,0.9285714285714286,22.0,24.0
3512d2af972383e3f251338415288d7ad55b1fa2da5f521c5edcc53c91ed46a9_LLWNGPMAV_HLA-A*02:01,0.2343970723235194,0.16521199798805808,0.8181818181818182,0.782608695652174,0.6759802202022486,0.05600840835398949,-0.30724262744178316,-0.031769559810639725,0.7619047619047619,0.9027027027027026,0.17102282887263545,0.02525251367811275,0.6538461538461539,0.7850194552529182,0.7333333333333333,0.8,22.0,23.0
3521faece2efae65735436d508f67a5813701f58ea2fc20c63f5d5321856c571_RAKFKQLL_HLA-B*08:01,0.07782712525620475,0.16973587163488818,0.6153846153846154,0.9375,0.5571523818136244,0.0274034191903666,-0.22827489204474033,0.013232563107895954,0.7857142857142857,0.8156277436347672,-0.23507998794091486,-0.04896566466460119,0.6285714285714286,0.8139530971221904,0.8503401360544217,1.0,25.0,16.0
352d6b6b82810591fe6d551c0fe4164a5f8f206b9620103d4aee5c2090a12127_ELAGIGILTV_HLA-A*02:01,0.624330158202671,0.6246476018938033,0.875,0.5882352941176471,1.2913878712020428,0.23704662931558768,0.37030470701419166,0.08036435422494907,0.5714285714285714,0.8306844819503048,-0.017601761359483832,-0.012616560361676524,0.8235294117647058,0.7752303971097027,0.8064516129032258,1.0,15.0,17.0
359792c5dab63e185454931de359daa1ecfba81f4d39aa619258a7c6641d95c6_TTDPSFLGRY_HLA-A*01:01,-0.07142857142857144,-0.02640821086198627,0.25,0.625,1.2287118233376229,0.01580384882563732,-0.642857142857143,-0.16313535406804774,0.5,0.7663074305161657,0.1965181785029786,0.034640356583268174,0.5454545454545454,0.8137188598889047,0.7538461538461538,1.0,7.0,8.0
367298cd14ef50671a0a3c6504c5ce087f9e4ba2464942f68e0a48776007494a_FLYALALLL_HLA-A*02:01,-0.33712585032271974,-0.03831311544429965,0.7777777777777778,0.7,1.2798697617985262,-0.02046892853420818,-0.18510897916492894,0.007622670012652402,0.8888888888888888,0.8282560498136704,-0.04817768917109451,-0.006160163866314196,0.5483870967741935,0.7670428306046978,0.8571428571428571,1.0,18.0,20.0
36ad1dec19b2169f1f646c9c5470f6d9793161fde11b5c603b545f0ef819e612_AVFDRKSDAK_HLA-A*11:01,-0.08705119408261797,-0.08919310489506199,0.6666666666666666,0.8333333333333334,1.1973674706258504,-0.04047800995197477,0.02546094045380648,0.020591481712201248,0.7,0.8468406593406592,0.219974098362561,0.04076593182751157,0.7037037037037037,0.8187296389012724,0.8181818181818182,1.0,24.0,12.0
386ce1b39bcd5d34215decfb5a133047f1932914d9a26619be9c14ac22b8917d_GILGFVFTL_HLA-A*02:01,-0.36350267383299817,-0.0746347642432649,0.75,0.7647058823529411,0.6045533303414827,-0.06176999989707144,-0.40470945467236635,-0.03348587965729913,0.5294117647058824,0.8463701117977263,-0.0497303366025508,0.0070653589549925355,0.7619047619047619,0.8094990991324914,0.8,1.0,16.0,17.0
38ac2f3e1711578777118899ecee1e38195b3552dec4a78adff8b593fea4e0bb_TPRVTGGGAM_HLA-B*07:02,-0.4756696671915542,-0.43629686775156884,0.2222222222222222,0.631578947368421,0.5827512395954324,-0.1724975966420149,0.14910888531134212,0.0350320860717115,0.8,0.8464249233912157,0.4232397389086484,0.10105689815936071,0.6363636363636364,0.7684402524779803,0.6568181818181819,0.75,17.0,19.0
39d0bc8b7922898ebd2c89250e7d15415b372c834adacffdd9c7f7a44649a0ba_TTDPSFLGRY_HLA-A*01:01,-0.08015792305416113,-0.04160995654224024,0.8666666666666667,0.8214285714285714,0.6331402896555799,0.0035447138147742894,0.06190658057413675,0.030614139767725857,0.7916666666666666,0.8376025667999156,-0.24503891778375608,-0.03987208105140166,0.5238095238095238,0.8015699166695966,0.6444444444444445,0.8666666666666667,29.0,28.0
3a0a8c3297313e20c8d6d1d80c38b67a54a5bffb3816549b36a34cafec83df7a_TPRVTGGGAM_HLA-B*07:02,0.1744561539921103,0.06719041255314381,0.7272727272727273,0.6551724137931034,0.54469896816686,0.057485909782572016,0.3926896949410422,0.08657014755962994,0.6428571428571429,0.8341629371620665,-0.31932093398800676,-0.06740288983801128,0.8214285714285714,0.7694808899875658,0.7,0.7,21.0,29.0
3a1b14b196277ec93e3f8fc4360c022b6e2ca94f3cd1396249b1dede32d845b8_RPIIRPATL_HLA-B*08:01,0.7372771761601775,0.7098345263412776,0.8571428571428571,0.5454545454545454,1.0397874215509422,0.34546993696994405,0.7425987375524745,0.17401571318733117,0.75,0.8362361192285214,0.12322861242342806,-0.009485265777662817,0.6153846153846154,0.7810031898148792,0.728448275862069,0.875,13.0,11.0
3abfbfecec16b41143c02f19abc0e4351c637c9b1b1d204b9f5afc7138a74261_FLYALALLL_HLA-A*02:01,0.1744726546949044,0.11904039544533876,0.7142857142857143,0.782608695652174,0.8889631994115959,0.03685869401194528,-0.46708041400666045,-0.07420609804124005,0.7,0.8156319161327897,0.11670152792521164,0.009739508637981696,0.6551724137931034,0.803085673450637,0.7029893924783028,0.9411764705882353,27.0,23.0
3adbcf72703028c8dcd13b7c4935c99e330c6d041fe3920fde62346559318e28_SLYNTVATL_HLA-A*02:01,0.09307418908826127,0.09794530381794339,0.5714285714285714,0.7419354838709677,0.4652953012984321,0.040519463446899516,-0.2448481176443051,-0.05172132399503086,0.7037037037037037,0.7973253734483482,-0.3574132347480591,-0.0719915527329005,0.8378378378378378,0.8276526279561061,0.8235294117647058,1.0,28.0,31.0
3b246ea86ed68bec0326664c7f0ad24d5337a736c22683daae9549a4028897ab_LLAGIGTVPI_HLA-A*02:01,-0.530253346170072,-0.4078353869713308,0.42857142857142855,0.7142857142857143,0.8110703561968153,-0.2601847772231658,0.19532343099765895,0.015129317883323978,0.7777777777777778,0.8719319005993053,-0.14923551762020226,-0.03195122013305835,0.6190476190476191,0.7839279048685545,0.875,1.0,14.0,14.0
3b249ebdf319f05be74eb993387853020f631b38822061167fc8354ed2ceaecc_LLWNGPMAV_HLA-A*02:01,-0.38095238095238104,-0.41071936577371326,0.75,1.0,1.3377637611330342,-0.0496946102905846,-0.2142857142857143,-0.09195202949851695,1.0,0.7136752136752137,-0.34272851544012556,-0.06966697731923076,0.7307692307692307,0.8098666057356304,0.7272727272727273,0.75,8.0,4.0
3c66882b4fbd48a81db31dcdcb40319e415be7d311daef9fa628fa071bbd9e6d_LLWNGPMAV_HLA-A*02:01,0.027406527228459505,0.09768234916654236,0.5454545454545454,0.7142857142857143,0.9602844537117404,0.07760328661161814,-0.024724603998547482,-0.019630110059831316,0.5714285714285714,0.8229016237540067,0.010148270732083462,0.009967046567044292,0.6153846153846154,0.7960927156637033,0.7538461538461538,0.9230769230769231,21.0,21.0
3c79cd61325078d4216de6cfc9f413d498b674dd65ce0ea5009ed7141ce11127_TTDPSFLGRY_HLA-A*01:01,0.6000000000000001,0.35682975457801575,0.8333333333333334,0.7777777777777778,1.0033548466761535,0.13227351267294482,0.3939393939393939,0.07368530152558152,0.6,0.697433238268084,-0.0846781259758339,-0.035479124924418466,0.7837837837837838,0.8088215651751561,0.6914285714285714,0.8,11.0,9.0
3d3d80c589bbb93955a18aeca73ab968b0e6efdf9b0ffe389b6ce4afe724df02_FLRGRAYGL_HLA-B*08:01,-0.04244326885876572,-0.017697981465976426,0.6666666666666666,0.65,0.5447017081098351,-0.0367041259228252,0.20496993253745396,0.01882097794957699,0.6470588235294118,0.8683014040657799,-0.0999759903989299,-0.0525769670289253,0.7241379310344828,0.826864151486487,0.8663101604278075,1.0,18.0,20.0
3d96ef7ea9ad38bc3dc508c21a97885ecef206abcd98c56cdab1008677a70e3a_LLWNGPMAV_HLA-A*02:01,-0.19509217139692486,0.000019311784732994886,0.6666666666666666,0.6,0.860877785774506,0.025968982114216062,0.2871167805464177,0.033266330217141954,0.5833333333333334,0.8241758241758241,-0.0743761087954413,-0.014663472175803181,0.6341463414634146,0.8482601148448715,0.8027777777777778,0.875,17.0,15.0
3f1ac0b7e24bea4980f1644581feaa965a18c43b095b5098fe113bea84b585d1_RPIIRPATL_HLA-B*08:01,-0.0775194730118618,-0.06561854412357532,0.5555555555555556,0.75,0.7270880527150233,-0.02783522728053176,-0.10611669262939147,-0.019783757040131442,0.8,0.9218864468864468,0.18921402894617842,0.044315796506591426,0.8333333333333334,0.8159882005899707,0.81,1.0,18.0,16.0
3faa82e128e82382809bf06f8af800b9deb95ce714aa6f6bde70287943037fa7_FLYALALLL_HLA-A*02:01,0.1744920296424791,0.09336239887906284,0.625,0.7916666666666666,0.6366697918629589,0.01992632332258066,-0.3375626629954081,-0.019056468738644864,0.6521739130434783,0.8013278974956319,0.031961113148511834,0.0016350056587292564,0.717391304347826,0.8206439640798957,0.7712680577849117,0.9285714285714286,31.0,24.0
3fd8438fadc3670f791549b5852a1f08bb9a5247f273b7c2b043a20b5f506d61_QAKWRLQTL_HLA-B*08:01,-0.07292928985449754,-0.055515597067679334,0.2857142857142857,0.7222222222222222,1.070118439621359,-0.012063744838957427,-0.30055707333974746,-0.02138363279807321,0.7,0.8397435897435896,-0.030898681901241086,-0.013108435407063534,0.7777777777777778,0.8063796297586048,0.8376068376068376,1.0,14.0,18.0
40ace29bb7cf36d152dcd9fdb5e78589652bf4610f13439e19dcca66fcc94370_ATDALMTGF_HLA-A*01:01,0.04251734156516871,0.10320220072762527,0.5454545454545454,0.6206896551724138,-0.036655832107711124,0.04494092830004833,-0.37925468676130486,-0.07503820382853273,0.6923076923076923,0.8799074042436875,-0.11809498190795409,-0.03558409620431329,0.6551724137931034,0.7918542585286609,0.8066666666666666,0.9,22.0,29.0
4251d7030bcd68e59b5049b31ec748accb121f85efd2129ae1c8f81c04784593_GILGFVFTL_HLA-A*02:01,-0.030991752074525487,-0.04323122650910549,0.7777777777777778,0.625,0.2680459566637534,-0.0013642815509026188,-0.08057855539376625,-0.0014327059719157883,0.5652173913043478,0.8573036487322201,0.21246786081238048,0.02286049639961145,0.7142857142857143,0.775055996604585,0.7751196172248804,1.0,18.0,24.0
426101bce1a4218124a9aa862635f59d5ed0b8a80aada1f0250a9595015e0e94_ELAGIGILTV_HLA-A*02:01,-0.0882033490785942,0.03836501477876694,1.0,0.6923076923076923,0.8984612978785476,0.010008665201132702,0.6460895320007026,0.06418787316255187,0.6,0.8546240711976826,-0.016390131934786962,-0.00940855789067263,0.72,0.8342572872133698,0.9074074074074074,1.0,14.0,13.0
42f4e0ab701b61579e6f861fef6578e61763c7a9a616151acaada3c3c07e9926_ELAGIGILTV_HLA-A*02:01,-0.5923353936794229,-0.23034266222076663,0.5833333333333334,0.8,0.6058424414583469,-0.10280852398871645,-0.13980857453756967,-0.014532300061569596,0.6818181818181818,0.8395299938157081,-0.17534569749741657,-0.038338093968021805,0.7714285714285715,0.7982178911696108,0.6713286713286714,0.8181818181818182,24.0,25.0
430473a623dfb6cd38683a4c9f52af7018057daa10ee2d1fbd6e8e5cd3fcb812_TPRVTGGGAM_HLA-B*07:02,-0.03905620046175264,-0.0578755672847595,0.5714285714285714,0.6842105263157895,1.0438869596302836,-0.02981372762658612,-0.0055794572088218065,0.01895188115886944,0.75,0.8279418659165495,-0.25232008334029393,-0.0801744229258121,0.5652173913043478,0.8103851128340318,0.6525096525096525,0.7142857142857143,13.0,19.0
43fe7c0e7edb710ee76d915f922038a86fd5834fff4b9d9cca9b0c3732a7e7a4_NYNYLYRLF_HLA-A*24:02,-0.42717221339021266,-0.21055661245289425,0.6666666666666666,0.8571428571428571,1.1437750604528858,-0.03618889223547778,0.05595996073463878,0.007709520034423138,0.5,0.8181426681841952,0.0862423452487298,-0.010992734419020994,0.6428571428571429,0.7194495135031757,0.8233618233618234,1.0,17.0,7.0
444175709429ca9c5f81e4ccdcdab59bc80f7c9a7c054e7055e3be90e1f91d48_LLWNGPMAV_HLA-A*02:01,0.18475756051987285,0.22305857995804604,0.7692307692307693,0.7391304347826086,0.899874826334069,0.007707962758340209,0.20029683388604816,0.026947693929478267,0.6666666666666666,0.8118789521228545,0.1500925460951692,0.04559605685690636,0.7407407407407407,0.790373941231332,0.6830601092896175,0.9333333333333333,25.0,23.0
445a415b19ecec4f3182cc9f6b5c0989cd1da66540837f55a3cdfdc038d5a0f8_ATDALMTGF_HLA-A*01:01,0.2392639837886814,0.05934911491991912,0.6666666666666666,0.6842105263157895,0.7082230618913611,0.07524596945780374,0.3668714418093115,0.050635520742551926,0.65,0.8706498573131525,0.01636622575044228,-0.0037658419338903997,0.7647058823529411,0.8364216392645705,0.8678678678678678,1.0,17.0,19.0
44a972fafac982225afa64ce8f84539ec6078eadfc5365f2b16eb50cfaa55c6a_FLRGRAYGL_HLA-B*08:01,-0.5113843218869928,-0.35373209770098213,0.3333333333333333,0.6666666666666666,0.3037266070392301,-0.20899140874566738,0.19264477879304523,0.037258507822037705,0.625,0.8448288887210094,-0.10399075235749292,-0.0331381675537826,0.6666666666666666,0.7557769573173937,0.8571428571428571,0.75,12.0,18.0
45b74afc2efca2e459814a733097a3b8d01a1d3246417c392a47e719d2d6c04b_TPRVTGGGAM_HLA-B*07:02,-0.18750116235458944,-0.24347390868915503,0.7,0.68,0.05042872335971042,-0.09052988023814694,-0.47271419804889453,-0.13115807527185683,0.6923076923076923,0.8868578826503091,-0.03575357776145154,-0.02591089132762376,0.6428571428571429,0.8111632538977908,0.7292929292929293,0.7777777777777778,19.0,25.0
45be1fe98eb92e5b4de6db5ecd5e409e640e9a1dc84f6f672c387f35a1cc6218_FLYALALLL_HLA-A*02:01,0.027171601382453062,0.0021163363285832404,0.8461538461538461,0.6818181818181818,0.5687861061720255,0.0015419252844354225,-0.12081593946193597,-0.0013282392139002883,0.9285714285714286,0.7887238616376783,0.20177260285469598,0.04683552535274328,0.7,0.7747078942342749,0.8047619047619048,0.8333333333333334,26.0,22.0
466dee6293a13d280fa38e2c84b595d64b08a3387541ddfc0aa839ce4ab9eea4_RAQAPPPSW_HLA-B*57:01,-0.11873392253649441,-0.028250933017405326,0.5,0.6521739130434783,1.274461293400139,-0.11680320463358176,-0.2360259829219167,-0.04141333639476471,0.7857142857142857,0.8137081937827255,-0.30162537780160936,-0.06458573721132974,0.5185185185185185,0.8175769233140371,0.733739837398374,0.9166666666666666,19.0,23.0
4677f645ee1f7b1b25ad7022e058efc0e1bb21e163d35e038c13eeee66beda7e_ELAGIGILTV_HLA-A*02:01,0.059790525007663256,0.005446830143712292,0.7058823529411765,0.8108108108108109,0.7402374796986185,0.05247933893261345,-0.01406835882533253,-0.01019052663532717,0.8518518518518519,0.8664498635970459,-0.035285815281651194,-0.013878922352453834,0.6,0.7808031332879894,0.655328798185941,0.7142857142857143,34.0,37.0
4779a64589255ae1d05b5d4ff710837b55835c6adebca6d6c8f62f03848524c1_TPRVTGGGAM_HLA-B*07:02,-0.1504261592538523,-0.19395081000542003,0.35714285714285715,0.7407407407407407,0.16585573354641966,-0.06753555541986359,0.25995177520693086,0.0331445318272439,0.7692307692307693,0.8150732907370076,0.09917144891776224,0.014962994738872498,0.5625,0.7773601527836839,0.8099173553719008,0.6363636363636364,28.0,27.0
4886c6ddf534a815dcd2e75af0c1538b569ec39c7dd77cd64ed51423f4287689_RAKFKQLL_HLA-B*08:01,0.21185226492947956,0.10820191335581175,0.875,0.75,1.2129766303031464,0.052255683217760925,-0.21215793412217468,-0.009292529842229853,1.0,0.7704260223683087,0.2380586571928296,0.028469480043178664,0.625,0.7684949086077801,0.8181818181818182,1.0,15.0,12.0
48ca66320b5100613e655d1c225fbb45de034808d6561f468e9d0ed89eee0594_YVLDHLIVV_HLA-A*02:01,-0.04180420571465299,-0.14408745863175065,0.14285714285714285,0.7058823529411765,1.5396422467686317,-0.0850846764980473,-0.31243143218319597,-0.13014868572796273,0.9090909090909091,0.823170245031527,0.10144319237237812,0.040578591915466825,1.0,0.764449520046915,0.9423076923076923,1.0,14.0,17.0
498099609cacfa9809fbcdbbdf85d4afe823e994dfcac5d19cb6d428d6f606d8_IVTDFSVIK_HLA-A*11:01,-0.3588235294117647,-0.3648335579262173,0.625,0.7,0.722901685768109,-0.07160005658230133,-0.25,-0.060362699447937554,0.6363636363636364,0.7425134559115704,0.01312324035065283,0.0017660601063664517,0.6666666666666666,0.810325011879897,0.7757575757575758,1.0,16.0,10.0
49b73fce10c38d803f50bc4c82c6e9c7f78d08134fdd904a352e667d6e8b9056_FLRGRAYGL_HLA-B*08:01,-0.3333368084333729,-0.10434710945566589,0.3333333333333333,0.6428571428571429,0.9134547113337128,-0.10464590304887367,-0.4383607343781342,-0.06698793817124447,0.6666666666666666,0.8538564721663312,-0.1638761648854742,-0.018910782077598963,0.6451612903225806,0.8415862592691862,0.9097744360902256,1.0,11.0,14.0
4ad7567bb99960fa65988d64cd1a10e517a608e58bf09e8d1666ca5ef500fba5_NYNYLYRLF_HLA-A*24:02,-0.10184894604929771,-0.04131578396841258,0.7,0.7692307692307693,0.9588280389365395,-0.025897785106309534,0.06030825185667219,0.008218133076152599,0.7777777777777778,0.694027149321267,-0.11695906670550639,-0.022478125920148393,0.6666666666666666,0.761683445874889,0.7936507936507936,0.8888888888888888,20.0,13.0
4b39c4e29e24aab7014222dff6822b332d05c915ca2908de5919183742a184c8_LLYDANYFL_HLA-A*02:01,0.13682232004480013,-0.024634734814043165,0.7692307692307693,0.8,0.5088250926170474,-0.025225497991669843,0.05618627066592381,0.007515644240739498,0.8421052631578947,0.8249269717624149,0.28287221395719386,0.06854095956440903,0.5714285714285714,0.7492094492624076,0.7647058823529411,0.8461538461538461,26.0,25.0
4b5bc50bb4f52732d76c548142776038b9a10b41f320562dc25bb06f15a270c1_PTDNYITTY_HLA-A*01:01,0.37483679730111036,0.3558665689864605,0.7,0.7647058823529411,0.9613387384596757,0.06947395531088627,-0.2560504882972373,-0.04150254317903947,0.6923076923076923,0.8073622402890696,0.15615878504476188,0.08062768342192118,0.75,0.8245200642225813,0.7813852813852814,1.0,19.0,17.0
4b7f2502cb6fb826e545007e40b9a58fbb772b3accc1d453133c2cface09a801_RPIIRPATL_HLA-B*08:01,0.45454545454545453,0.5312451568225021,0.6666666666666666,0.5714285714285714,1.0937622041768877,0.4489128116132278,0.0,-0.012749003372509053,0.625,0.8398515444169528,0.09096230969988064,0.008179972464088404,0.8888888888888888,0.7489296909986565,0.8897058823529411,1.0,11.0,14.0
4c57197065bb3d12b417631c7227de6c686d78890c6ca4b9eb4b7ed499c6c688_PTDNYITTY_HLA-A*01:01,0.46357628444289245,0.24471597492393285,0.625,0.8,1.095896110027935,0.2850087168055795,0.3649743445772613,0.11071573711896324,0.75,0.8569493006993008,0.05600568180034986,0.025022679497104135,1.0,0.792333906454303,0.8366013071895425,1.0,16.0,15.0
4cc06cb002f0aed25430ffc23cc62fbacffb88cba1a811bc8cf856315f34a3cb_ELAGIGILTV_HLA-A*02:01,0.38432652848103926,0.12885005374932146,0.7,0.8125,0.7799843212000583,0.08808440204153825,0.09420335283287026,-0.0254861242311006,0.625,0.7925604358188628,0.08529185820030405,0.009980655363228983,0.6944444444444444,0.7994999536684952,0.8097165991902834,1.0,20.0,16.0
4d012643ec1715d73cf3fce3beca9bcc787195730b6b2f2c8110e1442e8ed05a_RAQAPPPSW_HLA-B*57:01,-0.08265293271793676,-0.17808295734709556,0.5833333333333334,0.6363636363636364,0.8319044756675558,-0.03439664142579244,-0.35730649160062095,-0.0863541286986383,0.5,0.7822784810126583,0.131847490302216,0.008767409804390532,0.7857142857142857,0.7931394258065074,0.7177747625508819,0.8181818181818182,23.0,22.0
4d7c165cbc53b7b4441ca3c9b07b9b9e65eb11fc24dd8252437d5035ab4c4451_FLYALALLL_HLA-A*02:01,-0.05083121604831546,-0.06460891349098512,0.9090909090909091,0.8333333333333334,0.8785427617596882,-0.019032229422964352,0.05604467410455294,-0.005474711028545915,0.7777777777777778,0.7733697881066303,-0.04225044010625516,-0.020751234157775057,0.7368421052631579,0.7945705179184621,0.7777777777777778,0.7777777777777778,21.0,18.0
4e1b7f2cb0d8316be021e9524ee89eea27761b3259bf16534d3fb90582fecfbf_RAKFKQLL_HLA-B*08:01,0.04242424242424241,0.10024845277835438,0.6,0.6,1.446206402443213,0.17023062670407738,0.18787878787878787,0.06673395602108351,0.6,0.7446922050695635,0.09769195042873384,0.0067302683763756106,0.52,0.7879990511113614,0.6493506493506493,0.8571428571428571,10.0,10.0
4e5902513c475d9cabd45d6b69278db502701a3bdf51e52912d937e864a72f2f_QAKWRLQTL_HLA-B*08:01,-0.16666669326609637,-0.16747442306296192,0.36363636363636365,0.8571428571428571,0.8500722023256645,-0.023015862330369556,0.10851204369985638,0.021284578054683756,0.9,0.7314578005115089,-0.1659352681792877,-0.017632080921687707,0.6363636363636364,0.8305535590975069,0.7159763313609467,0.8461538461538461,22.0,14.0
4e926815f30ee7ac498e4ee8d24392c684945934592cc90aa7bedde1484f0139_GILGFVFTL_HLA-A*02:01,-0.1690508581483473,-0.10610281084891933,0.6363636363636364,0.6666666666666666,-0.018785967178485744,-0.01112223765963818,-0.03250978041314371,0.00666906703275122,0.6,0.8343081376264508,-0.20514966633523452,-0.04878907930139742,0.5925925925925926,0.8065334842750853,0.7777777777777778,0.8888888888888888,21.0,21.0
4f977e9173f5888c6e40751364fd9fa7c9982de08b790bfdaa60f3a86bd49d8d_ELAGIGILTV_HLA-A*02:01,0.05710568791794151,-0.05069227413478383,0.6666666666666666,0.8333333333333334,0.7446223929865464,0.021301135939508057,0.20614560890272016,0.031122744553942955,0.7,0.8423725752266733,-0.06779975096477968,-0.017517438595376335,0.7575757575757576,0.8174517039288041,0.7639257294429708,0.9230769230769231,24.0,24.0
505b5a185a0f95d479834cab01faafd15c4771dd7affb50b219b9f9a9385b689_RPIIRPATL_HLA-B*08:01,0.17341656799931515,0.09243335063734107,0.7,1.0,0.5383940491082145,-0.004497571432628687,0.01353858715149784,-0.0017787450599219413,1.0,0.8221728257849403,-0.05208333700277831,-0.040729767292976136,0.8095238095238095,0.7947969891293166,0.7680851063829788,0.9,19.0,12.0
50fee765acd1e7ae8006fb030cbfbfc92ebdb95de3751a59d709ad14837201d6_ELAGIGILTV_HLA-A*02:01,0.15509753461450634,0.13255399788825048,0.375,0.7777777777777778,0.7832027791565372,0.05019880047843758,0.1472193705442146,0.04961381849013353,0.75,0.8906235349273325,-0.1635586569347021,-0.025647004045044296,0.625,0.8271090186308095,0.8311688311688312,1.0,16.0,18.0
5125e3477842b36ab60355978e5a985127810d431afccc1d8bc5093514af3413_RAKFKQLL_HLA-B*08:01,-0.07692307692307691,-0.08523311523041308,0.42857142857142855,0.6666666666666666,0.41668050254596783,-0.0024439132206091002,-0.41208791208791207,-0.056426813318567616,0.7777777777777778,0.8280912364945977,0.12293543097116552,0.014845423264370803,0.8076923076923077,0.8102590155673683,0.8941798941798942,1.0,13.0,12.0
517fa1226ec21644070a2ba7989da69f8f8ad1e7a5c11a4044d8a5f8febf1f7e_LLWNGPMAV_HLA-A*02:01,0.44180798011555034,0.2514676152206787,0.6363636363636364,0.76,0.8869566491879713,0.16727651702356605,0.2485876102951946,0.04123964563559298,0.8,0.8918677553400888,0.1132820432209183,0.010497690622286981,0.5925925925925926,0.8128060629615236,0.6875,0.7272727272727273,22.0,25.0
518048de7f0853abf79801fcefd61e137fdee6804d42ab543c02881e985486f5_RAQAPPPSW_HLA-B*57:01,0.06971694105549096,0.021660492511103822,0.6666666666666666,0.8695652173913043,0.45435495073927895,0.02139704408933221,-0.24467633226273205,-0.031408282056412294,0.7391304347826086,0.7860965121834688,-0.002906976788625773,0.00010692066853704342,0.7659574468085106,0.808378457841929,0.7619047619047619,0.9285714285714286,24.0,23.0
51ff91ce5954098dbdcffb28e5b7a02d42c155890b18274c48113295b4e3e322_QAKWRLQTL_HLA-B*08:01,0.3136179032920158,0.277566950704071,0.7142857142857143,0.625,1.2466280984843776,0.12626849882302313,-0.2943606636161903,-0.04092993155038708,0.7777777777777778,0.8090805703787944,0.27120919241059965,0.08028625905383831,0.7058823529411765,0.8070966774169355,0.8894736842105263,1.0,13.0,16.0
522426515d5373070da361ef43eae265a6980b9ebd2d1fe8253f25e26878618f_TTDPSFLGRY_HLA-A*01:01,-0.0661157087338985,-0.07643719330672018,0.9166666666666666,0.7777777777777778,0.5367097025730581,0.008710816680576845,-0.286646395102889,-0.02943809510651576,0.7647058823529411,0.7460423634336678,-0.4881086275594723,-0.09890375753521131,0.9259259259259259,0.7925194085330717,0.6713286713286714,0.8461538461538461,24.0,18.0
52a0f95719ca7846d11703105ced8413be7ed85c8d71e43cdddfd5c83364cebd_LLYDANYFL_HLA-A*02:01,-0.1735942617469457,-0.08027701728414549,0.8571428571428571,0.8666666666666667,0.5087047779760768,-0.030840853943506972,0.03697367383194278,-0.004875173375524785,0.8571428571428571,0.7034927332395687,-0.1341063206561539,-0.021244455039055324,0.6666666666666666,0.7931374389019903,0.6657534246575343,0.8666666666666667,27.0,15.0
52b9b6346e8610888754501d2bfd1a9c81ff34b75614396b1c8115af2f5c8a43_LLWNGPMAV_HLA-A*02:01,-0.3406593406593406,-0.3553226919684136,0.5714285714285714,0.7333333333333333,0.9417969249881748,-0.1430738206594746,0.010989010989010988,0.0005992207104788729,0.8181818181818182,0.8970881749829118,-0.06764345005891524,-0.014744002115945645,0.7333333333333333,0.7660672144964181,0.7205882352941176,0.875,14.0,15.0
5456acc404f690bc8c60f07e6612ae1b28e36d90109fa4c93fd7c848f28a15c5_ELAGIGILTV_HLA-A*02:01,0.3975428201924971,0.15082631067991398,0.8,0.7894736842105263,1.3338943205034173,0.11136695940716207,0.278192216337796,0.038622631712000303,0.8,0.82711349600081,0.08853484321610626,0.014047771829603579,0.55,0.7746149652446503,0.6811320754716981,0.9,19.0,19.0
54715351379dd778330dd2b49c29cfb30d07f239ae5c9b4204dd346775b25526_LLWNGPMAV_HLA-A*02:01,-0.1369592465673836,-0.0985167571973102,0.5,0.8333333333333334,0.45203642501984864,-0.03649291161558693,-0.1977750852958608,-0.009591975336743993,0.7222222222222222,0.8389758179231862,-0.4547985899523215,-0.08998130727552721,0.7777777777777778,0.7912812299807817,0.7633477633477633,0.8181818181818182,23.0,18.0
5497457d2dafec8fbae3155db4b7db882c66d76d68d6e9827311e5b5bc62c23c_CLGGLLTMV_HLA-A*02:01,-0.12126556513239516,-0.22557696589283033,0.6,0.7894736842105263,0.7809076836230758,-0.10098018469625322,-0.14323396461290153,-0.0033668330092361523,0.6,0.8519509476031217,-0.17391556859787605,-0.03298173592691632,0.6451612903225806,0.7788533236844497,0.81859410430839,0.8888888888888888,19.0,19.0
54cab30b8735f00920def62aa7c3f1d36139e76f3f384f93c1486f84bd93cb47_PTDNYITTY_HLA-A*01:01,-0.07692307692307693,0.07179854207361364,0.3333333333333333,0.7272727272727273,1.1104080561708953,0.020032246575995213,-0.11515151515151514,-0.020654690090705207,0.5714285714285714,0.8414405762304922,-0.04133707713037301,-0.004490693973947576,0.8571428571428571,0.746417445482866,0.8181818181818182,1.0,12.0,11.0
54e87195c3ab098d99d1bce67755a18b96ae5b1366a3fb46daf467797292426f_PTDNYITTY_HLA-A*01:01,0.29723616529362384,0.2555506502749961,0.7272727272727273,0.8,0.5373059807972181,0.11103854860620938,-0.07306980942377529,-0.029124182159425777,0.7058823529411765,0.8359866716031101,-0.3679810574901147,-0.08013808112245052,0.6818181818181818,0.7597935642109837,0.8529980657640233,1.0,21.0,20.0
5643cbc97f94afcbb21562a6231c68e46b98e5681ac4feff310361321e0c204f_IVTDFSVIK_HLA-A*11:01,0.5923207227555054,0.351300634458277,0.9090909090909091,0.9047619047619048,0.7353216305419963,0.2027970166932172,-0.1101072840203275,-0.021011936752843005,0.7647058823529411,0.7710027100271003,-0.16670890329514937,-0.03049457072966266,0.8235294117647058,0.8123450412325697,0.7756410256410257,0.9230769230769231,22.0,21.0
56640dcd1fc7b05c7863b83507aa68d3f86a479b3b91b8c34770643e1d02995d_SLYNTVATL_HLA-A*02:01,0.15426419239555209,0.09013107222167735,0.6,0.8260869565217391,0.6618166763779711,0.04288741075772633,-0.11245227289241179,-0.00267834998563854,0.76,0.8078625509609785,-0.03072784176083553,-0.012747327174647204,0.6153846153846154,0.8057592650642592,0.7403169014084507,0.9375,29.0,23.0
56bf26e3c6b2e6977a7dac45dfe08a8ec350c808bdefcf7171672e6315d1a90f_LLYDANYFL_HLA-A*02:01,-0.1155950819995217,-0.03159553081969654,0.6923076923076923,0.875,0.5482542613020295,-0.036249146657384254,-0.19312746498586145,-0.031016565115509185,0.8421052631578947,0.8427228076067335,-0.11249074718217525,-0.027576846561187387,0.7916666666666666,0.8118446656618516,0.7316017316017316,0.8571428571428571,26.0,24.0
56bf75b79ba49afc1bc0bc9d5fb9ea5200adad5700157a1a9bbc44135841d5f7_FLYALALLL_HLA-A*02:01,0.15635912230214177,0.05363806744230592,0.75,0.6666666666666666,1.0230100261672475,0.04591116778202153,-0.23867632039435574,-0.025008911753797557,0.6086956521739131,0.7962573658225833,0.010234467643802819,0.003096213609587185,0.6086956521739131,0.8030882836557146,0.7058823529411765,0.8333333333333334,24.0,27.0
570e09ff9fdb71d8f984f796ed01e94c33e002336b5a4f21845fda0399df0df6_PTDNYITTY_HLA-A*01:01,-0.23593655513101805,-0.1784844406701695,0.5,0.8947368421052632,-0.14226990254482327,-0.09501003437276867,-0.2773671886567976,-0.06998105755444958,0.7916666666666666,0.8241280458671764,-0.2508731602405308,-0.028523273944090707,0.696969696969697,0.7918434077729913,0.7741935483870968,0.8333333333333334,24.0,19.0
571ee8b05e55f380f963d5172515549b000e47870b8db09964846d1f78c9c23c_GILGFVFTL_HLA-A*02:01,0.005934721004031056,-0.01674447517021438,1.0,0.7916666666666666,0.1961449639408809,-0.00046781681032252606,-0.4109794295291507,-0.026911737536840733,0.6363636363636364,0.8109165044944862,-0.26197086058285,-0.049389625590443686,0.8214285714285714,0.8114487167176503,0.7677793904208998,0.9230769230769231,23.0,24.0
5759d23859519d226b99d015146812db1f7a920560e4dd1ed3c8d31539dbc7f6_SLYNTVATL_HLA-A*02:01,0.1312663076334193,0.3740626979202208,0.5555555555555556,0.8571428571428571,0.6414389852997631,0.0988801633010607,0.003683247498296791,-0.0067255192328052995,1.0,0.8115282919090426,-0.2701889656053293,-0.09403675885910114,0.5555555555555556,0.7869348289453315,0.75,0.875,18.0,14.0
579997523c2820bfa3c1823e2c6b1eb6df0d50ed0d755d78b0b685b0f4402724_IVTDFSVIK_HLA-A*11:01,-0.10876718860107111,-0.14942824404122862,0.5714285714285714,0.9,0.7680876935413911,-0.04162518992146293,0.3665755625900079,0.07265315797917579,0.8421052631578947,0.8245053862910685,0.027316240912630095,0.015081697475696683,0.6451612903225806,0.818148988367217,0.6805555555555556,0.8125,28.0,20.0
57c1f041213b50e4fe337a8c45dfbe0cc8969bd9289828604daa72e570aa565e_ELAGIGILTV_HLA-A*02:01,0.11863570406412652,0.08200599150869124,0.9166666666666666,0.6785714285714286,1.164493302564663,0.026258500490505435,-0.14063824339411166,-0.011075463048965915,0.6363636363636364,0.8382600462865557,0.12770193611412103,0.014415052302660495,0.7777777777777778,0.7887028464493254,0.6670870113493065,0.8461538461538461,23.0,28.0
57d58863693c4098a6637e19bf4f3650eb30580e925351b8254c0ecbdae8f549_LLYDANYFL_HLA-A*02:01,0.20003098102094313,0.031098444884265816,0.6428571428571429,0.64,0.6631243044717466,0.07204375699799256,0.03211506576024316,0.003328895691077236,0.7368421052631579,0.7842313026779046,0.34440455423431166,0.04861400308568812,0.5238095238095238,0.7976257109325631,0.6800373134328358,0.875,27.0,25.0
5872a82f84b184398ed3cd0bf798e5bb32bb389827102d4ad5d7d16b7f466a29_RPIIRPATL_HLA-B*08:01,-0.0363696483726654,-0.050837885939642724,1.0,0.5,1.2110872053317563,-0.028672940898992548,0.21821789023599236,-0.019693822026293526,0.75,0.7716324710080286,0.18139756345397293,0.01815147846272517,0.6956521739130435,0.7975835182681599,0.9142857142857143,1.0,8.0,10.0
594c41b2c30d445759c7caf83b1a0784afe350ced0ded1972b12bac688d91977_GLCTLVAML_HLA-A*02:01,0.3298590442193302,0.24747917156995533,0.5555555555555556,0.8461538461538461,0.43430860886237554,0.07138650070831136,-0.2734585542348823,-0.04700605964277309,0.6111111111111112,0.7729019057258846,-0.014271302061614312,0.0020609361269351353,0.673469387755102,0.8260644170306723,0.7506493506493507,0.9090909090909091,17.0,13.0
599aecb9130e94079d09efa12cf6bb1fb6263b6ccc4d343392c47bdc36ba17d2_RPIIRPATL_HLA-B*08:01,0.14578625522502567,0.10403858169765096,0.8333333333333334,0.8571428571428571,2.0164422890400946,0.1577405052858063,-0.19452977397762067,-0.0554348590407551,1.0,0.7616076492990843,-0.24838576132758014,-0.08443412847587473,0.717948717948718,0.8130035477225908,0.8231292517006803,1.0,11.0,7.0
5ac046169df380909f09541d68e997054e5f8c07c0ce964bbd5d35d287d1640e_SLYNTVATL_HLA-A*02:01,0.10540925533894598,0.1554162753308596,0.0,0.42857142857142855,0.40415609954030707,0.016550819266586404,0.21081851067789195,-0.03212340443539539,1.0,0.7729323308270677,-0.07440129927651457,-0.012630518733538385,0.6274509803921569,0.8281116106116106,0.8888888888888888,1.0,4.0,7.0
5ad25837703a7d26bd64e49fd16028014fc15a8b11bc0aee5d337320d08ae089_YVLDHLIVV_HLA-A*02:01,0.08981474652256045,-0.01670164227020557,0.2727272727272727,0.8181818181818182,0.2223853968891275,-0.03561154958210927,0.22063187732715936,0.0326321528813148,0.8181818181818182,0.8362997844999601,-0.00850374587181156,0.007013009359482096,0.6842105263157895,0.8217980169630354,0.6784615384615384,0.9,21.0,22.0
5b74995509fe8a5fa26a5e1c154182b9db9806d8f51d957ca95932b7ac767a37_TTDPSFLGRY_HLA-A*01:01,-0.2,0.083424667566938,0.6666666666666666,0.5,1.412497503611946,0.013101753191954797,0.028571428571428574,0.0651150876529889,0.5,0.76417004048583,-0.0851547285750489,-0.01559932872402685,0.5909090909090909,0.823555489877346,0.8571428571428571,1.0,6.0,10.0
5c328d3e86b1ba428aa00be3f9cc01a32fffb1508a26acb27e89e46ab0cc6a75_SLYNTVATL_HLA-A*02:01,-0.26887706737566575,-0.46385659062070667,0.5555555555555556,0.6363636363636364,1.1089973992713507,-0.15808400390480598,0.0282382308202754,-0.07174510197966148,0.8181818181818182,0.8070823690300862,-0.048107749635731306,0.004433249329894612,0.6470588235294118,0.7956442219496294,0.7410256410256411,0.9,17.0,22.0
5c6ca59224717195005db75849493e29664eecf3ae795dc2da9f590c7029da12_GLCTLVAML_HLA-A*02:01,0.07155090584144483,0.10046321908200752,0.38461538461538464,0.6923076923076923,0.6294177410755617,0.027285590811992767,-0.31256448341262744,-0.052232062352674934,0.6521739130434783,0.8285950978329475,0.1850380991642378,0.028046434597491534,0.6,0.8473052403284961,0.8125,1.0,26.0,26.0
5d067e1df24c298dde98b34b28d8681616c7acd7801b095057f8d89094f43e9c_ATDALMTGF_HLA-A*01:01,-0.12247784457311982,-0.0735335222140831,0.625,0.71875,-0.09180175387543227,-0.03151959256128049,-0.10554446404156342,-0.008500848818440453,0.75,0.8665236387860263,-0.19365770018147194,-0.04997695012688963,0.8285714285714286,0.7989031392816145,0.6903735632183908,0.8125,31.0,32.0
5e0be79435d06dd0ac6360eff382877aa02cb2538a9a6b32050acbc8a9b7f38e_TTDPSFLGRY_HLA-A*01:01,0.03918157455801328,-0.05647844065468868,0.75,0.5294117647058824,1.042968528468381,0.041313423700295414,0.03858523851013586,0.03253348315674014,0.5,0.8090398365679266,0.04412128393864171,0.009530827874005606,0.7222222222222222,0.7894685465247323,0.7111111111111111,0.9333333333333333,24.0,17.0
5e800cb13bcd368f939848bf531dcc951d3be0c635a1d293d49ba9f934ef8557_AVFDRKSDAK_HLA-A*11:01,0.1417132910382866,0.1632078980132435,0.7,0.775,0.2471215401483049,0.05322519186192076,0.06542787113129248,0.01613398064776688,0.7027027027027027,0.8562886527488298,-0.30500787554960584,-0.07012736743606673,0.6190476190476191,0.8297539552724031,0.7031900138696255,0.8095238095238095,39.0,40.0
5eceae65591fbdcb72f46ac768f02bb032f80c1b4dc25589340f37e092c2f432_YVLDHLIVV_HLA-A*02:01,-0.06791731018061127,-0.03813448273181402,0.42857142857142855,0.7307692307692307,0.888411153158834,-0.047330795038849294,0.04429510990856878,0.008253647990593978,0.6666666666666666,0.7943411275765081,-0.05143262361373959,-0.001540738613683834,0.5625,0.787707774033244,0.765625,0.875,28.0,26.0
5f1614edf0277210a4f76a96d9b284f613583a6b0922bc7cff580593f0ddd75d_LLYDANYFL_HLA-A*02:01,0.2713314169542158,0.14518195064363024,0.7142857142857143,0.75,0.8338517860285579,0.11345351705115125,-0.13590501523603077,-0.02766318831214938,0.7272727272727273,0.8691269126912691,-0.13513843506125423,-0.0610241028674074,0.6333333333333333,0.7786282040134647,0.8065843621399177,1.0,28.0,28.0
5f6e8bb7c99bc2d2da8472cf9ebce1c0bb3dd467155430cc30c9ab54a2e5b9af_GLCTLVAML_HLA-A*02:01,-0.047546601228316734,0.023525754314156336,0.6666666666666666,0.75,0.8527008383823529,-0.00033345874561357123,-0.025781017925924417,-0.007531018340826667,0.7692307692307693,0.8162096028169853,0.1251277776117042,0.01875782743747537,0.7586206896551724,0.809436996809912,0.8275862068965517,0.9166666666666666,24.0,20.0
5f8990e8e12e76d48d1eab5378f9dd098bc313eed858a5d4c1a36b6504e19e24_GILGFVFTL_HLA-A*02:01,0.2980294574431661,0.2594569433962068,0.75,0.7333333333333333,0.5875116338402104,0.05685584920587867,0.19030796680105788,0.017698698277697142,0.8888888888888888,0.8379370629370629,-0.13421126892753255,-0.0399462652629113,0.8421052631578947,0.7861389718662299,0.7142857142857143,0.8571428571428571,15.0,15.0
5f96106371a88dfece418dcaea7c755b40d2bd90f23ad4d0af0198f25bec003d_ATDALMTGF_HLA-A*01:01,0.27158856489896255,0.0697322070602505,0.625,0.6,0.15969071299763282,0.15228026717514304,0.1284141584033138,0.030690471226447538,0.65,0.7967129843415474,-0.25943038649261946,-0.05640440402716374,0.7575757575757576,0.8002609842243106,0.8533333333333334,1.0,16.0,20.0
5faf18240815e5a28d214ef1b890faad2ff018847f9090c7db7df86fed152835_TTDPSFLGRY_HLA-A*01:01,0.11418686516172179,0.05670821538349921,0.5,0.6818181818181818,0.8352779937160326,0.16636101893746974,-0.27231642764155406,-0.04486516703603633,0.5789473684210527,0.7845660650709738,-0.31363072540872794,-0.07152191217526238,0.8620689655172413,0.8054275220824559,0.7711370262390671,0.9285714285714286,23.0,22.0
6054514e82b9bcbcbd24bdf0f3e36dd89b23dbbe63bc0618483c31806eae4e14_ELAGIGILTV_HLA-A*02:01,-0.2021791290609238,-0.15961787848478898,0.6666666666666666,0.7727272727272727,0.9634461871523338,-0.11180781868961041,-0.30163539746559476,-0.05189046578160314,0.9285714285714286,0.8253282298226118,-0.024515705961064737,-0.017189932254927733,0.6785714285714286,0.7726169607285145,0.7093596059113301,0.9285714285714286,24.0,22.0
60c281614af136f62652ae592d04fed0ab128644ae9ff5ddec23b40032b9a899_SLYNTVATL_HLA-A*02:01,0.08993225616523645,0.03082016844041703,0.6363636363636364,0.7894736842105263,1.1979907158631002,0.029322608630212778,0.02537415373457769,0.006344945174962408,0.75,0.8055110416259527,-0.07684935350106736,0.004690413234212959,0.75,0.8027868648805332,0.7515527950310559,0.9285714285714286,22.0,19.0
60de3251fd9e0077fa0970a4646c0c27fe060a74955fd871b542bec211660f3b_FLRGRAYGL_HLA-B*08:01,0.2709257673496865,0.09513173835473386,0.7142857142857143,0.5555555555555556,0.1669946529104113,0.05203632508347038,-0.10468359281694264,-0.014099638537381746,0.5555555555555556,0.8598058657760153,-0.13068350971519493,-0.04203918261903902,0.85,0.8006858517511293,0.765625,0.875,14.0,18.0
61af37a3eb08cfb6201dc57e2a8a10d07b0897dff99f73eaa22e3394b5085d15_PTDNYITTY_HLA-A*01:01,0.0770579115172181,0.09643784721184748,0.8333333333333334,0.5,0.8579217459144015,0.036849900344910494,0.3234632537805257,0.03803121620089545,0.6666666666666666,0.7512483323804079,0.11511025588850397,0.0408833502939113,0.9090909090909091,0.7276366742073829,0.8,1.0,12.0,8.0
61b293851a000d2de88df85f51cce0bc49fdd6486babc48cb61e996163813dcf_GLCTLVAML_HLA-A*02:01,0.035604725816868986,-0.1333664080526574,0.4444444444444444,0.6,0.8127417852425229,0.0034282696948922226,-0.17434038158604812,-0.05729044729237564,0.6842105263157895,0.8079147938245066,0.18029942803049565,0.038527682132632246,0.6666666666666666,0.7979637405933668,0.8257142857142857,1.0,17.0,25.0
625cfc9ffba26d466fb095237052a312f48ee9a3830c5d78b0333286a66eb689_RAKFKQLL_HLA-B*08:01,0.6,0.4212821490860033,0.875,0.8181818181818182,1.267584647473916,0.2253844448644023,0.01978021978021978,-0.002502360057925163,0.8333333333333334,0.7960812772133526,0.15766769427791602,0.02296699157185108,0.8636363636363636,0.8182737547526865,0.6818181818181818,0.9,15.0,11.0
653f8edc99701e3365deff1179c418d838be332b13f43ade0621426a161eab43_TTDPSFLGRY_HLA-A*01:01,0.426272332626451,0.22195984889188003,0.8333333333333334,0.7,0.807165459499047,0.043112051002511934,-0.21792085576107337,-0.035058870545047006,0.631578947368421,0.7624784853700517,0.03603672243954707,0.008643016472435159,0.72,0.7898947338621018,0.6713286713286714,0.8461538461538461,24.0,20.0
65b959ec90a8d3b69fa33f70010902c4847197ff2e61ace477387583ebb9ebed_LLAGIGTVPI_HLA-A*02:01,-0.1361329954318053,-0.0033626180747270765,0.5454545454545454,0.7142857142857143,0.9114730248611832,-0.024052612016602488,0.009833765533916902,0.001670997642663696,0.6153846153846154,0.8024685459468069,-0.009413817657713043,0.026903230963141362,0.6129032258064516,0.7968298060730219,0.7682539682539683,1.0,22.0,21.0
661d0c0fcd2751f076e94d6d2223884350b523243a47db11603bfd11be6a0719_RAQAPPPSW_HLA-B*57:01,-0.06777495473108727,-0.12149081637195536,0.7272727272727273,0.6521739130434783,0.9406808034248022,-0.02940095969461419,-0.29325701566335843,-0.02156299787919473,0.6111111111111112,0.8196763140628417,0.1484431025459271,0.022132324487233145,0.75,0.8150167952574342,0.7,0.9285714285714286,21.0,23.0
6638c98f7d3898a22b0fa232673f4e2bfcc9d5ac35d901342c21336d27ff47f2_RAKFKQLL_HLA-B*08:01,-0.07975466126289381,-0.16139139897351462,0.6666666666666666,0.7692307692307693,0.5002636655305281,0.021767389711826814,0.024539895773198095,0.013290439056114087,0.8,0.7950994621360881,0.08450764862401529,0.027436188898671807,0.6666666666666666,0.806756285819555,0.7810810810810811,1.0,17.0,13.0
6648768251566cb445dbacd399451ab596f41f6d74c471fb2b13ab27aa03813a_LLWNGPMAV_HLA-A*02:01,0.18512505036132812,0.11242772047992677,0.7272727272727273,0.7916666666666666,0.4251130044655198,0.030508688407666528,-0.03247807901075932,-0.02228817698985932,0.7272727272727273,0.7940280201896315,-0.3267551893963251,-0.06743108250250641,0.6666666666666666,0.8246024378187431,0.7205882352941176,0.9166666666666666,21.0,24.0
666dd7070772ab7a9c70bd3380d84b5c82d0fc1305e6c0804c8f51060134b4db_ELAGIGILTV_HLA-A*02:01,0.14294999768843356,0.23148860538432953,0.8181818181818182,0.6521739130434783,0.9682281821988917,0.22859172104354167,0.2889391337136819,0.07425773659251597,0.47368421052631576,0.8545632698768197,0.09709282557057723,0.04377528877133051,0.6521739130434783,0.7787884503274922,0.6933962264150944,0.8333333333333334,21.0,23.0
66741495fd68546cca9d31a2806ad1fd7d36edc8c482fe00a0360089060378ae_RAKFKQLL_HLA-B*08:01,0.08765666977630625,0.01757641614608975,0.625,0.6,1.0683792797273626,-0.0059319143282004156,-0.2809928017717934,-0.051622124293267506,0.7,0.7571044546850998,-0.2967529083779234,-0.04202596108603088,0.7567567567567568,0.7670863449803758,0.8181818181818182,1.0,15.0,15.0
6822a23256b03b8a47e639d5fa327c9769720f67c6a8b477bda295eb04fde986_FLYALALLL_HLA-A*02:01,0.027053455782090896,0.0576649252020584,0.5384615384615384,0.7419354838709677,0.3244913164691143,-0.019496523668858165,-0.4734354761865907,-0.04353816716367652,0.7,0.8308370660694289,-0.12979328653445124,-0.02850387643893065,0.6774193548387096,0.8111782043985433,0.7631257631257631,0.9230769230769231,25.0,31.0
68324ac8370d9c77e007103360f4b70ada0621d6d1d7725b056edf30722b8fa8_ATDALMTGF_HLA-A*01:01,-0.5804195804195805,-0.6008784720347249,0.5,0.5555555555555556,0.6865585737595019,-0.24934872078949158,0.1958041958041958,0.12601386053300434,0.875,0.8076813655761024,-0.22145852708651828,-0.039165232954576336,0.8695652173913043,0.8024452358275703,0.7912087912087912,1.0,12.0,18.0
689f0b122d0454f8c5157979189343ddca8c092fec6a5ec18dcfb50293bb5da9_IVTDFSVIK_HLA-A*11:01,-0.1785714285714286,0.2564688559652432,1.0,0.7777777777777778,1.2982137324891823,0.1002530521215025,-0.03571428571428572,0.1392246948155688,0.6666666666666666,0.8567106842737094,-0.11734033115634335,-0.03292908750338049,0.6956521739130435,0.7989523571963083,0.9074074074074074,1.0,7.0,9.0
68cf43f1b6a2ae806dbad2abad13524f05b510724ac99f4c1f0194399e67aa87_TTDPSFLGRY_HLA-A*01:01,-0.2190359069651658,-0.028964987834595037,0.6666666666666666,0.6538461538461539,0.34624471777440513,-0.017270518320939093,-0.18818882150062655,-0.005521746859062745,0.5652173913043478,0.8526007116812372,-0.3277316718576716,-0.051516216088676355,0.7931034482758621,0.7984180397617391,0.7733918128654971,0.9166666666666666,23.0,26.0
68df4daf82773d5ed9034491aecc24df4f20ac89abfb2e9053332eec5cd94e98_TPRVTGGGAM_HLA-B*07:02,0.35044652599717124,0.21244525888672966,0.7333333333333333,0.8571428571428571,0.513454570332,0.13160069452899584,0.2753029186359399,0.049357621108694655,0.88,0.8444835480233711,0.09534373242137541,0.016301273264702824,0.6875,0.8039183837149166,0.6923076923076923,0.6153846153846154,30.0,28.0
69085ca93431b06269fcd7060e090e5b76d3f2895ec87d327b6879c0331cafa6_TTDPSFLGRY_HLA-A*01:01,0.39367858255297333,0.17447037204314841,0.6666666666666666,0.5333333333333333,1.3435754563528082,0.0812404292486997,0.23198916471871645,0.0018008705585699618,0.36363636363636365,0.7965823650034177,0.008983408534759095,0.01549745628754297,0.6666666666666666,0.7988133783411407,0.8571428571428571,1.0,12.0,15.0
69657e4649e5a1582f42d8cc514727955496be5708e3e1d63722ee75b67ddbec_TTDPSFLGRY_HLA-A*01:01,0.011869442008062113,0.08903388020167648,0.5833333333333334,0.8,0.7410899362193376,0.05040006095498188,0.07814049321974224,0.012014529064954581,0.8,0.7687754502329877,-0.297040975554172,-0.05561773531480469,0.8076923076923077,0.7881647089952994,0.7408963585434174,0.9285714285714286,23.0,20.0
6981860bf44e656669923a291b2d03894019d7ce7fc54dbfb0a8fb5f76ac6995_RPIIRPATL_HLA-B*08:01,-0.07926976633148354,0.041368156399119727,0.6,0.5454545454545454,1.7525320031649916,0.000096285931893629,-0.15569141404872364,-0.012763912241998653,0.5555555555555556,0.8565306122448979,-0.09928431172682192,-0.01937756349233481,0.7142857142857143,0.7743979966838411,0.9259259259259259,1.0,10.0,11.0
69a77fea4731160125d53a8397d816c59080390e4a9fd9442126e07049af40de_FLYALALLL_HLA-A*02:01,0.2654598480273519,0.06001803269144817,0.7692307692307693,0.7037037037037037,0.859248015721298,0.028369017003526183,-0.1610482096885821,-0.006225783320108943,0.7058823529411765,0.7807129756638872,-0.10421483358826883,-0.009676990694469275,0.6666666666666666,0.8326767948472845,0.6275100401606426,0.75,25.0,27.0
6a09f241da75928d514116465d1a73215cfa97679265fd0e83c9bbf6e5a86990_PTDNYITTY_HLA-A*01:01,-0.06930560643325606,-0.09224996920727165,0.6428571428571429,0.76,0.5195692584020685,-0.0203014903947398,0.13039315676770707,0.007727152095218721,0.8,0.8184886642109643,-0.07370044086722498,-0.012233781339770907,0.85,0.8248233193475163,0.8235294117647058,0.9285714285714286,28.0,25.0
6a3d5425cafe4d6f56c6609b55f53a59f525be3c34b586e305f79c2287debd35_PTDNYITTY_HLA-A*01:01,0.062217284139471765,0.0011880122624386424,0.7272727272727273,0.7058823529411765,0.6801770649070583,0.0012435874158558298,0.34162945109309945,0.03846559395177428,0.7333333333333333,0.7941805030412624,-0.026994165641459032,-0.023834586654717386,0.8,0.7984216424036559,0.8066666666666666,1.0,22.0,17.0
6a84b39b57e95b871473a2e6aa8025bc2a9abc59520caac48c52c8f638231bcd_SLYNTVATL_HLA-A*02:01,-0.010015252214986217,-0.009657669915458085,0.5833333333333334,0.9523809523809523,0.15148988095755747,0.012947077970559578,-0.31265004740696095,-0.11964159150062378,0.9130434782608695,0.7915389853592103,-0.11184814835259929,-0.035051728613604255,0.6896551724137931,0.8213517394392115,0.7933884297520661,0.8181818181818182,24.0,21.0
6ab55474744a4d5744e051fd939b42e31a2427a51329d0a0f8f42fadc8f1a73c_FLRGRAYGL_HLA-B*08:01,-0.12907252098795402,-0.04208877996367148,0.6666666666666666,0.7222222222222222,0.33293433933457206,-0.012060306778093024,0.30848918512979984,0.0378887171753454,0.6666666666666666,0.8128307254623043,-0.21629696869526202,-0.04449408986762861,0.6071428571428571,0.8064524092413445,0.8233618233618234,0.8888888888888888,17.0,18.0
6b1ade3574ee406934fbbfda6314f529124eccb39fe2224b01dff24f653a2aad_FLYALALLL_HLA-A*02:01,-0.16894959802149945,-0.023212148010380018,0.8461538461538461,0.7777777777777778,0.4750923427366886,0.0034290112080475623,-0.1238192259472633,-0.002937987639826833,0.8666666666666667,0.7931574706812687,-0.05716307556416851,-0.005109608513798853,0.6666666666666666,0.8199028488202115,0.7086167800453514,0.9285714285714286,25.0,18.0
6b3598d72563d0c4cb8a0eb767dd8bc11ca8ddb9e98797680c1228c782f8c017_CLGGLLTMV_HLA-A*02:01,0.09934568544930024,0.1500976377847999,0.5833333333333334,0.75,0.39751743381819943,0.0248770921192101,0.13304444218760914,0.010958965010307348,0.75,0.8561427280939475,-0.12761963705925172,-0.0004389519948603052,0.8461538461538461,0.8021987340622065,0.7578947368421053,0.8,24.0,24.0
6b44735dd5b0974f941dd9885ce7aacce958178dc573164f7e350ccf16cd0466_AVFDRKSDAK_HLA-A*11:01,-0.22589617397340256,-0.3300346303003483,0.42857142857142855,0.5,1.1105942888079523,-0.12211522294410013,-0.5523060897787773,-0.05200349237919855,0.5555555555555556,0.7905992184107686,0.1928456424687824,0.018973525532756195,0.4864864864864865,0.8281339632648201,0.8164251207729468,1.0,13.0,10.0
6b9defab56c25b2f776c069434ffbc6623ac4eec11a214cc5cce98e028230537_LLAGIGTVPI_HLA-A*02:01,-0.08007703420176761,0.02138938031028076,0.6923076923076923,0.75,0.6943369553035013,-0.039076278586067555,0.17111778894956214,0.024497382866683622,0.6875,0.8232067510548524,0.08366013866083251,0.039260374129396945,0.7916666666666666,0.8340107483177528,0.7530120481927711,0.8,25.0,20.0
6bc0174751c499be975555302a6407c3c467cfaec9a307c3e453644f60c2dbe1_IVTDFSVIK_HLA-A*11:01,0.004448838902404745,0.10205857747175451,0.8333333333333334,0.6666666666666666,0.507510450225537,0.03997677625517795,0.16361840852177453,0.05279240217440063,0.7647058823529411,0.8537916945510902,-0.34166942207855944,-0.0703831600790027,0.6666666666666666,0.8078186621740627,0.7139001349527665,0.8461538461538461,23.0,24.0
6c6a255393334734c2459a7c6084d5fc82f8a7ae61e810b2cc5ed71e27cd5b61_RAKFKQLL_HLA-B*08:01,-0.11570291837662082,0.0006574432731646374,1.0,0.5,1.0572381381130187,-0.02009409474124373,0.16463720699615814,0.013012244661843754,0.6,0.75799859055673,0.07683591611984589,0.015235484549633055,0.8333333333333334,0.8210900032535186,0.8941798941798942,1.0,13.0,8.0
6c85de48f9b392cfb08d878f223cf2f83b1125db7a46dc0e1b4f4775da7d73d5_TPRVTGGGAM_HLA-B*07:02,0.2571709271025257,0.16123085445859975,0.8181818181818182,0.7037037037037037,0.6090069665987251,0.10340431298938338,0.22935332130114874,0.036619502619980135,0.75,0.8875127512751274,-0.29653496533086066,-0.0711537775439177,0.6956521739130435,0.7900134470130463,0.8066666666666666,0.9,22.0,27.0
6c8f59b2e83b5209f3e072c577442c7887a9f8abe728a71f7f3d820d50555670_GLCTLVAML_HLA-A*02:01,0.3447855356134332,0.3173502003067462,0.4444444444444444,0.9333333333333333,0.8875386352480196,0.14086651894000646,0.17177927041238666,0.07087014505773034,0.9,0.8092220279720279,0.05155851511635135,0.008061641300844195,0.625,0.8035438257964792,0.7467700258397932,0.8888888888888888,17.0,15.0
6cac492b052de28cdbe236c0faaf18276ec8576fd314150c9b2e17a897215ac2_FLYALALLL_HLA-A*02:01,0.24372916412910237,0.07683479721425157,0.625,0.8461538461538461,1.3210210026337996,0.10313902342564625,0.3902998196727794,0.08526450849342741,0.75,0.8045377855002392,-0.11441259663263922,-0.04108929067565489,0.5625,0.7935037200330669,0.8241758241758241,0.8571428571428571,15.0,13.0
6cb5281144474ec87c023dd35f01179476e87c8aa94dfd214816091c5bc7f190_LLWNGPMAV_HLA-A*02:01,-0.221978021978022,-0.1778535345871453,0.5714285714285714,0.7,1.0755969873370943,-0.1193071839196671,-0.1043956043956044,-0.0047230199459133435,0.7142857142857143,0.8075113122171945,-0.20709290796357135,-0.06100338140942404,0.68,0.7862852687323704,0.725925925925926,0.8888888888888888,14.0,10.0
6d536bcce189c2a57984a57cbc28d03cab74fdfc58704541658e5907da19013e_ELAGIGILTV_HLA-A*02:01,0.1716404953488422,0.039935975690868986,0.75,0.6666666666666666,1.0296648699089415,0.05277909348577859,0.2592778710112503,0.07984282644131076,0.631578947368421,0.8216590674358264,-0.023015519437443933,-0.0030452901862961165,0.6666666666666666,0.8449168053819216,0.8,1.0,24.0,24.0
6d6da932a59cafc0c8398a9e9d54292a80b168fcf85cd735be30b811c5a64bea_RAQAPPPSW_HLA-B*57:01,-0.04872549400490364,0.06070131747971744,0.8181818181818182,0.6190476190476191,0.7373137666775598,0.047083128852495944,-0.046055512214984384,0.013625997879547774,0.6666666666666666,0.8066490471553762,-0.132836247002775,-0.019117517216270096,0.7857142857142857,0.830519851666918,0.75625,0.8,22.0,21.0
6d8731a2d8a25ee90c9c06871587aa3f9385c49a445f18ef0d714e59439c3e9a_AVFDRKSDAK_HLA-A*11:01,-0.12938047749420398,-0.042551905288324504,0.5555555555555556,0.896551724137931,0.44360322222929854,-0.043642979399798616,-0.10873207216406046,-0.019392751466271185,0.8333333333333334,0.8638555620267908,-0.12447690537594976,-0.030875588122261335,0.6923076923076923,0.8097843260070865,0.7291666666666666,0.8125,35.0,29.0
6e3292d089439289f9b4dc7aeac4c66e0d8486b765774dac6b2a7b10c0b6dc2e_SLYNTVATL_HLA-A*02:01,-0.08307960768535931,0.08212067042932636,0.3333333333333333,0.75,0.020434048172037755,0.0293517926719179,-0.32130503184034265,-0.03434685254916901,0.625,0.7530915287244402,0.15552754631676757,0.026308337574001996,0.5217391304347826,0.7850298876535758,0.8,0.9166666666666666,24.0,20.0
6e40124eacb4b095c17903e6710d32f1efec484add651b74712d0dccb3e75c3e_CLGGLLTMV_HLA-A*02:01,0.03448278065892154,-0.04827746722483672,0.7272727272727273,0.8333333333333334,0.3072994875542563,0.018620295332206056,0.5183722928562468,0.047223192304040255,0.6521739130434783,0.8067249206489713,-0.2805583080654878,-0.05818900360752286,0.6428571428571429,0.8124626225188732,0.7756410256410257,0.9166666666666666,22.0,18.0
6eb1aea5fc816f27d0e5e74291e8818f852ec012c147791983be3e0352c51d71_RPIIRPATL_HLA-B*08:01,0.6,0.562642894205984,1.0,0.6666666666666666,1.958087440745685,0.2004349434554272,-0.08571428571428573,-0.22547686502720934,1.0,0.7324110671936758,-0.04441869779001569,-0.01565021707669313,0.7391304347826086,0.7660736035834955,0.9,1.0,6.0,9.0
6fb628de6f92a110aa0aa528e76d870b0bc1ff12812bf905d8236340fef62644_RAKFKQLL_HLA-B*08:01,0.229856494572518,0.02365964356170094,0.7,0.7647058823529411,1.2165225331884815,-0.005972590762432651,0.11272655672521954,0.017278497733519672,0.7777777777777778,0.858784965034965,-0.13621986039207865,-0.026322804181584586,0.6774193548387096,0.7864342965014105,0.7680851063829788,0.9,19.0,17.0
7012bb24d31d17fc1301704ed8e61ad01d6c99651819db33f210d9a1ee720320_IVTDFSVIK_HLA-A*11:01,-0.15500380610681896,-0.014870252970414,0.6,0.7,1.3488082132869028,-0.03757050318751299,-0.32279918844575406,-0.05322341610907393,0.7857142857142857,0.8514600407048247,-0.21257732390398915,-0.04217237024127498,0.7647058823529411,0.8080568720379148,0.8097165991902834,1.0,20.0,20.0
7060f44699eb45569b2bcbbe4aac10f5709054bafe8ce33c03ee52b0f2cd5d1e_LLAGIGTVPI_HLA-A*02:01,-0.21720917860467817,-0.1206785022540654,0.4666666666666667,0.6666666666666666,0.6655159130748163,-0.026093474318692217,0.2164695332745828,0.0370866691004962,0.5806451612903226,0.8361003861003861,-0.132500408350332,-0.05285958019609692,0.6,0.8124972020484497,0.7097046413502109,0.8666666666666667,29.0,33.0
708212ec7bea4b37e7a512120ccf090cc2b0ab4b2353c1c4432b412c59504745_FLYALALLL_HLA-A*02:01,0.03675418533401251,0.16745851362364425,0.5,0.7083333333333334,0.7572226202344732,0.038362478520466536,-0.2669053934969956,-0.02134731544209536,0.7058823529411765,0.8180709923999473,-0.1378315014311625,-0.016953223099032508,0.6052631578947368,0.746043082933327,0.7639257294429708,0.9230769230769231,24.0,24.0
70e3925ff001233c73bbf1d9c0a56ad10e3b0cc66783f89bd9bff5ffebfa0d0e_GILGFVFTL_HLA-A*02:01,-0.08380783339645045,-0.01369366637356463,0.7777777777777778,0.5769230769230769,0.4840298600096472,0.0008140659353371003,-0.1138131070815994,-0.0016634016411593983,0.5416666666666666,0.8613103512186081,0.08486272420516071,0.020246620697074544,0.8163265306122449,0.8057831040169475,0.782608695652174,0.8888888888888888,18.0,26.0
7129f8f9ec06cd80284541392bdb8d1b77206c0c68de5e5afd6c70a3f3d1424a_AVFDRKSDAK_HLA-A*11:01,0.4930810702130903,0.4613828625593474,0.7272727272727273,0.5454545454545454,1.1388021029288589,0.23130110709654747,-0.21511848080143406,-0.037885250307425164,0.47368421052631576,0.8262559554695975,-0.28444966088372087,-0.04436953352820428,0.6363636363636364,0.8071956144205218,0.8231292517006803,1.0,22.0,22.0
73503f75752325204549b6cfe1b4226b0be4477691619793409ebb53732197de_NYNYLYRLF_HLA-A*24:02,0.24586789979123552,0.11955219267762082,0.8888888888888888,0.7368421052631579,0.5867911271757309,0.09621230746238557,0.27995882707321357,0.05153723009336863,0.7333333333333333,0.8614735283228432,-0.2264861438745267,-0.06684982873165729,0.55,0.7657702374544423,0.8181818181818182,1.0,18.0,19.0
7354dc73ac3d2d4c91c4de1a82479e706a5de0c5a1f802efc59d961963958bd3_IVTDFSVIK_HLA-A*11:01,0.21520407284854834,0.09925851700851779,0.8333333333333334,0.6842105263157895,0.3531012873762902,0.10082259582835597,-0.26573782274820745,-0.02674017806941721,0.6842105263157895,0.8232770745428973,0.09436349178240776,0.013542024259408933,0.5909090909090909,0.7567086586576842,0.7346938775510204,0.9285714285714286,24.0,19.0
73968acf549249bd5faf97f4dd67ade70279bf3790f5e833deed64cc544b7d57_AVFDRKSDAK_HLA-A*11:01,0.09808984270523681,0.2919161661722349,0.8888888888888888,0.7222222222222222,0.6229405782092982,0.07411289268396226,0.12998163080761713,0.004171700442558071,0.6666666666666666,0.7593295827473042,0.056543234114903224,0.00894525508228143,0.8076923076923077,0.7774782708580616,0.782608695652174,0.8888888888888888,18.0,18.0
741d312b7cad9b99d0cddc4ecdfe80e8b810f666b13deb4737dc7845fda02750_LLWNGPMAV_HLA-A*02:01,-0.1894549460712256,-0.1172174457721715,0.875,0.7692307692307693,0.9495070120107562,-0.03659323408580225,-0.12689906765148132,-0.00630965326622345,0.7777777777777778,0.8424114225277631,0.008906705826292272,-0.01939782852651548,0.6428571428571429,0.77853509974113,0.7142857142857143,0.8888888888888888,15.0,13.0
752422f5b7a3a58a2187afa3b14f8ea78e5db497499da0b8ede4966e9fd48a93_FLRGRAYGL_HLA-B*08:01,0.19235853322589763,0.03463561606160989,0.8,0.8666666666666667,0.8341437252510968,0.04809549025509258,0.01757108054935534,0.00542847610599881,0.7692307692307693,0.7801218940459447,-0.167519132112891,-0.018635831566000103,0.6,0.7865290970817188,0.7568134171907757,0.7777777777777778,19.0,15.0
75bbed2271abba7085d393ea74a31c0aa212fc92627dc5167414324147ece5ac_IVTDFSVIK_HLA-A*11:01,0.0857417186308662,0.038920005636938176,0.5714285714285714,0.7857142857142857,0.6082158971616748,-0.001154307363655422,0.09039861708685575,0.02266888531126932,0.7083333333333334,0.8405746167025436,-0.21697864877153222,-0.06115226561741715,0.875,0.8092724032474534,0.8448275862068966,1.0,28.0,28.0
7640e2fdbe578d7968ba89980887a35b640ff4d18549ec8f08acc512554ba1ec_QAKWRLQTL_HLA-B*08:01,0.2359892273376524,0.16479961643407454,0.75,0.6875,1.243717743467867,0.0008855890838111242,0.09240929684291713,-0.03172710427836283,1.0,0.8442333785617369,0.2579521593552254,0.042512035751292504,0.6521739130434783,0.7712483933904777,0.8311688311688312,1.0,16.0,16.0
7772523ec363c148bf98d758557257cc3bd265a172e44116efa2086e74ae6caa_CLGGLLTMV_HLA-A*02:01,0.2139448746962008,0.14188402135827938,0.16666666666666666,0.45454545454545453,0.5644522007582223,0.08636363246927908,-0.05085476277156078,0.017092717829836533,0.4444444444444444,0.8267296471242014,-0.04953184392467087,-0.0005930916381145758,0.6206896551724138,0.767109982068141,0.6923076923076923,0.875,12.0,11.0
77a1b04c6e41e6c7a7860f8cf5bf101010de85753f926984fdeb7598c9c0a085_FLRGRAYGL_HLA-B*08:01,-0.15010424352490317,-0.08154574183849808,0.6666666666666666,0.7058823529411765,1.0281261238463892,-0.04719932549414838,-0.056936092371515,-0.0102231541558555,0.7,0.8555212553861987,-0.13741945237788242,-0.031166127034939956,0.6086956521739131,0.7859950456972219,0.7043478260869566,0.8,18.0,17.0
77ae93e0ea8e89d289e860d383b1896604dbe232c3d14e91e4bbf6eef4efcb75_LLWNGPMAV_HLA-A*02:01,-0.10060990877937256,-0.03990536465577815,0.6666666666666666,0.8421052631578947,0.5613426524341797,0.014196411192603103,-0.22169023189913697,-0.029607548627848188,0.7777777777777778,0.8287731256085685,0.03962346973695432,0.028266220353327046,0.5789473684210527,0.8026288292786669,0.7384615384615385,0.8461538461538461,24.0,19.0
77b20f030a9048d729d4c7612a0f71d765cc89d77ae61131ff2f3920d27867e7_NYNYLYRLF_HLA-A*24:02,0.21543702611523066,0.0849524593572987,0.8181818181818182,0.7222222222222222,0.7329007889695489,0.020516537664921716,0.16635313577053895,0.01707511449491635,0.7777777777777778,0.8168413864616395,0.11982928502480272,0.02520487675620254,0.5454545454545454,0.7863601986123442,0.8066666666666666,0.8,22.0,18.0
77d981cc70ca4d5eeebd858a2f7a3c47875ff276aca0f2a5532dafb623a6ef41_ELAGIGILTV_HLA-A*02:01,-0.3221150113519491,-0.32450080070088017,0.5555555555555556,0.7,1.3353207280107382,-0.1490506781194135,-0.0935393294103487,-0.0014653754195564281,0.6923076923076923,0.8673464603844352,0.10023114517931023,0.013068085367754273,0.6785714285714286,0.7886030341340077,0.6,0.9,18.0,20.0
787358f5e66baafa45177e836b4cba83a74298885ebce1c736c7f22a4d3d01e7_CLGGLLTMV_HLA-A*02:01,-0.22526557160374966,-0.2202197577428527,0.5333333333333333,0.8214285714285714,0.40218949661356135,-0.1688990622069267,-0.1754258723004009,-0.03907471768230263,0.8260869565217391,0.89003359462486,-0.014025443218949947,-0.013277066343281243,0.4666666666666667,0.807657200811359,0.7268798617113224,0.7692307692307693,29.0,28.0
79257987d636c83fc3ecef77607527f6cca2cea2d8e8f1f053bde6027392537d_CLGGLLTMV_HLA-A*02:01,-0.1652898833951726,-0.21205523436137153,0.7142857142857143,0.6111111111111112,1.031954999531822,-0.10417916096382161,0.29476695872139114,-0.0189256871335879,0.5,0.821479374110953,-0.07493900768913461,-0.030095714263795224,0.7,0.8237409396036209,0.7824074074074074,1.0,13.0,18.0
79970c9c984d3474cf30049285d70990310b7043ef4b4912c92982bdb3ce5bb7_LLAGIGTVPI_HLA-A*02:01,0.05639381013019856,-0.03204356306201536,0.5833333333333334,0.7142857142857143,0.026429152543693067,-0.028626939798604135,-0.005936190540020901,0.003945162883277429,0.782608695652174,0.8464501790344486,-0.18526427288234587,-0.055765601365904964,0.7142857142857143,0.7972525275604045,0.687012987012987,0.8,23.0,21.0
7ab7c5d07b793e3e2b90b70144939554dc58541314f0f6166417958c3040b796_NYNYLYRLF_HLA-A*24:02,0.024561554703787635,0.0945014537470637,0.8333333333333334,0.6666666666666666,1.5819286195949427,0.031239143239937935,-0.44985010232324774,-0.034763843353290226,0.8,0.7716022579244463,0.12063860820070928,0.02284649839672764,0.8421052631578947,0.7615055743260217,0.8888888888888888,1.0,12.0,12.0
7af5f5346e411f471f2fe54e0d0f641092aaeee24d8a69e100063a9865692b2d_RAKFKQLL_HLA-B*08:01,-0.016571833381450757,-0.015289675989238333,0.6666666666666666,0.8235294117647058,0.7466679965587394,0.01744366769167096,-0.3498178797883376,-0.046462672695660054,0.9166666666666666,0.9075332984711926,-0.11761922373038403,-0.03361759371674392,0.5,0.7930392065847298,0.75,1.0,18.0,17.0
7b7e03294b107d672f8b158e8ad2d1891cad3f95c1dfbacc85c64ad190ac34e3_NYNYLYRLF_HLA-A*24:02,0.0,-0.13486557727125856,0.7142857142857143,0.7777777777777778,1.4631601941427321,0.018822340105564234,0.2675884977948054,0.04162056468001862,0.8333333333333334,0.7615067303517151,0.030954677972165758,0.005609719878203814,0.5,0.8271906183810491,0.8909090909090909,1.0,14.0,9.0
7b80112c33c294f88be205a5213f32d925a54d1dc090bf125ac8c7f811aaec08_QAKWRLQTL_HLA-B*08:01,-0.14674890852978253,-0.04220972281821159,0.5,0.7692307692307693,0.8132414647384707,-0.05348196500703129,0.08875233390124573,0.013336251275611801,0.9,0.8201851166234726,-0.04470292182110246,-0.030431116055758493,0.7727272727272727,0.7763369152970924,0.8414918414918415,1.0,19.0,13.0
7b84b6dc15c13337b2e76108deb68e1d95240205ffcece7dc97ae8769be403ff_FLRGRAYGL_HLA-B*08:01,-0.2984809056027799,-0.11040428266702212,0.5,0.5789473684210527,0.6174045510427053,-0.09240879622825633,0.008936554059963471,-0.020274516339307668,0.7142857142857143,0.7877312560856865,-0.15765911832868668,-0.058583418492188885,0.8108108108108109,0.7505321497511003,0.8522727272727273,1.0,15.0,19.0
7cdf3bc0d25fbde9887eb30ff7d0ae7cffd07f8cbc1a4d568f3eb5e94a6379f4_SLYNTVATL_HLA-A*02:01,-0.4000024623188272,-0.5346759109060322,0.16666666666666666,0.47368421052631576,0.5617428137089292,-0.3496427656690945,-0.5719333452453407,-0.10514571870175962,0.5625,0.855228981544771,0.33072368993732726,0.061282242095936725,0.8095238095238095,0.8298661673947715,0.8571428571428571,1.0,12.0,19.0
7cf9281d1ece57b719744b85b29ba63f362ea514c735266226c96b26e48440d1_TTDPSFLGRY_HLA-A*01:01,0.4820572514715749,0.27870981820268204,0.8181818181818182,0.6842105263157895,0.7990693215511985,0.13146344209357172,0.29582254460552854,0.04417925425604531,0.6666666666666666,0.7906617788925333,-0.19490569527691806,-0.04988371389114924,0.6923076923076923,0.7621660534314509,0.6505376344086021,0.9166666666666666,22.0,19.0
7ebfe3497eaa685b27dd64c1947f33124264c66601202b658ceb85185ecd64ef_ELAGIGILTV_HLA-A*02:01,-0.1835980377907345,-0.2152310110643984,0.3333333333333333,0.76,0.6897441330082968,-0.07814577623370451,0.08800991295665805,-0.016611220472007294,0.65,0.8153271617925519,0.21645472435536386,0.07141299237522226,0.7857142857142857,0.7794740428428842,0.6857142857142857,0.8333333333333334,24.0,25.0
7ef39b15c8d1a9158a60a63eb650c93a12701ccaf81474df4618e3d5265f6a80_RPIIRPATL_HLA-B*08:01,-0.09078412990032037,0.014538178920080247,0.7142857142857143,0.7272727272727273,1.2899821367274187,-0.0063900562971714835,0.19090909090909092,0.029095615925003995,0.7,0.7891472868217054,0.2809759811965985,0.0385665935659359,0.6923076923076923,0.7661208807447909,0.8164251207729468,1.0,13.0,11.0
7f38cb57437e09c2261151c77231c2dc2bb3b436ba819b78b793bc30f9db9044_TTDPSFLGRY_HLA-A*01:01,0.1188811188811189,0.19629143459679094,0.5,0.8571428571428571,1.0490603420020312,0.0284239079297331,-0.1272727272727273,-0.050010703989128436,0.75,0.8293650793650795,-0.15525114522261227,-0.03136611638671782,0.5238095238095238,0.7429757617498352,0.9,1.0,12.0,7.0
7f8a494212c6e3b53e604e6ac0cf45215ce4bb9a18cb50f942968822874a7bec_FLYALALLL_HLA-A*02:01,0.06638481264710991,0.06943945498856859,0.6363636363636364,0.75,0.7695697914969395,0.01809771707943783,0.08135393706753663,0.015529814148896662,0.631578947368421,0.855813953488372,-0.18045571933417479,-0.05865936312556682,0.6153846153846154,0.7607926512375051,0.8018181818181818,0.9,21.0,24.0
80222b8cee1f2d1049363324b62fd83642ed24f6c3896d89304b1c9ae3a64469_LLYDANYFL_HLA-A*02:01,0.1888073563947507,0.24670587860402327,0.9090909090909091,0.9333333333333333,0.7480136110267268,0.12343738900069878,0.6753334376505349,0.10555224446582177,0.8333333333333334,0.7437237605547431,0.08176240461783427,-0.00357174027216272,0.71875,0.8206904933297188,0.8093645484949833,1.0,22.0,15.0
8039f490f1613ecd08b6e73b9e1a3f0b6448f69997799613a9d2ef2faed2c8bc_LLYDANYFL_HLA-A*02:01,0.1715977165821294,0.07324412896723995,0.8,0.84,0.6719098765460816,0.045769016006856296,-0.19008884983451405,0.006215974242266539,1.0,0.860745047784812,-0.20198867507511029,-0.039938006691665966,0.5263157894736842,0.793332734695685,0.6749598715890851,0.7142857142857143,29.0,25.0
808c0d757f0d78bf995e2782b568bb16ea2b8bb3edf984b6579b73322bd2e291_NYNYLYRLF_HLA-A*24:02,-0.2907636914725857,-0.058794299955422985,0.8888888888888888,0.7333333333333333,0.8977683812892963,-0.021334078391886127,-0.5341457942193423,-0.05318780142815046,0.6923076923076923,0.8551351351351351,-0.31152556011723165,-0.07321049965294077,0.6206896551724138,0.7705991691069529,0.8181818181818182,1.0,18.0,15.0
80d4d74fe5d855475dc10158a07f7834d0dacb62227727086a59f064e0ca3fc6_FLYALALLL_HLA-A*02:01,0.0412189027571276,0.10067883248239327,0.5,0.7333333333333333,0.32605179710475424,0.03645126869717399,0.019713388275147983,-0.022940444172951716,0.8461538461538461,0.7889249830021909,-0.024750207187601587,-0.03099445604559124,0.5357142857142857,0.7418120565565821,0.8522727272727273,1.0,15.0,15.0
80e49c14345e45fdc8cef3704f76828cc4143492d0df30966239dd0df79eef18_FLRGRAYGL_HLA-B*08:01,0.1030043112060362,0.05564666799570708,0.6666666666666666,0.5,0.6445469515366014,0.014285422013471789,-0.33231152781947393,-0.03614671127168219,0.6923076923076923,0.8655867166143566,-0.06676546174271897,-0.02452481508910412,0.75,0.8090353092013258,0.8233618233618234,1.0,17.0,20.0
811460cd457a0db33f4646a832a202f9eddab90537681aadf0ac3967ee94310d_FLRGRAYGL_HLA-B*08:01,-0.17199653070325868,-0.0009951108479800824,0.5714285714285714,0.625,0.5376413626303049,-0.04453145346894534,0.09641909864718401,-0.003921954943071508,0.5333333333333333,0.905278931594721,-0.09518161321558961,-0.024563893444236158,0.75,0.8248949472898379,0.7777777777777778,1.0,14.0,16.0
8217aa2afd0e771f93d548966ed93e6dbd90049b6eb4618a16d709777a634fcc_GILGFVFTL_HLA-A*02:01,0.25219381502252897,0.2332623752291159,0.8181818181818182,0.75,0.9591911912986232,0.12873520090845644,0.10237116047417781,0.04189580241914838,0.6153846153846154,0.8199448491583322,-0.18069718316927913,-0.0362547511632841,0.5714285714285714,0.8165994335909373,0.8909090909090909,1.0,21.0,20.0
82345d73f1e218680bca7933bc9735a91bcc2184ab37d100bd359e5abc348f81_LLAGIGTVPI_HLA-A*02:01,0.046727946327988296,0.08605807374358337,0.46153846153846156,0.8421052631578947,0.8477116396523626,-0.006021593836582784,0.029753388127533933,-0.0038158796956351384,0.7142857142857143,0.8240815751470538,0.06764865160857093,0.006329016275534209,0.7352941176470589,0.820512117163649,0.7222222222222222,0.8333333333333334,26.0,19.0
826ee4a271710fb8bffcac479ac8ab187105d562bdbfee14d80bfaa69a08c14a_LLWNGPMAV_HLA-A*02:01,-0.22405785123196195,-0.12190668569850283,0.8888888888888888,0.65,0.015118492905498111,-0.05154103413135881,-0.02168301786115761,0.004081754242979385,0.5714285714285714,0.809048270470979,0.04207902680992077,0.007433224584460654,0.6875,0.7610969700679557,0.8571428571428571,1.0,18.0,20.0
82d5640b7afe12bd9451582c1e6ad06b2754253d27ea47656b6d1520b678b273_LLYDANYFL_HLA-A*02:01,0.3849406080276326,0.33550626295054836,0.8,0.45454545454545453,1.775289295884618,0.18210702211564841,-0.6467181814331598,-0.11612480156974063,1.0,0.8580326857847672,0.26933857164588076,0.027267291485844274,0.8076923076923077,0.8089369995785926,0.7714285714285715,1.0,9.0,11.0
83155f0ce8a69d8ebbedcad0acef3540cbe632823f1103b708d9ca44aaec7e2b_ATDALMTGF_HLA-A*01:01,-0.08220865084021362,-0.03772329839483182,0.6666666666666666,0.6923076923076923,0.3862285273559869,-0.02820291181010561,-0.13696627519716192,-0.024092311382372618,0.5789473684210527,0.8456553133035118,-0.12827782306812607,-0.04375456011392964,0.6363636363636364,0.7575661824540748,0.7686170212765957,0.75,17.0,13.0
839b6608e74e45e4d455a51aec22e0a85a142f809d7b4768e86c20cdb0676ec5_RAQAPPPSW_HLA-B*57:01,0.10650453198626231,0.006156565649463236,0.6666666666666666,0.6956521739130435,0.4037561620079015,-0.041264690152455555,-0.14807721235689952,-0.006803942638099554,0.6666666666666666,0.8315492321589882,-0.11731943277303618,-0.00580443685947189,0.6551724137931034,0.7940471819092583,0.6428571428571429,0.8571428571428571,24.0,23.0
83d0250be5b4d3100b6a9a7822d646afcda88ac91cfc6dbf11ea034007358c10_RAQAPPPSW_HLA-B*57:01,0.42372196990098054,0.3650113120570988,0.5454545454545454,0.6842105263157895,0.6734514616332165,0.15971011976595037,-0.3077794473051492,-0.04978072095464776,0.8235294117647058,0.7423816221284575,-0.04593775386694739,-0.02610854723733716,0.7941176470588235,0.8012723486387648,0.75,0.9166666666666666,21.0,19.0
85996396a63f5f173dcf6b654ee86708698b5a5168f052a0aa24eb68ffd3906a_TTDPSFLGRY_HLA-A*01:01,-0.15882352941176472,-0.10830511672024899,0.5,0.7058823529411765,0.646958406593464,-0.03904026821109538,-0.5499999999999999,-0.06650693067686292,0.5625,0.8328776486671223,-0.039951226170150525,-0.009127719785866312,0.5925925925925926,0.8231439954467843,0.8421052631578947,1.0,16.0,17.0
85e098feea10cee8c1ad363a1ed662734555b9800938cbd571f46cb611002e8a_PTDNYITTY_HLA-A*01:01,-0.0576333646033774,-0.015132262602509524,0.4444444444444444,0.875,1.1022223430694187,-0.038205210184842034,0.014714901600862315,-0.02289868242995258,1.0,0.863339503887449,0.09936562955114021,0.017546156609223117,0.9444444444444444,0.7492980387954131,0.7410256410256411,0.9,17.0,16.0
860d332670bc14ce21816af1978957c2e7ac5aec7af95e57b85959733df83623_TTDPSFLGRY_HLA-A*01:01,-0.35273180038933105,-0.07570171788387892,0.375,0.631578947368421,0.9222140129637544,-0.055423685320812745,-0.20949046012970424,-0.04407704079361563,0.6428571428571429,0.8301739300371311,0.04619499209722341,0.01840269398335141,0.7037037037037037,0.7868197877867498,0.7601351351351351,0.875,15.0,19.0
862208209007352a017735f04ef23311a571d25471527d54ef73c36e4596faee_RAQAPPPSW_HLA-B*57:01,0.025602438673126074,0.03588199139928831,0.7,0.625,0.9637007416477619,0.009055413890827799,-0.35588807158420316,-0.04894021654269895,0.75,0.8003503742634178,-0.12334116487175552,-0.02136712973965551,0.6842105263157895,0.8189257152159818,0.7575757575757576,0.9166666666666666,20.0,24.0
86a3d4eb299e5fd08a6b1619d96ff5f7cc48f2348bcab5fa174433447ba5ef79_ATDALMTGF_HLA-A*01:01,-0.22827050062033397,-0.0893645148575742,0.8,0.6818181818181818,-0.035973906789620744,-0.024105647792882854,-0.07462689443357073,-0.00552697264750145,0.6363636363636364,0.8584862096469501,-0.042124453768286274,-0.010568097410071767,0.5833333333333334,0.783643360250517,0.7864923747276689,0.7777777777777778,19.0,22.0
86e78b25f2b5fa5a4826c8222ff1869809eb6fd6fc241b4abcb4b1be0efd3d57_TTDPSFLGRY_HLA-A*01:01,-0.26163311224945973,-0.12117329787985165,0.4,0.6153846153846154,0.5749796819484829,-0.09770883973303664,-0.27743645460009825,-0.02991492666571288,0.6666666666666666,0.8559988428361035,-0.20644206576691143,-0.03807056655588205,0.9,0.8131327949006814,0.6982591876208898,0.8181818181818182,19.0,26.0
87f20f07a3e04c50b703ad00cf14c5e8b1025d2f61958cbdc5accbfe0c8d3a9a_NYNYLYRLF_HLA-A*24:02,-0.03456110621278049,-0.07600563912681055,0.6363636363636364,0.7777777777777778,0.9470618317758082,-0.04579478530152387,0.2442714967834941,0.025049492870666094,0.875,0.768040293040293,0.38137141498159055,0.09683319149236333,0.4375,0.7768451990419953,0.7515527950310559,0.9285714285714286,22.0,9.0
88c7357d34ec633d3fb5dc19346d515788b1de84aa08b5a4415de79b8dfbffc7_RPIIRPATL_HLA-B*08:01,0.06337524698699769,-0.027841265214179622,0.75,0.5,0.9704911622488384,0.00260077978846321,0.0035810335064906705,0.02889716705167501,0.5625,0.7944264690533348,0.12160520287425163,0.04949950111904334,0.7083333333333334,0.8015024697249127,0.7901234567901234,0.8888888888888888,16.0,16.0
88d840e93777442ab8d00d87ca7daa56b797931425dea7a3100a653bdb22e8a6_FLRGRAYGL_HLA-B*08:01,0.049999999999999996,0.011214174894342385,0.8,0.5714285714285714,1.1757303608232001,-0.016945293143715106,-0.09999999999999999,-0.013671644640888691,1.0,0.8095961788970907,-0.019544306302747325,-0.01634175931227013,0.6666666666666666,0.797250767450692,0.8901098901098901,1.0,9.0,7.0
88dd40cb54f56cd630f385bea213d9eb5c58c9beee6c303285a19a9e1b766837_RAKFKQLL_HLA-B*08:01,-0.09807370556736847,-0.2170132602442581,0.8333333333333334,0.8571428571428571,0.37342539110241507,-0.021648158922932467,-0.4054680223446026,-0.08071648193263319,0.8571428571428571,0.7453746530989824,-0.172977963050116,-0.06597346078148345,0.7,0.7816885710977304,0.8571428571428571,1.0,12.0,7.0
88f57c7b58570ed754410713fd67c364c1d0105d20b5f834bbfdf3e9e1f48f65_ELAGIGILTV_HLA-A*02:01,-0.12367577825367192,-0.05811095476689214,0.5384615384615384,0.6896551724137931,0.2804638606027288,-0.0306108584981598,0.15141613973113105,0.03412120876771721,0.782608695652174,0.8419794273005282,-0.19840710656669705,-0.057558300047467204,0.6944444444444444,0.8112378098334012,0.8741258741258742,1.0,25.0,29.0
8915b8f58ff886bf78e3297f88040cb4f455a3aae0953623c24c3842c4563f1d_LLYDANYFL_HLA-A*02:01,-0.13961534778015514,-0.23221443932400576,0.6666666666666666,0.8461538461538461,0.4982541328575862,-0.06281956893909851,-0.3411282456860523,-0.08314559715581392,0.8181818181818182,0.8646957578212008,0.24036778879102674,0.041382306184521454,0.6,0.803574430622189,0.798670465337132,0.8461538461538461,29.0,26.0
894627ca0b96b358e4fb59731a79815632133175e04a7af64c3ef6665d4a871c_LLAGIGTVPI_HLA-A*02:01,0.15192141901937903,0.06995648423995243,0.375,0.6666666666666666,0.733638584833442,0.04367255686280227,0.4510453774475717,0.09744841254587241,0.8333333333333334,0.8371073605250821,0.05872147722786304,0.01100917107451737,0.7272727272727273,0.787630533384902,0.8522727272727273,1.0,15.0,15.0
89aecde351ceaaa7fec7d450a5f69c29f992b537efa955537dcaed03ec517e22_FLRGRAYGL_HLA-B*08:01,-0.15714285714285714,-0.12775816236389925,0.875,0.42105263157894735,1.021323347194553,-0.04021119171565204,-0.007142857142857141,-0.031433997508708414,0.2857142857142857,0.8088707885968158,0.32518953956468755,0.05739196910791268,0.7407407407407407,0.7824817617921065,0.7142857142857143,0.8888888888888888,15.0,19.0
89ba8d9202f8a3ea8fc47a7f49c97ef480bbc4a76e150a82726ad21c5960846a_YVLDHLIVV_HLA-A*02:01,-0.02486579022831101,-0.3249099367961493,0.6363636363636364,0.8125,1.0137971100692622,-0.1699231611381697,0.2333460275514347,0.0373753932316165,0.7333333333333333,0.8172248803827752,-0.21571303370110173,-0.08581913531031106,0.7142857142857143,0.8217433469865888,0.7756410256410257,0.9230769230769231,22.0,16.0
89c97ac4727f90877f4f86eee9416e3cb56d6b57f73bb9aec10d316c9e95f043_LLWNGPMAV_HLA-A*02:01,0.05357142857142857,0.024915546290187024,0.625,0.6470588235294118,1.0682043101446745,0.003439305887620341,0.2821428571428571,0.0668457582555897,0.7272727272727273,0.8315647413502247,-0.015480629408834613,-0.006764185712069534,0.7586206896551724,0.7794631484483558,0.9,1.0,15.0,17.0
8a379b50fb8c465ff3afd5726a155be47bf376ccde0461371b8be244ac3f8e13_RAKFKQLL_HLA-B*08:01,-0.19780219780219782,-0.2503110798857754,0.7142857142857143,0.875,0.7508851783488908,-0.08546368343402473,0.33636363636363636,0.07875616191026456,1.0,0.7420718816067653,-0.280724848839684,-0.08162629855846876,0.5384615384615384,0.774052673090772,0.728448275862069,0.875,13.0,8.0
8a79f97404520a2a639411073f83fc26c658ab7891b9e0a2da75ebc9a747641d_NYNYLYRLF_HLA-A*24:02,-0.22635686119463644,-0.35112180378617386,0.5555555555555556,0.6923076923076923,0.9310654202571887,-0.009097953927721496,-0.2032402793248209,-0.01327221138299524,0.6666666666666666,0.7900257637099742,0.2506991221382171,0.05323787129936135,0.825,0.8095661910039189,0.8307692307692308,1.0,18.0,13.0
8b2fe1aed3ee9ce5faea29937b53666229db07a626146c1c408bf1ae2f092909_GLCTLVAML_HLA-A*02:01,-0.22381304832550575,-0.2514931114645811,0.36363636363636365,0.7368421052631579,-0.12120157841067332,-0.09978897318837956,-0.13077448463205424,-0.030932884843866883,0.6153846153846154,0.8588173833545565,0.0022522524109309544,0.0020095707577337156,0.6470588235294118,0.8256670811798825,0.786096256684492,0.9090909090909091,21.0,19.0
8b53752dc01c9a2d26afb64cd409a71de19be1ebaa0f9886bec143da9a354cbc_YVLDHLIVV_HLA-A*02:01,0.17278338033723956,0.07150172188960902,0.7272727272727273,0.875,0.397106662942852,0.035372385191270096,-0.0587977239578307,-0.01611433537401797,0.8235294117647058,0.7613445378151261,-0.07147892572321725,-0.02453568122098864,0.6785714285714286,0.7949702230025245,0.8529980657640233,1.0,21.0,16.0
8bb98399e429f06152501fb9d64c5636a9efb29d65f0c60dcd28ee03f2b523cf_QAKWRLQTL_HLA-B*08:01,0.20582435040930172,-0.0026267672175237095,0.5454545454545454,0.8235294117647058,0.8161374634007866,0.05085281852294864,0.44670669456963835,0.09290927536188802,0.9166666666666666,0.7923655292076345,-0.10146835631993016,-0.018008238161637307,0.6486486486486487,0.8075670876900538,0.8402777777777778,1.0,22.0,17.0
8c40c573afca35d8ed8ea218ca600b8233f8bb32bdff579082364d26941bb802_RPIIRPATL_HLA-B*08:01,0.4848829094520648,0.3339927890406438,0.5454545454545454,0.75,0.6251194877136037,0.15936066066716123,0.07753109947676701,-0.010067656708548636,0.7647058823529411,0.7846571339108654,-0.21965574534663765,-0.051535710879162214,0.7619047619047619,0.809990041197499,0.8231292517006803,1.0,22.0,16.0
8d1a5c7582af7c3c977bfbb3085ebb9e817b4ae865b36500ec8388dfe9900905_FLYALALLL_HLA-A*02:01,0.028726953300300097,0.044258244448134594,0.625,0.7692307692307693,0.6440105477777986,0.004652474849428605,-0.06930885939040275,0.005650742969789874,0.7272727272727273,0.8580447854032758,-0.12516811119831714,-0.03537254641815467,0.6944444444444444,0.8286521490638427,0.7804878048780488,0.875,32.0,26.0
8d4e0a39e1b8170dd9c3072c3d7919978753727dd42b5a330b8cf27beaa61cc2_RAQAPPPSW_HLA-B*57:01,-0.07744894808829489,-0.1729353042651025,0.6666666666666666,0.6,0.6614543460138811,-0.09041314978947772,-0.36474332620803873,-0.07720782988916157,0.6923076923076923,0.7840821812596006,0.20605343547101646,0.05908099217357131,0.8823529411764706,0.8391342875305812,0.7960526315789473,1.0,11.0,15.0
8dbec5a954c3da9383c66cbf4b402d8035acbca1d59a8941ae6a4bce26c1c4c8_ELAGIGILTV_HLA-A*02:01,0.20968283714105423,0.41234578245705367,0.8666666666666667,0.8214285714285714,0.6366958772197715,0.28808456589921694,0.09749584147322905,0.023509213237981476,0.8,0.8572776280323449,-0.09039168338692329,-0.01853203565791862,0.8275862068965517,0.7728832182626236,0.6428571428571429,0.7857142857142857,30.0,28.0
8df25321742653b9383767b7ccd1b3874c14e1bdb591359766c2db2578b69018_FLYALALLL_HLA-A*02:01,-0.18226900864916068,-0.060483384586272004,0.5,0.7037037037037037,0.9316295788708319,-0.02511369594134554,-0.4760841940352404,-0.05551284896042198,0.7222222222222222,0.8345032483471362,-0.13699470313169454,-0.020972832308725684,0.7096774193548387,0.7589297883157198,0.6654088050314465,0.9333333333333333,23.0,27.0
8e16a82030b95e1f6607145603abbf3185b685581ee4c37b6a04b5873f9691ca_IVTDFSVIK_HLA-A*11:01,0.6428571428571429,0.4504103230837143,0.5,0.6363636363636364,1.3185245732945985,0.14432983627217388,0.28571428571428575,0.0714919621576577,0.8,0.734841628959276,-0.0352292347078,0.0021778275042290676,0.6470588235294118,0.7581174529363235,0.64,0.8,8.0,11.0
8e6c799892e42e355c9cc508a82d009e949fab716d0eec509215a38d21fafaed_GILGFVFTL_HLA-A*02:01,0.031882286801868345,0.08862461828422052,0.5555555555555556,0.8,0.7032913723661406,-0.011566343563810259,0.10177806940596434,0.01563934513091888,1.0,0.8039835164835165,-0.06598220953403514,-0.022847115406840295,0.8,0.8232170414333602,0.8810975609756098,1.0,17.0,15.0
8ea553f74446d9c2aee39549a2c827f904f229f407932d14d52e8a2bd01aa77d_AVFDRKSDAK_HLA-A*11:01,0.0064559230782327325,0.026860926336268798,0.6,0.6486486486486487,0.4476576541967535,0.026347072400402648,-0.17352728431733952,-0.023604423432523256,0.75,0.8339585666293394,-0.11397736308725319,-0.010173689912264009,0.6956521739130435,0.815376545275062,0.7305194805194806,0.7857142857142857,30.0,37.0
8ed52814cd9a267ef60a8783173ae4e8193983ecb9071ee5ba03e812cb5c683f_NYNYLYRLF_HLA-A*24:02,0.019643986657582886,0.048884510384826815,0.6666666666666666,0.5,0.6122672730631179,0.010536133390191304,-0.3254789980491697,-0.07771407893727322,0.6666666666666666,0.7347596554598501,0.0979540512631681,0.013623487932322497,0.6,0.797949066612536,0.8233618233618234,1.0,17.0,10.0
91945aa9a0ee7f20cddb5d3ba5ade43d410b56a31394115508f545f2ec0c1401_FLRGRAYGL_HLA-B*08:01,-0.0361570440869464,-0.08258243777218391,0.7777777777777778,0.6,1.0639249636123165,0.01762981151789942,0.15599181877511162,0.018762237283652925,0.5833333333333334,0.8778801843317972,0.011864352783200287,-0.008873890806921376,0.7083333333333334,0.7656254504707958,0.7105263157894737,0.9166666666666666,18.0,15.0
9247b78caa709d257fefdba5089b920df7ae3abd0c444c142475462e96a9bb6f_LLYDANYFL_HLA-A*02:01,0.2524451764136922,0.17041655761807264,0.7857142857142857,0.75,1.020417927687047,0.03609531181900689,-0.12845649580091015,-0.031008674299794075,0.7692307692307693,0.8265718349928877,-0.20181258740431382,-0.05261707222338797,0.6956521739130435,0.7973443605380854,0.8127090301003345,0.9230769230769231,27.0,20.0
9285b45ec75ff931ce0f083763a54cbc06b8a2b78802e351942fc72f52cac67b_RAQAPPPSW_HLA-B*57:01,-0.20200804753743035,-0.2035332151887447,0.23076923076923078,0.7241379310344828,0.23552987011530024,-0.0091643389627428,-0.4235450933441788,-0.08387338437110005,0.8333333333333334,0.8441782936164958,0.1510312207183351,0.015164885874758014,0.6,0.8197368379722264,0.7014590347923682,0.8181818181818182,25.0,29.0
92a209bf87100babddeeb5d9324cb0639b7fd6d823f4683fd5b505b2d269e1c9_PTDNYITTY_HLA-A*01:01,0.20134230871074926,0.27038103777733585,0.5555555555555556,0.875,0.07029918346809946,0.08462021004873775,-0.10055182760589249,-0.05009270225508746,0.7058823529411765,0.8369788106630212,0.07148140973299497,0.040030814109643084,0.7058823529411765,0.7786018964093511,0.782608695652174,0.8888888888888888,18.0,16.0
92a5affad603297bc63e19fe190445c5760d2e7f67ec679d961f37a9ee6e6499_RPIIRPATL_HLA-B*08:01,-0.04063206567848652,-0.10557318981983072,0.7,0.6842105263157895,0.9632026444368205,-0.042856129082410495,-0.4344010949123313,-0.06639248057799217,0.6153846153846154,0.776728307254623,-0.07903795649307982,-0.032961962760241124,0.6129032258064516,0.800783158447392,0.7936507936507936,0.9166666666666666,20.0,19.0
92f83470ca59147f72bac01be2a71376d60df298b2b2ae8eac993cf775d85186_LLWNGPMAV_HLA-A*02:01,0.14481409344294088,-0.026908166064766786,0.6666666666666666,0.7619047619047619,0.6121977010259964,0.0054567005975273185,0.15319990583829732,0.045093393415570955,0.7368421052631579,0.8702229579796416,-0.1571643735575554,-0.035015865111041856,0.6153846153846154,0.8360344244065173,0.7111111111111111,0.9333333333333333,24.0,21.0
93161dec97a974cdcffebd102a3584d8919901098969ae89737cb0f560debd3b_YVLDHLIVV_HLA-A*02:01,0.30528376455538886,0.42396776547116766,0.5833333333333334,0.7222222222222222,0.867150587961409,0.15366465532506457,0.15984185895796627,0.03850326275593882,0.7058823529411765,0.8083165660630449,-0.13464697514148266,-0.011486827689525745,0.6666666666666666,0.8058458202668319,0.8861538461538462,1.0,24.0,18.0
93b4ee94814b062c8d6b9f8fb7b63f70282fea56b8c618e289f3641e779ce56a_TPRVTGGGAM_HLA-B*07:02,0.6621818545223669,0.4101816537671278,0.5555555555555556,0.625,0.5705347113586162,0.2002952770950836,0.17230929101906342,0.005398647641615347,0.7894736842105263,0.8681477723732504,0.07336851796916755,-0.009245464999693222,0.6956521739130435,0.7589830151127774,0.826530612244898,0.7142857142857143,18.0,24.0
956f953c0b93d596b84ca91f9789ee44816f353650249e3ad52197be3d4d4e51_SLYNTVATL_HLA-A*02:01,-0.34071572679806444,-0.1903862893869858,0.6666666666666666,0.7058823529411765,1.1014239703794169,-0.08848387942430194,0.31857535465956205,0.011307707966628099,0.6666666666666666,0.7595189118844716,-0.19470743919802452,-0.046817625654612435,0.6571428571428571,0.8506034571471541,0.7961432506887053,1.0,17.0,17.0
958a3d89228c491cb03367a28baf4dc6adbeabea7f26664bd0a3e4b9b4bab5a2_RAQAPPPSW_HLA-B*57:01,-0.2969435131713741,-0.3655310185502024,0.4,0.9166666666666666,0.3719819753070489,-0.321866475800899,-0.42887644492206395,-0.06300818446689564,0.8461538461538461,0.7659951988310199,-0.32054705562548574,-0.050593147881396634,0.5813953488372093,0.8003007630126274,0.7407407407407407,0.8,20.0,12.0
9642ba3d3f9e1daba70f8c3987731ffd83d708bfeca9139c1e01bd5cc569428b_GLCTLVAML_HLA-A*02:01,-0.047823430202802525,0.05555630371765119,0.3333333333333333,0.7058823529411765,1.142752981780746,-0.031738734695718245,0.06744329900395228,0.10398663942269366,0.7272727272727273,0.8499531176746367,0.04546928323746711,-0.0030962061124263224,0.6875,0.8323225806451612,0.7961432506887053,1.0,17.0,17.0
9698dfe780db77ea828762b92dbab33403842f8feafa8d5df9651d025740909e_SLYNTVATL_HLA-A*02:01,-0.025829896635102653,0.038281907730846734,0.625,0.8275862068965517,0.46920485275877544,0.019598064466889397,0.23583131761344317,0.03903004673251381,0.8695652173913043,0.8203060306030603,-0.3134903504366078,-0.07091154492794279,0.7307692307692307,0.8017828085671471,0.8008333333333333,0.9375,31.0,29.0
96e2d3cc5dd5f5b3f5cfae35ebd1ba630fbfec2230f443196b6ebb7274006a68_RPIIRPATL_HLA-B*08:01,-0.09090909090909091,0.05715140194959309,0.6666666666666666,0.5,1.789341584906269,-0.01526246554735944,-0.5333333333333333,-0.11310606062175632,0.45454545454545453,0.8555506954772111,0.41629728010309464,0.09813312765901801,0.9444444444444444,0.7488109215885529,0.8897058823529411,1.0,11.0,16.0
9712b7b0f99a4b805d85a379ff17db22489cb0a787bf8bf6c7e423c09a57db33_GLCTLVAML_HLA-A*02:01,0.01655186584297766,0.054848370331888024,0.2857142857142857,0.7692307692307693,0.42312008207709473,0.06495761490225571,0.15172543689396184,0.05826430260927365,0.7142857142857143,0.8161893629456459,0.035039694715580716,0.006978492016728629,0.47058823529411764,0.7832108673738779,0.7824074074074074,1.0,13.0,13.0
986d472db639854ddbaa9e3cd3a541ff039ddef7f290957153a4ef099b099529_LLYDANYFL_HLA-A*02:01,0.08823529411764705,-0.021408155371706206,0.75,0.8333333333333334,0.5805349354938155,-0.13511107038971445,-0.2582417582417582,-0.07437465005563268,0.7692307692307693,0.6765610859728506,0.12594570850303768,0.021275565385782975,0.7142857142857143,0.759648685413359,0.8,1.0,16.0,12.0
987933c073071fd21d06485ca8852e1acd1c5a0942d0a3419e246c1b39806d36_ATDALMTGF_HLA-A*01:01,-0.33698994029562673,-0.11961932684466306,0.8,0.6363636363636364,0.21427089540285604,-0.045475035830515854,-0.15487869900826864,-0.017711656173012496,0.7,0.8072693224378619,-0.06945534428404532,0.0032484109373827064,0.7391304347826086,0.8189924701635034,0.7680851063829788,0.9,19.0,22.0
98a3387863ce60aa3fb86fdf38d5d8252a0b81fa52c6be1a6999626ea0977a67_ATDALMTGF_HLA-A*01:01,0.3674369660182657,0.13477078520683938,0.7142857142857143,0.631578947368421,0.047312276813182966,0.12662451732705268,-0.2618263410549319,-0.03428970795856321,0.7222222222222222,0.8213994188134652,-0.43056052265084915,-0.0752085130980179,0.7272727272727273,0.8044340406833408,0.6666666666666666,0.8571428571428571,14.0,19.0
98f8a67d703c64a4301a7aaa90adc9d1c9b4aa1df8b88cec815da835c031cf01_AVFDRKSDAK_HLA-A*11:01,0.07070459299327023,0.06594241668527459,0.3333333333333333,0.7272727272727273,0.5824798431153827,0.06373054114313668,-0.15599617424073955,0.0077193333398506625,0.75,0.7813602946842777,0.20155094660621986,0.053577893506784866,0.6956521739130435,0.7993778020350084,0.7129380053908356,0.8571428571428571,23.0,22.0
998a091ec9f8240f51a4942ca768949e81ed015102507b748d8487ed0f3048da_NYNYLYRLF_HLA-A*24:02,-0.03692548999131554,-0.12680753430012803,0.8,0.8235294117647058,0.9006775643034984,-0.024786846500919037,-0.06420426922343772,-0.018931824596677544,0.6,0.8266037759708644,-0.2747492253440691,-0.045039163984684216,0.8,0.7865610503757156,0.8097165991902834,1.0,20.0,17.0
9993c2e0e24d94e2b58aff18a7ae5a7837a0969ef58d923e295a8fd560abcbbc_FLYALALLL_HLA-A*02:01,-0.05465202342832118,-0.06336216398106366,0.8181818181818182,0.6818181818181818,1.0570032915526313,0.001899276872486841,0.15291929188686995,0.0013211165289556878,0.625,0.8194870072624993,0.0938576620406729,0.007425829726762177,0.6666666666666666,0.8154347390707255,0.8166666666666667,1.0,21.0,22.0
9a11501cc1664f279b99c0385d9215b98d9d0a96c98891b5ce29d88f32b739a7_LLAGIGTVPI_HLA-A*02:01,0.016528927183474627,-0.11230367966147725,0.75,0.7037037037037037,1.0531123824198791,-0.047655145883227785,0.27316227029531753,0.029950338809436663,0.8421052631578947,0.8549734678518011,0.3698757865456123,0.06577749249035815,0.6086956521739131,0.7852180533036881,0.6923076923076923,0.9230769230769231,24.0,27.0
9a60f83e9baaa07475c534a04606158f8c22ef992c4988d3c97b62db5813380d_GLCTLVAML_HLA-A*02:01,-0.3458001876202644,-0.20169896840102894,0.4444444444444444,0.7777777777777778,0.369174585170446,-0.08961803736191219,-0.2501533272146593,-0.03731894535295651,0.8666666666666667,0.8656291707587318,-0.134392205893907,-0.0441087189417231,0.2222222222222222,0.7922122704881326,0.7083333333333334,0.875,17.0,18.0
9aeff5d205d7c87fb068a3a5a2cf97b6c63fd8826242f6f7d24c48c414fd6e51_LLYDANYFL_HLA-A*02:01,0.2489690660378176,0.14164752116213808,0.8571428571428571,0.8,0.3524355214214108,0.1389270292382787,0.21567136272723836,0.029969078747833045,0.9285714285714286,0.8286929229523136,-0.25902742070017276,-0.03351261386210982,0.7407407407407407,0.7923222533504958,0.8010989010989011,0.9285714285714286,27.0,20.0
9bb5af579c29fa7cbabeeb877f82fbaa6ae34c0304603794b9c86bf014f32f5d_RPIIRPATL_HLA-B*08:01,0.17947226727848845,0.17033110393329595,0.7777777777777778,0.6,0.9698025869795832,0.08874752262902279,0.35867402864373854,0.0583985183513682,0.6153846153846154,0.7807219662058372,-0.25809517052046466,-0.057175787060432415,0.7037037037037037,0.7483777800639363,0.7083333333333334,0.875,17.0,15.0
9c288e3053768c648eccba436fd093beb91ae735b144884ca54bf9ec37574c4f_FLYALALLL_HLA-A*02:01,0.031019506922901265,0.04843322972931957,0.875,0.75,0.8563404779341071,-0.011056760940084601,-0.15690847211119166,-0.01202466476638472,0.6363636363636364,0.8049283543204515,-0.17512361876510038,-0.04077936185840872,0.5,0.8015876612342001,0.7485380116959064,0.8888888888888888,16.0,16.0
9c84716eef8e6b15f5f50e3a7db4ef45cd167d717a09030a0d7537d4de030f05_QAKWRLQTL_HLA-B*08:01,-0.02925891634295355,-0.18825892064926272,0.6153846153846154,0.95,0.9752529024433884,-0.0884423574638101,-0.21135717200370394,-0.0799941139952762,0.8333333333333334,0.7747538677918425,0.15439209242590077,0.016746899356821523,0.782608695652174,0.8069316491187913,0.8741258741258742,1.0,25.0,20.0
9cf67c683593899ce5725e25c9171e6ec083f9e798f92c3a7e42f2f759dc55de_QAKWRLQTL_HLA-B*08:01,0.032352941176470584,-0.0030622354173029387,0.625,0.8,1.3919303388330213,-0.006313655649792408,0.34642857142857136,0.04965951472093188,1.0,0.798437202210787,0.2690125179292488,0.057832044860111016,0.6470588235294118,0.7843705767736369,0.8533333333333334,1.0,16.0,10.0
9d04eba2b2924a0337ee96bb00476f19baa5cdce6176a3bbd985f81cfde4fce4_PTDNYITTY_HLA-A*01:01,-0.4728143118009716,-0.3609575610704417,0.5,0.75,0.605096032143131,-0.1907006929584646,-0.2396694441603821,-0.03018627935940952,0.75,0.8979674796747966,0.10292097924944636,0.05017140701818945,0.875,0.8060331508287708,0.7700534759358288,0.8181818181818182,24.0,24.0
9fa54dfc97b17687e4f51275fdc0bb8ee044d853efef80bcc6eca1f87c56601b_PTDNYITTY_HLA-A*01:01,-0.02657378227482075,-0.019009588427156665,0.75,0.7368421052631579,0.43425524047664027,-0.09468233718145587,0.2451107842996669,0.015934877151429296,0.75,0.826488513830286,-0.2761794632967136,-0.033890987692542215,0.52,0.7658550380793561,0.7093596059113301,0.8571428571428571,24.0,19.0
a1d46e02a706837e9e69ad39f7e7b97ba1084d5133e923848bc3c742cecfc717_ELAGIGILTV_HLA-A*02:01,0.06510438742573312,0.16219925566758042,0.5454545454545454,0.7142857142857143,0.8943334314885851,0.022160501654515646,0.1458877099864138,0.0318448555299752,0.75,0.8337662337662339,-0.1565528010219552,-0.02265890625762944,0.6,0.7832848138454142,0.6901408450704225,0.7777777777777778,21.0,14.0
a20e5091a43f432cc6519baa2fc9b30fe6e352b3949de8c8ef8bcdfda468e7d3_IVTDFSVIK_HLA-A*11:01,-0.2304219480581347,-0.03840554130837598,0.7,0.7894736842105263,0.8533424447204242,-0.02814978702883553,-0.22966893515598388,-0.08892420903432459,0.7647058823529411,0.884267631103074,-0.07773563509191683,-0.03278676615734311,0.8,0.8252798398573419,0.7246376811594203,0.9166666666666666,20.0,19.0
a26a50025184201d8b2794ac99f4d59a413d6576083591e61ba7b083f3392bd7_AVFDRKSDAK_HLA-A*11:01,0.16721116741542202,0.005721878648741421,0.4166666666666667,0.8421052631578947,0.4936056744462509,0.09522468117359395,0.16546938442151135,0.007842282862373087,0.75,0.7767232767232767,-0.2063747937452529,-0.07560198349793697,0.6666666666666666,0.7203595047486451,0.7700534759358288,0.8181818181818182,24.0,19.0
a274fd32c6bd6aa0b1f6db0846888cdcf5be62662a249fe78fac2a27eb6083cb_RAKFKQLL_HLA-B*08:01,0.16249465135521032,0.09936604745261,0.6,0.8571428571428571,0.2378567740452415,0.053483851840341635,-0.19844985091036613,-0.013318276432184766,0.9166666666666666,0.8515324852727737,-0.284562209361594,-0.0658275881140429,0.625,0.8077419138503651,0.8534278959810875,1.0,19.0,14.0
a2c471fccce17ca594231d5734cd435b1de182989cb974bb744fa96f0e99cbe0_TPRVTGGGAM_HLA-B*07:02,0.2857158147206189,0.20947641031386388,0.75,0.7777777777777778,0.5163580856179736,0.055398154301034806,0.2598579838157837,0.04244891638908699,0.9,0.8511144023407867,0.025396585516744907,0.0013920944615984949,0.7586206896551724,0.8526907133894608,0.7384615384615385,0.8461538461538461,24.0,27.0
a2db9d50a972a42c4d7435a19203228690373c85d506e40ddf77c37cb91d5ffa_GLCTLVAML_HLA-A*02:01,-0.07667318057834165,-0.007800219432772815,0.5454545454545454,0.8421052631578947,0.8716873031940848,0.04850006115756411,-0.3365822672845845,-0.060852703045961715,0.6470588235294118,0.8118062317429406,0.01538461631095279,0.018132674725869494,0.9166666666666666,0.8166392751790983,0.7945945945945946,1.0,21.0,19.0
a397d6fe390bf98d5e1dcc35e5f214d5d5e4bf2c009e7d8d3aca25e06e83f1c1_RAQAPPPSW_HLA-B*57:01,0.36381849294155894,0.2605206314854871,0.5833333333333334,0.6956521739130435,0.8991968054694854,0.13024325417879487,-0.26384504793551017,-0.0356642226682178,0.8,0.8188782489740082,0.09705567292374352,0.03353202160858891,0.7741935483870968,0.8055333492423339,0.6579601990049752,0.8333333333333334,23.0,23.0
a4c16d80622e1db52da5996b63cd393e6de1e4ee052aa43216e2997d957e06e7_LLAGIGTVPI_HLA-A*02:01,0.11963886005332142,-0.03349408751686686,0.7,0.7083333333333334,1.0422099821685766,-0.04472902142919657,-0.13514700730605864,-0.025942099538590672,0.8666666666666667,0.8528987216378131,-0.21878336496463063,-0.057097497495608995,0.5833333333333334,0.792012882168093,0.7168458781362007,0.7777777777777778,20.0,24.0
a56d8016a7b0b355c9139cb0879f95ca18280f01ddaf00e05031f0fd67d6bbe2_YVLDHLIVV_HLA-A*02:01,0.13774619536276697,0.09586040859020903,0.75,0.5263157894736842,1.4791360271713532,0.08350756271020057,0.20572483723010648,0.03263316599208541,0.4444444444444444,0.8530428432327166,-0.041503619369984125,-0.002770752897723408,0.7083333333333334,0.774358924433887,0.9259259259259259,1.0,15.0,19.0
a5df36bb52be04a768e4798023785e6ee789d986567e30ecd0cde896925ed156_YVLDHLIVV_HLA-A*02:01,-0.12005521728215453,-0.05181476289180767,0.6875,0.9473684210526315,0.8194451357932705,-0.0632043145008857,-0.11586466856190215,-0.03264707499111544,0.9285714285714286,0.8003329069247723,-0.22415819283088004,-0.03200939657102474,0.6666666666666666,0.7909371005474761,0.8205128205128205,0.875,32.0,19.0
a67768c71b37f2bb38ec4a4539b1c14f5b88f8c0b4f9873c881c6db07078db5c_LLYDANYFL_HLA-A*02:01,-0.15441195252576578,-0.1506439058878226,0.8,0.8518518518518519,0.5967009779462281,-0.027099482087583397,0.06734929098165171,-0.009624043902928441,0.7916666666666666,0.838647816349384,-0.21928907808070477,-0.061593636556364274,0.7096774193548387,0.7930896861561219,0.8108108108108109,0.9333333333333333,30.0,27.0
a6d5615d4f76643087a169f8d53e631343fa9f6e86fc2078401998abf52552e4_YVLDHLIVV_HLA-A*02:01,-0.17991548711180821,-0.2710338078604213,0.5454545454545454,0.6521739130434783,0.882846270542013,-0.10937850583011541,-0.07903655771903434,-0.023235292291811788,0.6,0.8546487220644524,-0.5014707991486094,-0.10528309307458075,0.6,0.8165891727410534,0.8461538461538461,1.0,22.0,23.0
a80398f39abc86aa4a8819f6826341df3defc52db774812ea104e6d928dc2cd8_QAKWRLQTL_HLA-B*08:01,0.43769199144964654,0.20572234308269527,0.8,0.75,1.1837859517516733,0.11973126683234189,0.5106406566912542,0.09581462293914522,0.8571428571428571,0.6732653061224488,-0.22977685126322234,-0.0654283708750452,0.8421052631578947,0.7866625864274833,0.8928571428571429,1.0,10.0,8.0
a84b038928b488747a1bd88e88891c80d157ed1cb8d02929ef423b70146c4ad6_ELAGIGILTV_HLA-A*02:01,0.11671254520819162,-0.0024065180740108216,0.7857142857142857,0.6785714285714286,0.5041295479709191,0.031123304529089377,0.1426861086647924,0.008450086869516994,0.68,0.8224036412238558,-0.08815357694703557,-0.014773113592693775,0.6764705882352942,0.7889898323436364,0.713307240704501,0.8571428571428571,27.0,28.0
a90b56d4576488c3774aa02a3c8c7ef6cfadbf0d3ee1a0c98872b65c36866de5_LLAGIGTVPI_HLA-A*02:01,-0.40766612388524986,-0.3260410153221993,0.5,0.8888888888888888,0.8226347947789963,-0.11363168057027147,0.04602827989681509,-0.012267873700043645,0.7142857142857143,0.7201886472573711,-0.09812174951397543,-0.010433649431197756,0.6666666666666666,0.7957603414393017,0.8,0.7,24.0,18.0
aa3b886ee70ae56ccfacd458f7740ccd01da50c065157c49fd74bb998b828dfa_ATDALMTGF_HLA-A*01:01,-0.2892563526955712,-0.0026822790150926173,0.6666666666666666,0.6,0.2854461493362873,0.007160700026816645,-0.2660944706155935,-0.06116095245923327,0.5,0.8788389513108615,-0.264235936420043,-0.025214941183876505,0.9259259259259259,0.8098594213186833,0.8526315789473684,1.0,18.0,20.0
aac23c1c04a7612dd037e3bdf97585acafaca06eae0fd2a8ac3690fbca17d403_LLYDANYFL_HLA-A*02:01,0.09815245402618245,0.005199681010449944,0.6923076923076923,0.8888888888888888,0.6247812944238923,0.035534388028852636,-0.3733642368839097,-0.054109804136569545,0.9375,0.8258790436005627,-0.07936197755255536,-0.010836310545872254,0.5833333333333334,0.7326515182100793,0.7566585956416465,0.9285714285714286,25.0,18.0
ab378b94ed2e41bcde735167e78ab291624362ba4d9b01a612fa84e3f827b076_NYNYLYRLF_HLA-A*24:02,-0.04939118577177574,-0.052450666559030495,0.8,0.5,1.696898033066875,-0.021688450876214682,-0.6628886317893191,-0.11627183759376401,1.0,0.7851540616246498,-0.24126702898181238,-0.043340236723594765,0.6382978723404256,0.8077603213301277,0.8928571428571429,1.0,10.0,8.0
ab65a8de9ed67efe2744956a8c8af6d32ece42e3e2e1b8d4c22dac20429ebbf1_FLRGRAYGL_HLA-B*08:01,0.0385676394588736,0.03381573543297142,0.7142857142857143,0.6923076923076923,0.2323900037726574,0.021405581951506707,-0.6842147381769412,-0.09400763901920381,0.5294117647058824,0.832229228190598,-0.46966322583140785,-0.1088409220424457,0.6,0.7448947182012409,0.6954732510288066,0.8888888888888888,13.0,13.0
accfa8af62f0004f5fbbebecd35a9085f1c3680ccc3e0e0d447773b888e6109b_FLRGRAYGL_HLA-B*08:01,-0.2865948171261697,-0.1464511778856163,0.5555555555555556,0.6666666666666666,0.4568999493709774,-0.022079663920415903,0.342691695529195,0.021136411409930094,0.6923076923076923,0.8743749284269189,-0.1003762527037207,-0.012174297826991145,0.7777777777777778,0.791677209151112,0.8757575757575757,1.0,17.0,15.0
acfb2994974b1c81c89cc076cf5aab35e01dd6a02e6be8f05010778eee218b66_LLYDANYFL_HLA-A*02:01,-0.022033901821619517,-0.035302052826275805,0.7272727272727273,0.9333333333333333,0.6678386237756366,-0.1586018184665683,0.0552306809250766,-0.013738482576486483,0.8461538461538461,0.8343074225599066,-0.3562041606381553,-0.05814157797102305,0.6842105263157895,0.7594122839488596,0.7857142857142857,0.9090909090909091,22.0,15.0
ad511d7acb889a7fa07cbfe093f72d52220b0fa23d1e07a1f035d1ce757c51ab_GILGFVFTL_HLA-A*02:01,-0.11070186069251192,-0.05937309326253851,0.625,0.6363636363636364,-0.04942137338414024,-0.043519605704910036,0.17859900191725256,0.021897619478495767,0.5909090909090909,0.7760521265675904,-0.11343657078553256,-0.03128357689954145,0.6818181818181818,0.7971381388520197,0.8421052631578947,1.0,16.0,22.0
ad940c5b7f74f0798aab1a6bb6357eff4c3777f63088370cb1ab8db4d70e6a54_CLGGLLTMV_HLA-A*02:01,0.6302743551120135,0.47099837371703124,1.0,0.5833333333333334,0.15579536907961078,0.21277722473128832,0.4096682888050979,0.25092005608384943,0.5384615384615384,0.7852487135506003,-0.08122829147274455,-0.023046673269571914,0.832,0.8324939235942321,0.7714285714285715,1.0,9.0,12.0
ae5d9d3411a564673e2c0d82bba6f202c68682cc92c97855164dacfc007e8893_GLCTLVAML_HLA-A*02:01,0.049518616309265656,-0.07196697528870372,0.5714285714285714,0.6111111111111112,0.7333228384363959,0.11922530446923206,-0.20082549947646627,-0.05029726594455236,0.5714285714285714,0.857838364167478,-0.26612841693602096,-0.03138850570640938,0.9090909090909091,0.8408485920113826,0.8047619047619048,1.0,13.0,18.0
aef41735c4e10edae738cadeb7ba893e90c41cf7ef9b3215ba971c7d308ec181_FLYALALLL_HLA-A*02:01,0.08805420409112626,0.032584792120410766,0.8666666666666667,0.9375,0.8757262703593024,0.014523366329996318,-0.11353056089277234,-0.006204735717420849,0.7333333333333333,0.8242284031757715,-0.22948128830777284,-0.05014773885143126,0.68,0.8085817452874907,0.6755020080321286,0.8,29.0,16.0
af46adc631ae273bfd8d73149bdf6abad1da55edbde4f817c520926c5eb994ea_RAQAPPPSW_HLA-B*57:01,-0.11512993512021238,-0.1961754081937924,0.625,0.75,1.1560554445271216,-0.012758108006635871,-0.5348147922663152,-0.058950219664272274,0.625,0.7523088023088025,0.08312429733799855,0.019143563773686575,0.6818181818181818,0.8311441957062474,0.7529411764705882,0.9,16.0,12.0
b00c559cfff08916dfe1a30ebf7b4adaa4184752dff63cc063b4511bf79164bb_TTDPSFLGRY_HLA-A*01:01,-0.25402351250392585,-0.26918397928835947,0.6666666666666666,0.6521739130434783,0.8763306870257286,-0.0608766651498223,-0.23140498056864478,-0.02907305553928374,0.7,0.8492849846782432,-0.3202763653108291,-0.06762152118420696,0.7333333333333333,0.7945241452444631,0.8275862068965517,0.9166666666666666,24.0,23.0
b05f598c99c70c1b2943a22bf5a423ccabc9f8c3cb409f4dcbc2430dcddfc0dd_FLRGRAYGL_HLA-B*08:01,0.09999999999999999,0.24617071695711493,1.0,0.16666666666666666,0.9693900473383984,0.15573746750361328,0.8999999999999998,0.070695890072204,0.2857142857142857,0.8431632653061223,-0.3415697462632339,-0.052883266963054947,0.76,0.7989762922658377,0.8928571428571429,1.0,5.0,12.0
b133a1133f170a5d127bedbd703c86a7d6729124fcba16653a97797a5723e10e_NYNYLYRLF_HLA-A*24:02,-0.14001508055266929,0.018366148591916626,0.875,0.75,0.9424854003945455,-0.015771625139994458,-0.16100204652790942,-0.015097513583289967,0.6363636363636364,0.767270601987142,-0.2353795393662088,-0.04779707592546921,0.775,0.8383333201591292,0.7272727272727273,0.9090909090909091,16.0,12.0
b206788ec9d00b6aebf427d3c5ef492041c605562c7ed9edd0210672f7fe02b3_ELAGIGILTV_HLA-A*02:01,-0.2774036147745912,-0.08209137971921647,0.6923076923076923,0.6666666666666666,0.6750591444218892,-0.0477002195480421,0.2300138305839319,0.024735826461019402,0.5862068965517241,0.8697547653109116,-0.09669094158985232,-0.023976088438009194,0.8571428571428571,0.8298599843447878,0.6410256410256411,0.8666666666666667,25.0,30.0
b23ede098115150bcf1a2f8333c820006e166d6ee7f0fa4dc8f9063bfae890b6_TPRVTGGGAM_HLA-B*07:02,0.19382383852775661,0.2818375236532914,0.8461538461538461,0.7666666666666667,0.7515420416154752,0.1637122357291743,0.38224223135952007,0.1483216716449853,0.8695652173913043,0.8567708227860918,-0.09706050085309126,-0.022828266662999173,0.65625,0.803480356180394,0.6967670011148273,0.7692307692307693,25.0,30.0
b2ad819f899afd8cc93640bcbf7edd7c21ec83c584e400e8d0f91b3593d9bc34_RAKFKQLL_HLA-B*08:01,0.36088291207946016,0.11782174846756616,0.8571428571428571,0.5,1.0096641277952032,0.06753629245950392,-0.29179466096643103,-0.017708017884236305,0.4,0.7544401544401546,-0.09605976035979608,0.0016054361361561554,0.7142857142857143,0.8064978700056101,0.6954732510288066,0.8888888888888888,13.0,8.0
b357021198c715f0ebc7ed818732a70551daad5b76c4bea5caec7733e12277d8_FLRGRAYGL_HLA-B*08:01,-0.7857142857142858,-0.37887119256472185,0.5,0.45454545454545453,0.9638553418594049,-0.18417636408632213,0.261904761904762,0.04493141307240056,0.5,0.8181020033522229,-0.13678173121375972,-0.01714378291464341,0.8,0.8048734572887619,0.8,1.0,8.0,11.0
b3902b7b538aabed8c6c49a61a704e69f6c30134c0f7244e285e18c656dcfd10_YVLDHLIVV_HLA-A*02:01,0.09394209063990669,0.24429387038183317,0.8,0.8,0.629044034710519,0.017626546260038848,-0.05179984437153733,0.04415203832718307,0.8666666666666667,0.8499521531100479,-0.2520443439645422,-0.06689475643963326,0.6666666666666666,0.8047953985988907,0.8395348837209302,1.0,19.0,20.0
b3a5a87d7672fd9e7296b700a76955d10c6959f6a316c51a0ab68552b0316f13_FLYALALLL_HLA-A*02:01,-0.285967040194509,-0.06949570568142543,1.0,0.6,0.9786941484482846,-0.014325220087806246,-0.4390693940217231,-0.021382658314005883,0.65,0.8637152321362848,-0.13232629002684776,-0.03777506248878929,0.7083333333333334,0.8159804051572113,0.6982591876208898,0.9090909090909091,19.0,25.0
b3aaf0f8b346b39667a99bb37a7f44f8ddc786bcf8ec2a0b5959aaeaf80374c5_QAKWRLQTL_HLA-B*08:01,0.15146986710723312,0.3240714905621722,0.6,0.9090909090909091,0.9391460330131608,0.10233703759818948,-0.2075644868045384,-0.008931647985631383,0.7777777777777778,0.709148598625066,0.02103188480445108,-0.01436501460905585,0.6129032258064516,0.8020680367175129,0.8097165991902834,1.0,20.0,11.0
b3b0bab622b52369ca87327b7bff3f8bf1d088e273916a95f361d165f3f3c475_SLYNTVATL_HLA-A*02:01,0.15124157780325537,0.17248907826007942,0.5,0.7058823529411765,0.6461229331426359,0.09621392817983684,0.10969724618998265,0.046905785235506696,0.8333333333333334,0.7908777969018932,-0.1517552547398546,-0.013057690262049282,0.782608695652174,0.8439518578385447,0.6993006993006993,0.9230769230769231,20.0,17.0
b413e22c74785ab75e99e30d9ec43865e9835ef1cdf89a7a7ddc889433a622a2_RAQAPPPSW_HLA-B*57:01,-0.19762319144297585,-0.2661896467334704,0.6666666666666666,0.8333333333333334,0.2559168413947717,-0.04387961897306445,-0.14770195996526217,-0.0017983962714918406,0.7142857142857143,0.7728853425055956,-0.2586041736861314,-0.04114897141491779,0.7083333333333334,0.7841328784024371,0.7633477633477633,0.9090909090909091,23.0,18.0
b4653938347aca24938c250d483967b390955bd1984a34503c42f41609b534cf_LLYDANYFL_HLA-A*02:01,0.10542721647607504,0.011727210282740902,0.8125,0.8333333333333334,0.7115337116744133,0.059535004083053365,-0.13256326523861262,-0.02418015863295416,0.7931034482758621,0.840425948784263,0.012476650716298963,0.013257609392335373,0.5666666666666667,0.7968205574912892,0.7757575757575758,0.9333333333333333,32.0,30.0
b4b4d95392959ba494c000c70b3453d06b339ae7653bf2f1e0237a74c55c3d26_PTDNYITTY_HLA-A*01:01,-0.01845031011541865,0.04397819812527799,0.6666666666666666,0.6842105263157895,0.7216200070445138,-0.0021787331435838683,0.0873314678796483,0.029752920636542515,0.75,0.7485876278222132,0.024878044021537465,0.001361983317563468,0.76,0.8144974695893867,0.6422222222222222,0.9,17.0,19.0
b54be9f4f3ed8a3df4211ff752b1c0a95ae1847c10595cd3b05fb306c83cc832_GLCTLVAML_HLA-A*02:01,0.1605303655536629,-0.05622483838677907,0.625,0.6470588235294118,1.0654671735380243,-0.0924371518152761,-0.14580280908084978,-0.10524437943451603,0.75,0.8110310741889688,0.017730226743412306,0.0039829818322010225,0.47619047619047616,0.766126084970306,0.7111111111111111,0.9,16.0,17.0
b62bead6a04b1f2207e9a095e76c94b9d4e49f11a1a7994b2133a8d11be52c5b_RAQAPPPSW_HLA-B*57:01,-0.1500625222720717,-0.36755522025106035,0.4444444444444444,0.7058823529411765,1.0681338200522312,-0.13759919388686842,-0.3618942474338481,-0.1024003022854624,0.75,0.7728821811100294,-0.03698358349919936,0.009954762814645784,0.6774193548387096,0.8084272958676371,0.7135802469135802,0.7777777777777778,17.0,17.0
b6b7d6bc5bd2c79606b28cd53f8c716bbb30478818f35a850870c7fe68ebd6bf_QAKWRLQTL_HLA-B*08:01,0.054554472558998104,0.17741981612376675,0.5,0.75,2.121349368757611,0.1490791838920781,0.41194292043554975,0.12104970948532959,1.0,0.7834782608695651,-0.22887054811851593,-0.051634369659650764,0.7368421052631579,0.7791674355346878,0.9074074074074074,1.0,7.0,4.0
b75ed7a736d4ad76b38431caf01b8c23b1e165c78f2ed032c42c7f4ac033a632_GILGFVFTL_HLA-A*02:01,0.24530079519461093,0.08444068162053306,0.875,0.5789473684210527,0.5264170198116456,0.025182016869201983,-0.005371550259736006,-0.010693846790629132,0.6111111111111112,0.8348300400968103,-0.011235955072732109,-0.014944192361803242,0.75,0.7850849274497453,0.7601351351351351,0.875,15.0,19.0
b7b85be3685c9f3c6a9679981d28019b2f2c3cc90c20f949d5ed5d5d19d5839b_RPIIRPATL_HLA-B*08:01,-0.27748873851023215,-0.11040653436337142,0.5,0.5238095238095238,1.0158146432535147,-0.09632018420457876,-0.47636932445704927,-0.14856465292836032,0.6153846153846154,0.905479595031834,-0.07057396241602705,-0.00840235128707635,0.7619047619047619,0.8255937373765513,0.7142857142857143,0.8888888888888888,15.0,21.0
bab808f4765cd2351c5bd87c314ff769caac35e465676ecbb494a60c416eafe8_IVTDFSVIK_HLA-A*11:01,-0.13768890406182246,-0.22651981374023047,0.5714285714285714,0.9,0.2409115049855229,-0.05562551562025235,0.043084288542152065,0.02103993386781572,0.8181818181818182,0.8313860483952618,-0.1283047941559516,-0.008540913963367541,0.7272727272727273,0.8167569813640555,0.7147058823529412,0.75,27.0,20.0
bac8a56e0b67c1ed1964a8b3a5650b70ef5dd5a7594f47531eccfb0ab80bc3ea_IVTDFSVIK_HLA-A*11:01,-0.1832581823744441,-0.11628789629090377,0.36363636363636365,0.875,1.0764204367070365,-0.054290872885614565,0.2699190560106212,0.06501020215184906,0.9,0.8125874125874125,-0.26150766740728704,-0.07669263990312385,0.782608695652174,0.805535981208627,0.6894586894586895,0.8461538461538461,22.0,16.0
bc6074733b051223ce39306b2704a80d572ce714e957624c4071d9e90d17e2d5_LLYDANYFL_HLA-A*02:01,0.14285714285714288,0.7394559067746861,1.0,1.0,1.5698792051163593,0.2304025550167847,0.14285714285714288,0.16216606144568374,1.0,0.8035087719298245,0.0636803207876974,0.021896948549584135,0.6333333333333333,0.8026875448068284,0.8166666666666667,1.0,7.0,4.0
bca6b95166ab4f042a7bfdf5663659471b4a93e796c70c11129e7a8c97c4c238_FLYALALLL_HLA-A*02:01,0.35010402448483197,0.06920036873683705,0.6363636363636364,0.8125,0.4917205834320158,0.026039871621796898,-0.2954185971930344,-0.006778053114985782,0.8125,0.7741873380229543,-0.2291599732468664,-0.07111181731726195,0.7222222222222222,0.8155254356627353,0.786096256684492,0.9090909090909091,21.0,16.0
bde0c00a88c1117837474b78cb7342a96a44c1497c700da1305e41b7c2b3f6e3_NYNYLYRLF_HLA-A*24:02,0.2249783271556262,0.12440688959724336,0.6666666666666666,0.75,0.6133238411286639,0.015813355558071823,-0.1473789049334379,-0.022687185457467226,0.7647058823529411,0.8435248296007789,0.06600055250027091,0.014421659806795228,0.631578947368421,0.8233424057744818,0.7384615384615385,0.8461538461538461,24.0,20.0
be34406ab690f67a623a6090a6c2be872615e7c9eea58ae631484c78f49b44d1_FLYALALLL_HLA-A*02:01,-0.23152482606209382,-0.038836034877099024,0.5555555555555556,0.75,1.2229997723173942,-0.02585400042664845,-0.3744634956601738,-0.06852345126576954,0.6923076923076923,0.8140944498539435,-0.17314624672751855,-0.03839489451030881,0.7727272727272727,0.7522140658299785,0.7363636363636363,0.9,18.0,16.0
be49d2e8319840b52dcc45b1daef6c3bb17784a43d5d12da0dec4ca669400d53_ELAGIGILTV_HLA-A*02:01,0.19607932351812613,0.1624973967620416,0.8,0.6666666666666666,1.3301713478090627,0.03425072972716094,0.23378688573315037,0.03522324222243682,0.6153846153846154,0.7971858510846198,-0.013540622622387559,0.010161534797555802,0.6296296296296297,0.7709242477857654,0.8333333333333334,1.0,20.0,24.0
be86c9fe596f43224ed47129f23da8dd63581e501b4144e92edb7367c0c0083c_TTDPSFLGRY_HLA-A*01:01,0.19394473126388934,0.11879865450825501,0.7,0.6666666666666666,1.0969864525394346,0.10482449947520583,-0.1879194881300326,-0.046212755954000755,0.5833333333333334,0.8356702069602451,-0.23533276224986682,-0.04028452131314219,1.0,0.7737679289528455,0.8004434589800443,1.0,19.0,21.0
be91f2fd1d058c01b1064254616606a3f4ad357d550241128f24a7a83245b523_CLGGLLTMV_HLA-A*02:01,-0.04064737254121766,-0.042613526537575476,0.6,0.7142857142857143,0.8637021987425815,0.005423295056924026,-0.08656384893037093,-0.014155168489197064,0.6923076923076923,0.8496993572465271,-0.3917588654990989,-0.0766519604810648,0.6785714285714286,0.8365829029745248,0.7407407407407407,0.9,20.0,21.0
beb13d05725a0df9a586670432694863d2e8a8a934cdb2b408e4abfc7554f461_YVLDHLIVV_HLA-A*02:01,-0.037423860996873996,-0.01900770143715319,0.5833333333333334,0.8461538461538461,0.9169923440968107,0.010795906364667074,0.09048210152285631,0.02622221213646842,0.8888888888888888,0.7865911582024115,0.2447058856501174,0.05091437288486716,0.5,0.7801246746958783,0.8181818181818182,0.8181818181818182,24.0,13.0
bff873a0030517d0d5710ded77efbaa515145ecbeee4287c210dc1ec6fce8291_NYNYLYRLF_HLA-A*24:02,0.2764984828135522,0.16136530126610432,0.6666666666666666,0.7777777777777778,0.8580173960159917,0.08623279265430558,0.4251749964783432,0.05996544411566284,0.8181818181818182,0.7899573257467994,0.16238179630057575,0.03902415670642309,0.7307692307692307,0.8137025290519345,0.8477564102564102,1.0,23.0,18.0
c1f8d796bd71282b00228d4beb2b95500ccfcda65da8bb795c0bc9eb0d92e6f9_FLYALALLL_HLA-A*02:01,-0.292090828673321,-0.28557517099108704,0.5384615384615384,0.9166666666666666,0.8418570447682863,-0.1258134585344168,0.10353588754413588,0.009362055604474069,0.9473684210526315,0.8155049135289353,0.11451901367970005,0.015283094609517064,0.75,0.7993812804897834,0.7788018433179723,0.9285714285714286,26.0,24.0
c22eb94afeb44ccda5d6fefb9f49e2587bb2af48acb75382953b201b9e028c89_RPIIRPATL_HLA-B*08:01,0.13488659800790456,0.1453950470172853,0.5555555555555556,0.6923076923076923,1.0247028031876928,0.016074320558636414,-0.13047368927546668,-0.04688189914509667,0.5,0.7679005817028026,-0.008799807178366372,-0.031551833728517574,0.8148148148148148,0.7891500014019697,0.7961432506887053,1.0,17.0,13.0
c3036d0bbf5de1a67cbaa219a7e8aa353a597b8a846fc1f42b239090cdb0c805_LLYDANYFL_HLA-A*02:01,0.07466009469918745,0.01642175399364393,0.6666666666666666,0.8235294117647058,0.9960299366413886,0.005031631796402828,-0.08904781612908881,-0.021423963842117928,0.7142857142857143,0.7991658154579504,-0.19762529147835128,-0.06021004465375065,0.7222222222222222,0.7584763796283162,0.8657937806873978,1.0,23.0,17.0
c31acb3cdf08b09823516b9042ce2cab9b096ca7ac49032f3860e298f51f836a_QAKWRLQTL_HLA-B*08:01,0.47899929761404214,0.24018650297780003,0.375,0.6875,0.265416475916528,0.09414880511385511,0.014298486495941554,-0.05423692956912932,0.8461538461538461,0.758450704225352,-0.03887049511753912,-0.0170729626892253,0.7105263157894737,0.8038238889999071,0.8620689655172413,1.0,15.0,16.0
c59586ff1ae469d240d33050133f27a2a18b82f7f397c403c58acffefffe2757_GLCTLVAML_HLA-A*02:01,-0.2178072701509463,-0.2797867237657975,0.625,0.7894736842105263,1.7384142096556436,-0.04572760694973736,-0.2619573924788408,-0.09656069879832405,0.6363636363636364,0.8222996515679442,-0.03990731337214182,-0.006871752098339427,0.56,0.7145970682701828,0.7529411764705882,0.9,16.0,19.0
c63213e3ecac8e401d0e6028e1e2a2f5f03c5375e87c4b34be64e9406e3df7de_TTDPSFLGRY_HLA-A*01:01,0.33942571601815946,0.3372317075606427,0.9166666666666666,0.7777777777777778,0.7715116589482344,0.1444065084168883,-0.1443044274347833,0.003522602215107476,0.6470588235294118,0.7461063767264179,0.23572897265064005,0.06487976499454629,0.8461538461538461,0.8077569811052454,0.7346938775510204,0.8571428571428571,24.0,18.0
c640c317c2cd74bec51d21259ac4ed1d9804ae4f17e4be6e6cfd204feccc6157_PTDNYITTY_HLA-A*01:01,-0.07293540425217197,-0.08632761552777146,0.4166666666666667,0.7272727272727273,0.9753874207206727,-0.09255108662070333,-0.06053142393717675,-0.024132040024339916,0.75,0.8455398839567904,0.1145604527109548,0.025787834083623624,0.8484848484848485,0.8184393314521382,0.8201550387596899,1.0,23.0,22.0
c6941fcb4aacf10ef9c4f09b9f3a17592f91fc68ee8b1dbea9e440a091147020_RPIIRPATL_HLA-B*08:01,-0.058840285093169985,-0.12388163531320212,0.5454545454545454,0.75,0.32291180082452087,-0.021766345406383034,-0.43394710256212854,-0.04899282568591675,0.7368421052631579,0.8009222133119486,0.14094460475013604,0.030180865978757906,0.7560975609756098,0.8580748110949454,0.8642857142857143,0.9,22.0,24.0
c6bc55674484240d838a7e09301c3305fb583f618c3b627fefe9b8f9f3bb4151_ATDALMTGF_HLA-A*01:01,0.3702023967942232,0.2886571015787257,1.0,0.6153846153846154,0.6072466089959001,0.10440617805159413,-0.23361024280220033,-0.07480574193493161,0.7222222222222222,0.8631221719457014,-0.1590011100097229,-0.024772939544038683,0.7741935483870968,0.7698622736065757,0.747457627118644,0.8,21.0,26.0
c6e2cacd66ae65b8f2e7c0ff05d5cc465b9a293dee3a4ffa5995529589b11487_IVTDFSVIK_HLA-A*11:01,0.16223865654279476,0.1822964412033054,0.45454545454545453,0.6666666666666666,0.7586173981761898,0.0844048250830149,0.18599418683123947,0.035718939400807025,0.6,0.8291381668946649,-0.19058346121311606,-0.0475317993233552,0.7142857142857143,0.8042948569106636,0.7857142857142857,0.9090909090909091,22.0,24.0
c7067fcb7df410b2339a6da664d158e292669e116ed8fce61c9a2c0f3aeda3bd_CLGGLLTMV_HLA-A*02:01,-0.3585027565008877,-0.03234849103256308,0.4444444444444444,0.75,0.20981914426285275,-0.0286383286055365,-0.14364665243357486,0.002167778396591274,0.7058823529411765,0.7910443986393353,-0.2507855686165412,-0.04115110068095321,0.59375,0.7704187521930479,0.8095238095238095,0.7142857142857143,17.0,16.0
c70eca6422fa50b2ee1657ac4ea8764e867115716b6f18c933364686edd976ea_LLAGIGTVPI_HLA-A*02:01,-0.4686948465590252,-0.19270941819555784,0.25,0.55,1.0850416692585791,-0.054898571481799885,-0.08407884652013047,-0.020813658126453333,0.6666666666666666,0.8714651077822433,-0.16905061107925368,-0.025518214609601905,0.6785714285714286,0.7596266194835788,0.7142857142857143,0.8571428571428571,15.0,20.0
c71dbb1887f070ff7aedb7973bfad1b55e03f018f86ea08089ac899412e881ca_GILGFVFTL_HLA-A*02:01,0.015850603368593022,-0.0656295171691969,0.5454545454545454,0.8,0.4425952779345208,0.010037544907547031,0.4036242929216723,0.043413159494011144,0.6111111111111112,0.85406858814095,0.253857287727649,0.04745495663248476,0.7727272727272727,0.8249178519206088,0.8066666666666666,0.9,22.0,15.0
c72d9418549d43d06e24a156b8e42fbddce1054a1bc753321f73198ad0e60d01_PTDNYITTY_HLA-A*01:01,0.051957890248402916,0.0838993665062615,0.8,0.7368421052631579,0.9887609569869094,0.010071284113505052,-0.0594880192699106,-0.03451272595272277,0.9090909090909091,0.8082423905208713,0.1993301172767133,0.07995854712800024,0.8421052631578947,0.7809197218710494,0.7326007326007326,0.9230769230769231,20.0,19.0
c766bfeca095be32ebee30283d83d7e7a7d62c71fecb2871cfc0faf5cef2069a_TPRVTGGGAM_HLA-B*07:02,0.21586526995195685,0.09891044720700756,0.7272727272727273,0.6666666666666666,0.47696836793722963,0.02804801995193238,0.1280460656407933,-0.0028487243398494116,0.6428571428571429,0.8811315740369011,-0.010024302158782066,0.018754515386380014,0.43478260869565216,0.8235732209624176,0.6722222222222223,0.7,22.0,30.0
c7a26e721d52a70a86472109b6aa5d14e56a704998f4f44c261638a4ca0072ee_QAKWRLQTL_HLA-B*08:01,-0.07898201725678752,0.011610418597695158,0.6,0.9166666666666666,1.149824850524458,0.0034216955822960276,-0.3582860570391281,-0.0686039596316864,1.0,0.8655462184873949,-0.3359310887498716,-0.07433234582424708,0.7368421052631579,0.8189029690934406,0.8022222222222222,0.9,19.0,12.0
c8fc4cfe1f62bca227cf9f38cc183a6a072dc6e1feae0ec88c5deb5384c460c4_GILGFVFTL_HLA-A*02:01,-0.23632938995153288,-0.229669900045745,0.4666666666666667,0.7352941176470589,0.35566876445337775,-0.12011775384687734,0.25228132618650007,0.05589378645834142,0.6666666666666666,0.8142008783019496,-0.08467942172460707,-0.018500777434055992,0.7272727272727273,0.833126736930418,0.8021390374331551,0.9411764705882353,30.0,34.0
c93675cd74d779900662d8af4b01fe4ff6b4fc0db2730562b99a1bcd94f8b88d_GLCTLVAML_HLA-A*02:01,-0.31052252703952476,-0.17635367206559152,0.375,0.9166666666666666,0.8440779927214744,-0.10477146332015759,0.1692421355902623,0.004913158877968203,0.6666666666666666,0.7922369765066396,-0.014596678272774577,-0.024401941875099455,0.7241379310344828,0.8362503166643327,0.8205128205128205,1.0,16.0,12.0
c94d0ee769e8242708ea51186493190899a0984ccf698029fe0485783920f553_AVFDRKSDAK_HLA-A*11:01,0.3968821255114789,0.4263539927104772,0.7272727272727273,0.6363636363636364,1.4679103407975571,0.12920784772292246,0.44054414069897035,0.06578463925410667,0.5294117647058824,0.8369505898157088,-0.347386756701466,-0.10633245230582021,0.6,0.753496449441908,0.7682926829268293,0.9285714285714286,21.0,22.0
c9932082ad69947dcaaea0ca16f5b5c74e36f3a98240634d1713df529ca9ebf3_LLWNGPMAV_HLA-A*02:01,0.3122262407441149,0.12459197125125218,0.8,0.6086956521739131,0.45017128440345044,0.06407856034440904,0.3570812781467905,0.041958297447212994,0.7,0.8388567821421188,-0.027180386956265484,-0.017886111928696852,0.6206896551724138,0.7931243171910998,0.6982591876208898,0.8181818181818182,19.0,23.0
c9a0b125e1429d374e7bdf2077a5716298b25e58923d3e8a0cbd68787bd1ec40_LLAGIGTVPI_HLA-A*02:01,-0.05662234019900551,-0.05177889034575872,0.5454545454545454,0.75,0.5664417267805701,-0.02356453162319093,0.014969124420426744,-0.0034534247097111003,0.7,0.8466475553432076,-0.14957842848185493,-0.002147219056925815,0.8,0.8246388873476483,0.8018181818181818,0.8,21.0,24.0
cb6cca75afb41d7730b0e5233c54cb75422de7b298914af3ce6dcbeffa3c4dc1_TTDPSFLGRY_HLA-A*01:01,0.11211440344619429,0.14315751552246975,0.6,0.6956521739130435,0.62423024633589,0.02742384716174556,0.006019565285701706,0.03464382783230855,0.8125,0.8234643179765131,0.1126916732516189,0.042079333868413615,0.6,0.7889147522657968,0.6993006993006993,0.8181818181818182,20.0,23.0
cba9269761d1d26426c2222d477c79819c233e3a3b03379c8fafeabbef6c42e5_RAQAPPPSW_HLA-B*57:01,0.05739640213948522,0.0013041961855436157,0.6,0.7368421052631579,0.9733384777204822,0.03273068505899304,0.1289690822193872,0.05043409323834767,0.7,0.8110731373889268,0.1911705300583893,0.02768959183910247,0.7619047619047619,0.7811873156342185,0.707843137254902,0.8,19.0,19.0
ce4c072db49fa232e66a12b86843c2f69dd630806e61b68475388571fd95f9e4_TPRVTGGGAM_HLA-B*07:02,-0.22324806439371392,-0.0005410935126007044,0.7272727272727273,0.8,0.345787083037318,-0.023383577926577696,0.24735471383073077,0.029190714180919407,0.8235294117647058,0.8786517237844673,-0.2991449165075897,-0.06467271307464342,0.7575757575757576,0.8210538317903253,0.7,0.7,21.0,20.0
ce8301f7493060ab7e82ca8e0c61eb8e69d60e372e3764fbd746f3d6b3127f98_RPIIRPATL_HLA-B*08:01,-0.05806964581113734,-0.06692644325556774,0.7,0.7,1.020014717018102,0.03446714113459797,-0.3335081468016965,-0.06730833043430645,0.7857142857142857,0.8551827918916527,0.16172401422455782,0.00965231780760919,0.6,0.8247656991083285,0.8333333333333334,1.0,20.0,20.0
cf6d6453dfe121c63f436ee6b53b891666c202fa080d196c66bbb9726713102e_SLYNTVATL_HLA-A*02:01,0.6216620251722532,0.3194153831318369,0.6666666666666666,0.75,1.0086219257231912,0.26318555415418304,0.20929486710632556,0.044011755173904,1.0,0.7989605331377482,0.14024564646428903,0.014400405760004722,0.6190476190476191,0.780917191914801,0.8151001540832049,0.9090909090909091,23.0,16.0
d085ae4b926cde533f7289ff18ab7df5528dbc6a561fcd981448900f744e0027_RPIIRPATL_HLA-B*08:01,-0.3735294117647059,-0.27697310082637466,0.625,0.5714285714285714,1.382304490773632,-0.1084491319867518,-0.5944055944055945,-0.07649297010556881,0.5714285714285714,0.7583413524626017,0.30312660559558285,0.051227945213255244,0.7692307692307693,0.8069110103168167,0.8311688311688312,1.0,16.0,14.0
d0d461deb6322bdf0b77984413d4e5d002ea5f741d712af23246b64feead2f63_RPIIRPATL_HLA-B*08:01,0.056372549019607844,0.04756894761788322,0.7777777777777778,0.8125,1.4832282643245263,-0.019784687844179836,-0.5058823529411764,-0.07131980784953477,0.8181818181818182,0.8246069119642431,0.1263934668183591,0.042954347029887374,1.0,0.8044643876074443,0.8475073313782991,1.0,17.0,16.0
d0f37b0849e5d8d6830e6ee2998405f406c269acaafe28cfcb49c91f4ad334a4_LLAGIGTVPI_HLA-A*02:01,-0.030685519931210065,0.11344864018273754,0.6666666666666666,0.7,1.0313140986149971,0.043023772753978846,0.1534275996560503,0.07096894012843047,0.64,0.8492670926299245,-0.009626117863086257,-0.021530741300013263,0.7619047619047619,0.8086004538072588,0.5977401129943503,0.9333333333333333,23.0,30.0
d12879c57bc76b190897cdf2a8631bb96e7c6421faabd45cac9bf71b2c6560a1_FLRGRAYGL_HLA-B*08:01,0.010439322431668186,0.1292562454610856,0.8333333333333334,0.65,0.9461387018968512,0.06774258882806457,0.2785311178989339,0.038496147480666765,0.6428571428571429,0.8228360596858981,0.12332742266368986,0.01986068875896539,0.6176470588235294,0.8061775881642449,0.7912087912087912,0.9285714285714286,24.0,20.0
d1d1546f72d176436805a3fd1e7dba641ba4d7ebf0851d6d6b4c5d4b5340b054_NYNYLYRLF_HLA-A*24:02,0.09326925003267064,0.07811370531410636,0.8,0.6111111111111112,0.13268776287961587,0.05877191145009779,-0.044253435767298524,0.0047523583173503196,0.6666666666666666,0.8116073968705547,0.3717166240292837,0.034207184519574045,0.5,0.7832818270209569,0.7568134171907757,0.7777777777777778,19.0,18.0
d24f95f578b1295029a62cbee642d8c5bf6d4183c3d58d0731430b14c2a40be5_NYNYLYRLF_HLA-A*24:02,-0.19434523374158802,-0.12558421786901547,0.6363636363636364,0.8,0.5777520894534012,-0.03782521995000454,0.05150847604921027,0.009646922922356372,0.9090909090909091,0.7639652014652014,-0.2850731091997424,-0.08439854681210013,0.5,0.7881173286243631,0.786096256684492,0.9090909090909091,21.0,10.0
d2eb46b27a5d764a82148e2642b9a6a520778b9c8a4801f0c82d4818714cc14f_ELAGIGILTV_HLA-A*02:01,-0.3671155732041887,-0.24375701007066294,0.6666666666666666,0.8571428571428571,1.390495763911633,-0.1856736793973951,-0.29059007343768173,-0.05860423312221038,1.0,0.7644665718349928,0.05064772411604303,0.021031837860158137,0.6153846153846154,0.7754298462969013,0.6428571428571429,0.7777777777777778,18.0,14.0
d384f64ca62de8c20c7cd8d7fb29aa8c2237e3b5ffe782f1951616ba43e73f8e_GLCTLVAML_HLA-A*02:01,-0.2207160222800635,-0.3542222948038095,0.3,0.5714285714285714,0.8083981211829986,-0.10190082371569598,-0.45047160861255287,-0.1318824980340598,0.5909090909090909,0.8422032474804031,-0.04601391776873741,-0.0008505631915545075,0.5217391304347826,0.7797777622335696,0.7326007326007326,0.9230769230769231,20.0,28.0
d39cfaf7c3e36af9395e196d21a2c321939f140bbf29149a87ce60f3f90d2c83_CLGGLLTMV_HLA-A*02:01,0.30398804692793624,0.3005960036035084,0.7,0.7272727272727273,0.8928559509354089,0.09012364790170616,-0.03085027208922125,-0.03407113133802652,0.6875,0.8535587729067531,0.10802328870422004,0.016172632398611032,0.6956521739130435,0.8312809229794477,0.7575757575757576,0.9090909090909091,20.0,22.0
d3ab4da69a84c609bb355d7f7dc05872098f606e6c02e229b6d49a7d585148b0_LLAGIGTVPI_HLA-A*02:01,0.5252228088567485,0.38060052817310397,0.6666666666666666,0.6521739130434783,0.8729710014672879,0.2235181441282063,0.314540213213646,0.06761130984661645,0.7222222222222222,0.7937989921612543,0.08809839656520073,0.03494989760785858,0.7666666666666667,0.7917773770310388,0.7677793904208998,0.9230769230769231,23.0,23.0
d40eac7f08d85ce712a663abe15f7bba7711d53857797ba975aaee8a55cb20c1_RAQAPPPSW_HLA-B*57:01,-0.05141568822668315,-0.070218950584011,0.7272727272727273,0.7272727272727273,0.8847027525706176,-0.0388999635474015,-0.04971550014435227,-0.026487323899127647,0.8421052631578947,0.8518065433854907,-0.0925327983532376,-0.039408363478852106,0.9565217391304348,0.8385248478795612,0.6572280178837556,0.8181818181818182,21.0,22.0
d4cc6c2e18c31a1569c564ad34f9c6ba4ffceeae86a9359766b79d5b51588151_GILGFVFTL_HLA-A*02:01,0.11619790343101319,0.014831881387915982,0.7,0.8421052631578947,0.4385617203430622,-0.027364573329973982,-0.10035273478132957,-0.058405229650482136,0.875,0.8457643622200585,-0.39633990690569404,-0.06514260098113701,0.782608695652174,0.8253566090113177,0.8022222222222222,1.0,19.0,19.0
d4d5b3845e6caed87f8e7912c2476ffe8c3aa4a56496509990c5e6ab304e5ece_CLGGLLTMV_HLA-A*02:01,-0.1991051409252336,-0.21680958349050455,0.5,0.6470588235294118,0.9750012168010235,-0.03456799203701559,0.10224318047511996,0.010166388774161001,0.5,0.8679837016915667,0.05370144774309436,-0.006400601020083154,0.68,0.8369853876180667,0.8333333333333334,1.0,15.0,17.0
d591454c2fd8093393cf07d6c98f8d4b284ac320bf77383a924d118b23892437_CLGGLLTMV_HLA-A*02:01,-0.05354310348265233,-0.05710812858171316,0.7272727272727273,0.8666666666666667,0.7389113219129387,0.009927615412780656,0.3578246427865058,0.04585106247614865,0.9090909090909091,0.7791415157612339,-0.27796016800273865,-0.03683633407018953,0.8,0.786343587894255,0.7538461538461538,0.6666666666666666,21.0,15.0
d5c1bc250b410cf1c88fe2685abbec1f805da946a3d42860ed4c3d949139bbe3_GILGFVFTL_HLA-A*02:01,-0.22937581812708946,-0.12230118865873721,0.5555555555555556,0.6111111111111112,0.488093333316449,-0.03368453735132363,-0.08822146851041902,-0.012923664039699462,0.7857142857142857,0.8535061088485744,0.26551758543112125,0.07185371109718096,0.4375,0.8135820669540758,0.7980295566502463,0.8571428571428571,18.0,18.0
d6395f38bb5bd46ee48acc9511f3c55cd93f6c432bea1ad3d32dffa130abdd9c_NYNYLYRLF_HLA-A*24:02,0.2257430168478348,0.1415726184182247,0.75,0.9333333333333333,0.3495464418345955,0.03581689410488315,-0.1997741394839374,-0.02806583903402674,0.8666666666666667,0.8123786661100096,-0.21438389789420445,-0.06076965093678123,0.5882352941176471,0.7944164818980723,0.6782051282051282,0.8333333333333334,23.0,15.0
d63d75e3fd5dfb84b97fedcb6ad3338cea04a340a25de812411be07a278b7a3d_GLCTLVAML_HLA-A*02:01,-0.05794121815063242,-0.2433717478834423,0.5555555555555556,0.7142857142857143,0.25096344626767464,-0.1147957748702357,-0.031039938294981653,-0.04741885893761059,0.5789473684210527,0.8175366300366299,-0.18854994324388294,-0.041509272872883085,0.6363636363636364,0.7663454894945123,0.675,0.8,18.0,14.0
d678cda71d62f452694f687631092366c6f243193e4be8728940939bec9294f2_TTDPSFLGRY_HLA-A*01:01,0.036171908562921344,0.16697223077151205,0.9,0.6,0.9735103234586386,0.05173268130411338,-0.25417854528182876,-0.012936181644922795,0.5263157894736842,0.8480762683009875,-0.352543601105608,-0.060965604141958334,1.0,0.8163739558792034,0.8403361344537815,1.0,20.0,25.0
d68cbc51c866385da871ef22a6f9386e5a6f48ce6ee332e18645b55438f109b8_RPIIRPATL_HLA-B*08:01,-0.0979020979020979,-0.20181561036173093,0.6666666666666666,0.7142857142857143,1.2853048289445659,-0.08223303574027592,-0.4265734265734266,-0.06656689416666287,0.7142857142857143,0.8025940811107053,0.17410024042783923,0.03191322433673624,0.7647058823529411,0.777281847855234,0.8181818181818182,1.0,12.0,14.0
d6975c47fde87b6b60cc6d6dc80de9394e62ed2c2f202522b2388e5c8e4352a2_PTDNYITTY_HLA-A*01:01,-0.053898003789651275,-0.010387485347130215,0.46153846153846156,0.875,0.7392753609249431,-0.0026285258798363254,-0.049173212705194896,-0.006067467431389389,0.8,0.7771002710027101,-0.15099899327843141,-0.02120397460356247,0.625,0.7885749811744286,0.7309941520467836,0.9333333333333333,25.0,16.0
d72a51b80ea90c8bc6c2e3fe657eff7920f66ef006d53fe8471eb53edf112d15_FLRGRAYGL_HLA-B*08:01,-0.07142857142857144,-0.09243671017705338,0.75,0.46153846153846156,1.4230366904672198,-0.05022183827242054,0.0,-0.06939238686246418,0.625,0.8447911158117397,0.11573568461620734,0.03520603193333407,0.6666666666666666,0.788676204956272,0.9074074074074074,1.0,7.0,13.0
d74e6cf2ad454646455dce1748d250ce910059d4d12198cc885f8d27dcc01b05_NYNYLYRLF_HLA-A*24:02,-0.10565142455307307,-0.012425638364437913,0.6666666666666666,0.7692307692307693,0.2518235678031319,-0.014875172135050393,-0.20944043926216654,-0.03675257944423932,0.6875,0.8569046957488193,-0.40061680838488767,-0.0763403199018384,0.8571428571428571,0.8382124943000456,0.6832151300236406,0.8888888888888888,17.0,13.0
d83c2a5f031e779777a9ee7a80204b90743cafbfe4889c6cb1050378d2c0477b_PTDNYITTY_HLA-A*01:01,0.28608606763566463,0.17060196480754347,0.7272727272727273,0.6,0.8879951578355344,0.025280864289313868,-0.03313256769463375,-0.009913417401989267,0.5789473684210527,0.7527033214751154,0.0453392233807589,0.011543679327919729,0.6363636363636364,0.819631000588182,0.8181818181818182,1.0,21.0,20.0
d84277d2eb0e8a5fa6412806a22b5c558a5e17345f6654c3f2d7e036c40db474_TTDPSFLGRY_HLA-A*01:01,0.0586886870109554,0.05726728952187703,0.625,0.6875,0.5025928336948751,0.049795180972968534,-0.35327356734757004,-0.035568967331469865,0.72,0.8450336071695297,-0.2531684492226432,-0.0350420358522352,0.47368421052631576,0.8183485086723696,0.7950310559006211,0.7857142857142857,32.0,32.0
d848eca348ae8f3384182412e172eaf4cb7b5cfae2a959cbf61e5df6b253a0e5_GILGFVFTL_HLA-A*02:01,-0.11292642666359126,-0.09918422088891322,0.8,0.6,0.39799037113816543,-0.020355657324023526,-0.221188093870217,-0.015624304800377478,0.5454545454545454,0.8526387470207696,-0.22332916388919907,-0.06092205630229223,0.8,0.8176930840486446,0.8130630630630631,1.0,19.0,20.0
d9bea7225790858ce3e9ea9b6c20eaffc9bfc8f3f20a192ab91ed119e9304237_RPIIRPATL_HLA-B*08:01,-0.12054202608740187,0.09214419071768123,0.6666666666666666,0.5263157894736842,1.5593839301655945,0.023581304563868487,-0.27178996541970635,0.0032542813710006602,0.6,0.7045522898154477,-0.08787600551506328,-0.031552791585754594,0.6444444444444445,0.8181482330783789,0.7297979797979798,0.9166666666666666,17.0,19.0
da433f5c394ed5486efb91cd28ee57d40a940f45dcedd332ecd43a910c64aaad_SLYNTVATL_HLA-A*02:01,0.05263171380171721,0.028550921776291482,0.36363636363636365,0.6666666666666666,0.2351421279080898,0.04557074515778169,-0.10677119537820232,-0.01484750199695357,0.6538461538461539,0.845479201155296,-0.09151767130770858,-0.020067944608754183,0.6,0.7960846108648041,0.8148148148148148,0.9090909090909091,22.0,24.0
da85c9155c088c9abd0b894ac6971699bd634b1fa3e080321a74a64f6d619ce0_FLYALALLL_HLA-A*02:01,-0.4458195751301008,-0.14055493850786285,0.9090909090909091,0.8235294117647058,0.8285990962684912,-0.07100629648726157,-0.052066519723223445,-0.014373005442733094,0.6875,0.8731963688485428,-0.11990283821578121,-0.022534690795491093,0.6206896551724138,0.8018964672605089,0.8513513513513513,1.0,21.0,17.0
db49883412bf6f9dede5d80ae6545325d7d6d14c0d23b472c4b87cbc480a5355_FLRGRAYGL_HLA-B*08:01,-0.06233540593862967,0.03340596004170137,0.5,0.7222222222222222,1.087770712883832,-0.0023831291843629246,-0.023255851165142474,0.018667770623172472,0.7142857142857143,0.877173572695961,-0.2231559903196671,-0.053366850415054165,0.7692307692307693,0.8054051860435401,0.81859410430839,0.8888888888888888,19.0,18.0
db922e373742b69742ea41e874a06c1815a3aa60b37ef302abd3bd8e9149d149_NYNYLYRLF_HLA-A*24:02,-0.2237370697717821,-0.06001074356610439,0.5,0.7647058823529411,0.38869426522443923,-0.046598570084714595,-0.3781904422214168,-0.025121321823036825,0.7647058823529411,0.780564666538041,-0.03350991974592,-0.003503585209723804,0.6666666666666666,0.7493555968310527,0.8264462809917356,1.0,20.0,17.0
db9a67be74161e44b7c8f28fd5b764062deb56575cd71d407128b268059da8fb_SLYNTVATL_HLA-A*02:01,-0.03963613572270204,-0.029861310341268616,0.5454545454545454,0.8181818181818182,0.7124621844225294,-0.021757832972710184,0.18063681526083877,0.0299803243852411,0.875,0.7958801498127341,0.24362459164958136,0.06865696507399696,0.8518518518518519,0.840393593004096,0.786096256684492,0.9090909090909091,21.0,22.0
dccf66496fa6611f141c1cdb572746df5f1b70f1fa04d69612f91e444c63317d_CLGGLLTMV_HLA-A*02:01,-0.16045409981064007,-0.06843769906142311,0.5833333333333334,0.7142857142857143,0.15676846894763527,-0.01363975462322946,-0.02703302768548827,-0.0029650370084976854,0.6451612903225806,0.8570650323459313,0.15475812339116224,0.03042927549409742,0.6756756756756757,0.7449609928470943,0.7700534759358288,0.8181818181818182,24.0,28.0
dfe8508b4b7e9afd841b30aec08792f18439e437493b055ac74f4219bdb299c6_YVLDHLIVV_HLA-A*02:01,-0.004586461156064156,-0.06176561719743574,0.5,0.84,0.14976650226120164,-0.023996998161085713,-0.07158772764978734,-0.012658948937093671,0.9047619047619048,0.8471636193155181,-0.0712157121179578,-0.011080157217628044,0.6285714285714286,0.8009035252295842,0.788961038961039,0.75,27.0,25.0
dff8846cbc01f583ef5c4f4449416739f1507d7b7ca6d17c65fc10c0ca2a2afd_AVFDRKSDAK_HLA-A*11:01,-0.2783945122249203,-0.2910926412343866,0.5,0.7307692307692307,0.20570862215832936,-0.06311460765422613,0.06509784815510464,0.021621424873698673,0.72,0.7970192500346778,0.03849136650821827,0.02069299738582142,0.7666666666666667,0.8008136642125185,0.7919191919191919,0.9333333333333333,28.0,26.0
dff9d8268c676af59bf33a0de3fe75c824847e76c5bccf14f392db1e96547378_IVTDFSVIK_HLA-A*11:01,-0.47892858222556184,-0.4914137227184474,0.5,0.6666666666666666,1.2370748462101233,-0.20985808210065024,-0.49327850229224546,-0.12045706438535904,0.7692307692307693,0.8085153646797482,-0.04009589002359259,-0.005186554495324823,0.6111111111111112,0.811990601557102,0.8333333333333334,1.0,15.0,18.0
e020c119ac7cb04739d94f97bcfaf88f3cde52102df8aaadd53bf0050450d957_FLYALALLL_HLA-A*02:01,-0.03576900275891717,-0.06924369823831399,0.5833333333333334,0.7391304347826086,0.5222107875076069,-0.005138299958428035,-0.012650013170836562,0.000041412341383340985,0.7894736842105263,0.8182148040638607,-0.16077538219462015,-0.0328446485153759,0.6944444444444444,0.8265758729180878,0.7933884297520661,0.9090909090909091,24.0,23.0
e092914f860b7831c52a72a0e556e188e2b334dee1f73caee5cbc4348a7099e7_QAKWRLQTL_HLA-B*08:01,0.1934513841313507,0.08625981393969973,0.6,0.8333333333333334,0.8587305893727868,0.04012288699814974,-0.008779634639243616,0.009990738029771426,0.8333333333333334,0.774537695590327,0.08501871290980367,0.014851406479429436,0.625,0.8001613110062702,0.6944444444444444,0.8333333333333334,20.0,18.0
e0e9b2d5335d9ba9cdcb9231c22ed8dae727338b0b3a4b363224fea8388d68ab_FLYALALLL_HLA-A*02:01,0.0992450072943768,0.0011230618909401358,0.6428571428571429,0.6666666666666666,0.32630103670017147,0.008702184098500647,-0.09202564825114912,-0.0067344430484731314,0.8181818181818182,0.8254445964432283,-0.050991501803209445,-0.01763952823861514,0.4782608695652174,0.7762319368794758,0.6877192982456141,0.8666666666666667,28.0,27.0
e28608833ec520067810a22877b185e4a41f0a1f21173bd07681213e949595e6_CLGGLLTMV_HLA-A*02:01,-0.059876497681706976,-0.16882961744424108,0.6363636363636364,0.5833333333333334,0.9271485157278434,-0.17282784410102256,0.1119430174049304,0.031937845832147635,0.625,0.8254817646121995,0.0987878135794593,0.033039862728383475,0.5769230769230769,0.7793575907290043,0.786096256684492,0.9090909090909091,21.0,24.0
e315c223e8f3e883c5d97819ad4613226d6fa6d6e61e3e5f3297604faf78c26e_TPRVTGGGAM_HLA-B*07:02,0.5852485185418086,0.29614189508870425,0.9090909090909091,0.6666666666666666,0.5792271466488484,0.12122341739264121,0.4702889881139533,0.04121013838219186,0.7272727272727273,0.8880218435737518,-0.15805433254416495,-0.02362286902347805,0.6666666666666666,0.8317438270062856,0.8032786885245902,0.7777777777777778,21.0,27.0
e3178f737ccfaab930e498f8b679524a9cfcbcfa803475900785a0acee05f8fa_ELAGIGILTV_HLA-A*02:01,-0.17768604522727946,-0.20429597175801312,0.5555555555555556,0.6190476190476191,1.3011542092130732,-0.08949548309976463,0.04907979154639619,0.006315106773363453,0.7142857142857143,0.8344139905259198,-0.33205153817585636,-0.06378142319864055,0.6842105263157895,0.8082409621096864,0.9,1.0,18.0,21.0
e3465f9dc3cd2568839f88385608d74414ec113985cf500ba30950799535e3e5_CLGGLLTMV_HLA-A*02:01,-0.23345846072952892,-0.10379067080584667,0.5833333333333334,0.8333333333333334,0.7607578055420147,-0.10750335281607366,-0.15454256584115145,-0.01633720376464286,0.7692307692307693,0.7576213260423786,0.14734487793229653,0.011905381962364892,0.7777777777777778,0.7708150370733678,0.7177747625508819,0.7272727272727273,23.0,18.0
e3e2277290d76b30c47a62fb52c21174f7f953e9f85ee52f20a4b534d0c5ca0b_CLGGLLTMV_HLA-A*02:01,0.3877011709565768,0.0984757797937509,0.7857142857142857,0.76,0.6339240203207017,0.07981777930715772,0.03459656341397215,0.003086957537511082,0.6086956521739131,0.8149518956200853,-0.04402412806210962,-0.021338033757714016,0.6521739130434783,0.821597934030261,0.7935222672064778,0.9230769230769231,28.0,25.0
e4195487ad2997dfc6c4ad1c04673520537bfb97e36eb03bd33648c4b4876417_YVLDHLIVV_HLA-A*02:01,0.2450027878570696,0.16328943218632505,0.5,0.75,0.5913852253856688,0.11785602462998182,0.09563719647035188,0.04283779280978285,0.9,0.7639826839826839,-0.1790453014812079,-0.03346507454805609,0.65,0.8006666571538649,0.8165869218500797,0.9473684210526315,32.0,24.0
e4f8dfad935d6f520d3be19adc7fb99d828b5dbf34ec58e01130f4000b4d537e_RAQAPPPSW_HLA-B*57:01,-0.17608227115930442,-0.1061936716495128,0.625,0.8888888888888888,0.721640018171704,-0.033441617436133,0.05921182335077647,0.007080726799931631,0.8636363636363636,0.8717739189649303,-0.12193937426770277,-0.04240483527793698,0.8333333333333334,0.8221901138429705,0.7032967032967034,0.6428571428571429,32.0,27.0
e626a72d025d6ba1fdfc496ac6b5e168187d8f00ada521d8905b455016778cd5_LLWNGPMAV_HLA-A*02:01,-0.059649489994912826,0.018959577352577667,0.6666666666666666,0.5882352941176471,0.8200663181007921,-0.02813143826770066,0.23158037292142628,0.0561291880622133,0.6363636363636364,0.8145335208626348,-0.16208211160061847,-0.03911205620798112,0.5833333333333334,0.7884901838429415,0.9,1.0,12.0,17.0
e6bb4e5f24d60d9b728367496ba2ad1303bba02578bd9aee01c292782b75d135_PTDNYITTY_HLA-A*01:01,-0.08079432429943052,-0.0196937329967512,0.5384615384615384,0.7894736842105263,0.7218218902231212,0.034592670373486095,0.23721450387513396,0.029784919715756808,0.75,0.8491120636864665,-0.14934982445338607,-0.021280651898241118,0.7894736842105263,0.7511536857400404,0.7770114942528735,0.9333333333333333,26.0,19.0
e6fadb59562bd6c5cc8546807b14bcf2c4d48e65918898326bf25e3cad2e4af1_QAKWRLQTL_HLA-B*08:01,-0.059886430283197206,-0.077990679787387,0.4444444444444444,0.7777777777777778,0.6926967866470408,-0.06801103298632,0.07743934950413432,0.04357514174672726,0.9166666666666666,0.8436787996665743,-0.0078259326376793,-0.03111281617803141,0.75,0.7875615524352486,0.8181818181818182,0.8888888888888888,18.0,18.0
e74da0dad183939c27b1b0b77696da325f1abd5efcf1613d25cd5317989b3d1c_NYNYLYRLF_HLA-A*24:02,0.187420400119999,0.12229255368899009,0.7333333333333333,0.9166666666666666,0.7839356393300057,0.044710820693533854,0.17502387056278326,0.026605881431027496,0.8571428571428571,0.8454055321143928,-0.12619765049908366,-0.04416254978190833,0.6,0.7588157830561383,0.7097046413502109,0.8666666666666667,29.0,24.0
e7b5372595c0c685781b17da2c3e4a2eeccae0b854c951193688167bd05d552c_QAKWRLQTL_HLA-B*08:01,-0.0934065934065934,-0.19087536572243471,0.5714285714285714,0.8,1.5888741514850546,-0.11415510350050911,-0.03846153846153846,-0.051531490986877905,0.7777777777777778,0.8248626373626373,-0.2915826592011532,-0.06439341936380814,0.7142857142857143,0.7823012794985889,0.8941798941798942,1.0,13.0,15.0
e893910b827391279d4c426dd151ddc55552b50b7e6387886a7b7652a9d9d760_NYNYLYRLF_HLA-A*24:02,-0.1679781440080234,-0.06155984130958554,0.5384615384615384,0.8666666666666667,0.9900684144771075,-0.021345405110435013,-0.1313719089594317,-0.008821448214787161,0.9,0.7696260644205847,-0.13325183529664156,-0.04833772092931821,0.6470588235294118,0.772601613025746,0.7544642857142857,0.9375,26.0,15.0
e8cea66a19df10dbff0883d88f82b021c71ad6e5b97ab60b167f33b96e2e7833_SLYNTVATL_HLA-A*02:01,-0.375105131955488,-0.38768477103175447,0.375,0.7894736842105263,0.4377417369839801,-0.038530307593969776,-0.21201594414875408,-0.0833783191044796,0.7368421052631579,0.8644688644688644,-0.2284570044443968,-0.08532655980658703,0.5555555555555556,0.8159226086835396,0.8311688311688312,0.8571428571428571,16.0,19.0
e9844718a134af27531f085f5f4d208784aaa0a901cd01660bbc803a255a1e63_PTDNYITTY_HLA-A*01:01,0.051565464976155086,-0.008091384571379479,0.7777777777777778,0.6666666666666666,0.37121787273085416,0.012468705278875811,0.12277491660989304,0.0025794654041415635,0.75,0.8462367307845798,-0.14890040768015972,-0.022390845044553524,0.6666666666666666,0.7758225658306238,0.6832151300236406,0.8888888888888888,17.0,18.0
e9ef058ae099142be8abc8126ffbb87f0f4d74e83402f0a81821b0324d0d549f_LLAGIGTVPI_HLA-A*02:01,-0.04233351106226009,-0.07034202317386642,0.5555555555555556,0.75,0.850494682516524,-0.015775098765962826,0.4328633554253664,0.06007145477344508,0.5625,0.7928035630567277,-0.4005798996582942,-0.10543752313340395,0.6923076923076923,0.8291620380819564,0.81,0.75,18.0,16.0
ea400b2bf0167465f2d0f938295e92e1f30858ffa8919ca3e4c5ed94219d1a69_CLGGLLTMV_HLA-A*02:01,-0.3783198698990393,-0.48110510693023467,0.3333333333333333,0.7727272727272727,0.8970617513921676,-0.19920673801219496,0.0474532402980383,0.018095587344521855,0.75,0.8499124064341457,-0.030991499346730726,-0.012032121277623648,0.9130434782608695,0.8665100648125923,0.8205128205128205,1.0,24.0,22.0
ea72579195178c5a4076fd80c01fb9274129fafa40968364c1539ad82249ecd2_CLGGLLTMV_HLA-A*02:01,0.11761903923916711,0.32277506122368954,0.6666666666666666,0.7058823529411765,0.8406615429654308,0.1397890475009403,0.1536730654098681,0.01918314126796642,0.6428571428571429,0.851192794547225,-0.14122836251941762,-0.06282049572936552,0.8214285714285714,0.8167464360569058,0.7733918128654971,0.9166666666666666,23.0,17.0
eba4cb6b6604c4cefddd387df7661780c0f6e706d131b177fdfa5bef0eb2235f_CLGGLLTMV_HLA-A*02:01,0.034570934481488416,0.0666294698843104,0.45454545454545453,0.9411764705882353,0.620239552829903,0.0344017301810432,0.20015311263504154,0.01237652391213039,0.8461538461538461,0.825563909774436,0.011658390920319063,-0.011867074064818626,0.7741935483870968,0.8230916334661356,0.7806451612903226,0.8,22.0,17.0
ec3cdc79a3ec2b6beef875d42f44d39f79fc01e92e6d6a38839c45c24b92c7f7_AVFDRKSDAK_HLA-A*11:01,0.005821926343372658,0.09205463560477703,0.6923076923076923,0.7777777777777778,1.0474922350556264,0.020476140714009616,-0.12671251453222843,-0.01635032040677679,0.7391304347826086,0.8633197437390796,0.28957744649557704,0.08441053778258524,0.7727272727272727,0.7865146513541752,0.7544642857142857,0.9375,26.0,27.0
ec51a8350d701cf88d7c95f2c76dd8641d35058f66406542f0565ad0e66279fb_RAQAPPPSW_HLA-B*57:01,-0.25822450344592435,-0.17856204883167423,0.875,0.5833333333333334,1.3023975872761544,-0.008956918335386962,0.2674354102215014,0.05155871003217122,0.5,0.760752688172043,0.028808709853918636,-0.01400634687003272,0.7083333333333334,0.7584530708823429,0.8181818181818182,1.0,15.0,12.0
ec58c802df9b2c6cdeeb7986906a9018824d60df1ee8018ff1521ffad277b142_LLWNGPMAV_HLA-A*02:01,-0.034355854082477336,0.04430976478055422,0.7777777777777778,0.7777777777777778,0.7989534046339086,-0.0046330205761133695,0.5169372321957401,0.0476536773246713,0.8125,0.8948473449392003,-0.041188216673039214,-0.03385819917808185,0.6388888888888888,0.7942046388421247,0.8257142857142857,1.0,17.0,18.0
eca28dc4e1317a9d37892eca25fcda1168ad1cb170af94b1ac40b343730c25f5_NYNYLYRLF_HLA-A*24:02,-0.30817025581647384,-0.0188682421098105,0.8888888888888888,1.0,1.2786849552750008,-0.029812494891835226,-0.3702179583298579,-0.038434963000663715,1.0,0.8860513352346384,0.2588645319561304,0.03953998220644638,0.625,0.8275302060216481,0.7363636363636363,0.9090909090909091,18.0,14.0
ed93142e674e91272420c77562d696e020a5c9164c312c3304ce4931aee88510_LLAGIGTVPI_HLA-A*02:01,0.5065866985229533,0.3910593811661322,0.8,0.6,0.70586977041915,0.23077101637437178,0.21904417424989514,0.02227231008926359,0.5185185185185185,0.8215724942124667,-0.40765583711947456,-0.07730051733361626,0.6785714285714286,0.7901455417174045,0.7326007326007326,0.9230769230769231,20.0,30.0
ee2aa56a9538b0ad7d9938f56535a70e191649ff00e82181d353bc7b1799f4ca_TPRVTGGGAM_HLA-B*07:02,-0.2990872978411902,-0.14111077475173647,0.6,0.7307692307692307,0.3341700817308012,-0.08332795199021498,0.22197907764482908,0.023951055053287266,0.6666666666666666,0.8484468234468235,-0.1998216849933904,-0.031275383836069176,0.5333333333333333,0.805258319287933,0.8220918866080157,0.6363636363636364,29.0,26.0
eef32c2db3ab866452bdc5d214ca581970d36bc6842ee2961b82b23b28c86466_PTDNYITTY_HLA-A*01:01,-0.09226772578071622,-0.0037163900910426595,0.8181818181818182,0.7777777777777778,0.8703996624528093,-0.028060130313203084,-0.053281362774779795,0.019625984061028043,0.7857142857142857,0.8204677280019748,-0.234528309230942,-0.03789904786487509,0.7857142857142857,0.8455090470119092,0.6923076923076923,0.8461538461538461,21.0,18.0
ef8cb5af3153f9afedc11640ee6141198f58a49f3411121a082365a7b0d60f95_TTDPSFLGRY_HLA-A*01:01,0.023727140812825304,-0.09462721589596641,0.5,0.72,0.6702112188094115,-0.05308494124917539,-0.11715275776332494,0.007186577141145184,0.6666666666666666,0.8095846101464079,-0.06720742100402374,-0.02653252983291251,0.5294117647058824,0.8311405605523252,0.7197278911564626,0.9333333333333333,23.0,25.0
f065dfa67ecef0009c35c0c7543ef6b47901a370ddf530853e15ad9ee3dea0ab_LLYDANYFL_HLA-A*02:01,0.5369847543760589,0.38478537410010094,0.8181818181818182,0.7333333333333333,0.28436391213687684,0.21783305397437258,0.13506493506493505,0.013793879675550735,0.8666666666666667,0.7863271057300909,0.15298370666607464,0.02941915809127721,0.6363636363636364,0.8084964183508417,0.7857142857142857,0.9090909090909091,22.0,15.0
f1d5a98954e7e5716a0a360a21b55d6e3c3aeab070caf25a30f90b0abed23a92_RPIIRPATL_HLA-B*08:01,0.2974992037385554,0.19136774411996216,0.7272727272727273,0.6190476190476191,1.4055830122449866,0.16449976011026018,0.182756864829757,0.04738933003063831,0.75,0.7865748384357752,-0.2319647794112329,-0.04912013625461268,0.6086956521739131,0.7968258617754156,0.75,0.9166666666666666,21.0,21.0
f293939c1b9508e56e570b435d1a32044caad64cc5141197244beb3fe47f7deb_RAQAPPPSW_HLA-B*57:01,0.18207538690053612,-0.0002132251568920801,0.7272727272727273,0.5357142857142857,0.6075334417378828,-0.007827973933773926,0.003392709072680798,-0.011563768667328484,0.5652173913043478,0.8182537077377576,-0.19762739432031376,-0.05288468234468653,0.8285714285714286,0.818490761059821,0.7267267267267268,0.7777777777777778,22.0,28.0
f326ca82d41e647410a92db9798ebb1d90489ed2a46f70c5d2492643dafad0bd_ATDALMTGF_HLA-A*01:01,-0.11838684055013891,-0.21757182867544417,0.625,0.6666666666666666,0.6686669416367362,-0.041151800514726715,-0.15784912073351853,-0.022895909384470222,0.7777777777777778,0.8187021673419513,-0.23646388591417752,-0.061053044504223095,0.9090909090909091,0.7774671198463129,0.7601351351351351,0.875,15.0,12.0
f356c7ace1b866c7e392e8524481c755217eab89f1c819ae8915b129991fbdd3_TPRVTGGGAM_HLA-B*07:02,-0.10474591116912461,-0.02342820305277793,0.7777777777777778,0.56,0.7847295170563793,-0.03589729141148871,0.01232304837283819,0.0005902170925928048,0.5625,0.8902403745003156,-0.006394693827529505,-0.005863255159192323,0.9259259259259259,0.8072077291532368,0.655328798185941,0.8888888888888888,17.0,25.0
f36ee67c050bb1f90f18fa5cfcec1560e8662283d9629e2d6124f6b6b6d89be6_ATDALMTGF_HLA-A*01:01,0.24248330093128362,0.20799759707620125,0.6923076923076923,0.72,-0.03141191421270394,0.08095034741991287,-0.29337502266240184,-0.025590068444530635,0.9047619047619048,0.8232128020806992,-0.22426520798947444,-0.058357937383113886,0.7352941176470589,0.830559176595762,0.7575757575757576,0.7272727272727273,25.0,25.0
f39d39db447b03ac2ea5d8e808e06d9706e734b0351c6d9ca28c653261cbae89_ATDALMTGF_HLA-A*01:01,0.3249540770190428,0.23376688144407215,0.8888888888888888,0.8666666666666667,0.8514825532251724,0.15100498401082635,0.1851625118108508,0.014598360171197408,0.6666666666666666,0.8633766233766234,-0.17504701424953859,-0.020015685328294112,0.8,0.8283283628943651,0.8257142857142857,1.0,17.0,15.0
f54f2d69ddfdcb57833d7998cc0cc2d45b6c80bbab6cfbab6a0b1dd921b2f928_FLYALALLL_HLA-A*02:01,-0.1796833046735218,0.13518743680573336,1.0,0.8,0.9392840002045421,0.02985516900898301,-0.038608011870566915,-0.01464255007424572,0.8181818181818182,0.7529488109325495,-0.10530580045589243,-0.033091946176430534,0.6875,0.7828155703892598,0.7,0.8,21.0,15.0
f5dfbe99bcd37a0abf15193536cb555fe5bc584068db7009a07ee701aa7f603a_LLWNGPMAV_HLA-A*02:01,-0.22001900139863034,-0.055582467442381045,0.6363636363636364,0.7142857142857143,0.7376094995028232,-0.004310263694402482,0.11154715115872164,0.016876183816332314,0.7222222222222222,0.8380830779707187,0.03245518952611618,-0.001021567605033884,0.7931034482758621,0.8191453769456134,0.7446153846153846,0.9230769230769231,22.0,21.0
f6d9a3969d96703dff84eca1f90f76947c31f070db414b395fae483d82370b6b_LLAGIGTVPI_HLA-A*02:01,0.24069068852201767,0.06432822198692922,0.6666666666666666,0.6206896551724138,0.9158025410736599,0.01220934221296361,0.29222097031887634,0.03894624278646092,0.4782608695652174,0.7867120606443139,-0.27557280527587036,-0.07927640845649143,0.7407407407407407,0.835113523230741,0.7281385281385281,0.8666666666666667,29.0,29.0
f8268d3996a9054fd440cf18807a7a68304fadf75c4062911fbe02724e4184c5_RPIIRPATL_HLA-B*08:01,0.3991201545806388,0.035671891343607015,0.8571428571428571,0.4444444444444444,1.5448654297372664,-0.020567495369410233,-0.06666707705313786,-0.04900351080509422,0.5,0.8026873306103751,-0.1970084184532474,-0.046066931128097885,0.7142857142857143,0.7885029480437157,0.7,0.9,14.0,18.0
f9c81b851469c2b89f15a8d0a3d934f6d739b5a71818c428f0a148aa1d67fe11_YVLDHLIVV_HLA-A*02:01,-0.1961561457155045,-0.20612104500623518,0.45454545454545453,0.6956521739130435,0.998576783087612,-0.05739299153579639,-0.2138556642108178,0.02247654805326921,0.6190476190476191,0.8473890277843295,-0.10678928929563325,-0.03102477532175713,0.6842105263157895,0.796948065913583,0.8402777777777778,1.0,22.0,23.0
f9d8f8fd383397a3d7148022a441fff3be40ea486ca717302f3b65eeccda15ff_TTDPSFLGRY_HLA-A*01:01,0.3107142857142856,0.16760095418158932,0.75,0.48,1.1909908827205151,0.13215455530766765,-0.1164835164835165,-0.013405148716023736,0.6666666666666666,0.8567640790376766,-0.10944558076896362,-0.01324148589803308,0.6666666666666666,0.7917316272851957,0.7758620689655172,1.0,15.0,25.0
fa0172651f490aa8117b8e4451632f53683c7cac564a6e0ee74d98b1d859e0a0_YVLDHLIVV_HLA-A*02:01,-0.38853626415973114,-0.3058298197178724,0.3076923076923077,0.6333333333333333,0.7797980738241249,-0.2357541307719734,-0.17612524878195515,-0.029588696872714926,0.6071428571428571,0.8393110584616428,-0.3125042615292784,-0.043875015106749765,0.5434782608695652,0.8328494814664433,0.7832080200501254,0.9285714285714286,25.0,30.0
fa55565be2c9fec28ae2a8eb7ea8fb10855a7acc08a9325a3e1b26a80d88417b_FLYALALLL_HLA-A*02:01,0.23844404268292832,0.0656860428752195,0.6923076923076923,0.75,0.578548688478645,0.055926886183052485,0.06124814666653572,0.009062509859292422,0.6666666666666666,0.8157834590394097,-0.04922019321665981,-0.030920520773937,0.65,0.7958383367154962,0.8267195767195767,1.0,25.0,20.0
fb18f66d6d1cf586040d3a94131c5b447078f0f9bc18d68b18c1cad50b4a147f_IVTDFSVIK_HLA-A*11:01,-0.10040392568880183,-0.09371309965594202,0.6923076923076923,1.0,0.7345996980559871,-0.010452298394185489,0.056099153315733855,0.009058728083996175,1.0,0.7725034199726403,-0.21764209781354973,-0.06710644580532797,0.7666666666666667,0.8057352641994489,0.7566585956416465,0.9285714285714286,25.0,14.0
fb4aea91e7422c9ba06d9c291ff29fa66b0947f2d0d3bfd9348a40a1fb132825_FLYALALLL_HLA-A*02:01,-0.04794122208124007,0.0011554559004344923,0.5555555555555556,0.7058823529411765,1.0483327066011245,-0.02038227844777506,0.22372570304578698,0.017940238667264796,0.75,0.8467806841046277,-0.11804988920874294,-0.015396983784188148,0.6153846153846154,0.7952844051156303,0.8475073313782991,1.0,17.0,17.0
fb7879938afad19decfb46dca4a98a5a79388316e3d493715e6ee12ae7f1a7ac_LLYDANYFL_HLA-A*02:01,-0.03641840633744913,-0.20623824604602137,0.7857142857142857,0.7619047619047619,0.6884348546602975,-0.046161522131722484,0.046823665291006025,-0.00795208803376728,0.6842105263157895,0.7959501873038373,0.11041778381576335,0.03262485617539655,0.6363636363636364,0.7885047649947704,0.6666666666666666,0.8571428571428571,28.0,21.0
fba2c7e9caa9e46a6b26f8b66ece2b11c8597414f0255679b023708b657b21c2_SLYNTVATL_HLA-A*02:01,-0.04088734619070039,-0.20417480110950062,0.75,0.8888888888888888,0.7176538450547789,-0.05948291162222175,-0.24971755397835455,-0.06524364009945044,0.7058823529411765,0.7378744280390584,0.11023400165908141,0.014273842596926718,0.625,0.8006263563473809,0.768,0.9333333333333333,24.0,18.0
fca44b59d523219bd5ea95fdebce82e90defca98b8e46c6e927f39408e9e8b2b_ATDALMTGF_HLA-A*01:01,0.17482517482517487,0.24779746489739274,0.5,0.7142857142857143,0.482518479246606,0.08602405455820787,-0.16783216783216784,-0.021306669128680074,0.8333333333333334,0.8457527775347737,-0.23168076072487317,-0.0510921261520218,0.7857142857142857,0.8041432672164214,0.7578947368421053,0.6,12.0,14.0
fcdb6f8591eca773e4e5484811d136a2cc6acf42f35698fc50693ebcf1e4153c_FLRGRAYGL_HLA-B*08:01,-0.22162654068709406,-0.08302878528175577,0.375,0.5,0.24774703993643296,-0.07534384143520086,0.09240929684291713,0.02578135795379936,0.45454545454545453,0.8278672032193158,-0.04197236809811908,-0.02515540658365349,0.5,0.7710070457471465,0.7211538461538461,0.875,15.0,12.0
fd8897354ff25c0e0fd729d75b94260f45963347c428acb039fc56bc2f49ca07_FLYALALLL_HLA-A*02:01,0.0346754518468239,0.042578648778885994,0.6923076923076923,0.72,0.665918563182164,0.015615563925909362,-0.4913971541966853,-0.05109089195199406,0.7222222222222222,0.7825013564839934,-0.2271878263199523,-0.04003707578787088,0.6363636363636364,0.8044674374498012,0.7086167800453514,0.9285714285714286,25.0,25.0
fdc2f7495d14c6a0be0378bb6ecbdb3fc8e47fa7975958e68292594d1ce6837e_PTDNYITTY_HLA-A*01:01,-0.2540665476798804,-0.17253611943173602,0.5,0.7333333333333333,0.7739631693590907,-0.07411123745479999,-0.2523083016751754,-0.05207077982110958,0.6428571428571429,0.8065618591934381,-0.006112002462638749,-0.004769085372227528,0.631578947368421,0.8151539376255336,0.8395348837209302,0.9,19.0,15.0
fdce1f7bca25b83986b34f917db9aa6c95cf448bf853edf475ead2677ff7a312_FLYALALLL_HLA-A*02:01,-0.017471247286673704,-0.03542631246412309,0.6666666666666666,0.7619047619047619,0.6214017847916096,0.0014338179976613526,-0.5974752210622696,-0.04771863460504783,0.7647058823529411,0.8704087346024637,-0.10570445653576141,-0.02716030484707684,0.8260869565217391,0.8171530468776791,0.7272727272727273,0.8333333333333334,24.0,21.0
0006e578be22547a80a0365641747133cc8e392182a03082a4b76191df2d8536,0.007122190779067423,0.010984381425905972,0.6,0.9130434782608695,0.7373641779150252,-0.00169153613690078,-0.02448253080304427,-0.013722159249624985,0.8947368421052632,0.8883531918251402,-0.1645748987854251,-0.03533279808589708,0.5652173913043478,0.7725087262531469,0.7075471698113207,0.75,30.0,23.0
00092227f548297541a58a3090bc97a30f239f28f52803357885b57522d16939,-0.29587368734250985,-0.15310282116385862,0.4,0.625,0.5964525774682462,-0.03930945449633561,-0.40185971856634717,-0.06256043033574275,0.7857142857142857,0.7493832560580876,-0.13728562148568557,-0.019113283883916903,0.6176470588235294,0.7912350821491541,0.6811320754716981,0.9,19.0,16.0
000cc09a6d870401dc4bbc8d6b8deff03993331bba6ed20f2c2ac12d221ab180,-0.22642574816487862,-0.16650971985765362,0.36363636363636365,0.5925925925925926,0.7316420307277647,-0.04716159284449488,-0.36883116883116884,-0.05086167844753435,0.6190476190476191,0.8564536453645363,-0.12027637849936584,-0.020305104553971335,0.6451612903225806,0.8213758258841819,0.6894586894586895,0.9230769230769231,22.0,27.0
00112bb6c1fa80ba649c9cbc65f4faf0ecc05590d9efcf67d51cd93c0b8e91a3,-0.36639871645850236,-0.32531839468190893,0.25,0.6470588235294118,1.3460462208101176,-0.10258298087836223,-0.05502068478807294,0.026612536002217663,0.5,0.8150710049444225,-0.13978249145408056,-0.018107286218965384,0.6,0.733737228397921,0.6818181818181818,0.9,15.0,17.0
00181024527d7a52dbdb653a8ddcdefb78f6424db4bddd327c1bb3b48b313abc,0.18646616541353384,0.07639859178177019,0.9,0.5833333333333334,0.9222374398640193,-0.01179405696463035,-0.12030075187969923,-0.01077299869592074,0.65,0.8493200466690892,0.1014064024016381,0.020377525704677185,0.7307692307692307,0.7955141857753595,0.8547008547008547,0.8888888888888888,20.0,24.0
001d9666dabab65ee12a3b7d24e73bfa91a6fc997e21e8167d5767c39054568b,-0.004106075069490429,-0.05380889323155483,0.7692307692307693,0.8695652173913043,0.672845679324075,-0.06197381022070525,0.14131741697496225,0.01028393589918454,0.8235294117647058,0.8777351146644224,-0.004454343075710818,0.026657862801028602,0.6190476190476191,0.7767936764532887,0.6401515151515151,0.8333333333333334,26.0,23.0
00241179a52ea9b53dde4c4f156457a67b15392cf469c7f3672f02582409bedb,-1.0,-0.595604487877,0.5,0.6,1.7496782265865007,-0.2057761111664747,0.5,0.3862161849960003,0.6,0.7384615384615386,-0.0510516738641856,-0.000988040160223916,0.717948717948718,0.7599283607248211,0.9,1.0,3.0,5.0
0024ef6dbd81bf0a53d98834f654929027158ef7ab6b7daa9c879eaff346b5da,-0.013505240827088236,0.16687939627516657,1.0,0.6153846153846154,1.0170686465512553,0.013825463868754242,-0.47022793061589035,-0.0937741572795522,0.5833333333333334,0.8032715043775663,0.08860986465501833,0.05005950312372341,0.6923076923076923,0.8221936014511582,0.8257142857142857,1.0,17.0,26.0
003b14d5e2d3cf11228574d0a201d40f02a46d99242c98e415fb30cfc870a68d,0.4282471247235129,0.48603924553439815,0.6666666666666666,0.75,1.455971251538778,0.31445938677279545,0.0,-0.10488660118240209,0.6666666666666666,0.7723749119097956,0.008579190516230382,-0.006335927818686673,0.8,0.8072042405664644,0.8231292517006803,1.0,11.0,8.0
003ec4c75a8655a6e8fc05a3bfbb745c2873e43ef2095f83d0e5344067fbd0eb,0.29837650963675283,0.08311835301236194,0.9,0.56,0.7053076486594696,0.07290875243402033,-0.07371654943966835,-0.01984811856990486,0.5833333333333334,0.8553494124922697,0.1537459319638153,0.024847141315147307,0.6666666666666666,0.8170857836459903,0.8514150943396226,0.875,19.0,25.0
008b0ce7d3ae1d5cde98fcea127b9708af97032ffb889d8f3aa25c464f49113b,0.33743750092989516,0.33700953668306116,0.9230769230769231,0.72,0.2429404898495595,0.15728581310652784,0.10917791376452979,0.0345722301853691,0.8181818181818182,0.8050557037898809,0.30198421351921295,0.07863720683370651,0.8,0.7878164334801896,0.7396449704142012,0.8461538461538461,25.0,25.0
009526abb37c591f27ee3d3b7b390ebfedde4423e1cdaa29f7f55b40acb6476c,0.04243670956683529,-0.01782412564489891,0.6923076923076923,0.875,0.7540014118197375,-0.0037945030884043427,-0.14921294654145315,-0.029232996107402816,0.9047619047619048,0.8725820040599148,-0.01812241384746007,0.025408036047012205,0.8095238095238095,0.7774630826560144,0.7412280701754386,0.8333333333333334,26.0,24.0
0095b533ca32b03df05353db782adb65b1a605c64c40465d7143db2a9ade0ffa,0.049999999999999996,0.0007448571545350668,0.875,0.9,1.4874951681050423,0.0297311159077228,-0.12087912087912088,-0.06111316558310945,0.8333333333333334,0.8296167247386761,-0.4467206072703156,-0.07685208799046947,0.64,0.7565708752107612,0.7111111111111111,0.9,16.0,10.0
00a44e80f4e9f533187aba75badbfe25d3a02cdb4f3f9a0415396dd6e1fdbca3,-0.02987663428343185,0.03332797992252341,0.8666666666666667,0.8125,0.4409030795111768,0.03635845823924775,-0.2740749095422261,-0.040864462218227836,0.8148148148148148,0.8683532573440831,-0.2035377578929952,-0.03183179995815345,0.6896551724137931,0.8245342703361476,0.8443775100401606,0.8333333333333334,29.0,32.0
00c69b9588e446e85d747ab8e2248c64efae77c96e9be39b581533b38e872a40,0.07434177552396895,0.08168096575268703,0.8888888888888888,0.5,0.7378573611555078,0.030934166672550573,-0.1393908291074418,-0.026988636353465097,0.5,0.844860853432282,0.1312810464540957,0.02106751207181393,0.6176470588235294,0.8241411006974083,0.84375,0.875,18.0,26.0
00ebe2c653fbfca28c4eba33996bfa6cc557ee4b4eccc8b85a82c60ceeea58b8,0.031828517430544136,-0.052099894340417396,0.8181818181818182,0.6666666666666666,0.7441547371960614,-0.038236823205790894,0.05942083910249402,0.005348575797282021,0.7894736842105263,0.8657623440043407,0.07238095529352043,0.03795565513992945,0.8333333333333334,0.8118262976806924,0.75,0.9166666666666666,21.0,24.0
010436075ec512d674b59535d2fc1338ce64c87eaa1bc1ba0bf5da10d29f6b53,-0.0282382308202754,-0.019354712008711306,1.0,0.6666666666666666,0.8100101354801842,0.0059889954276946536,-0.3842854889889652,-0.08030710050472552,0.6190476190476191,0.8589471402431638,-0.0386917691128613,-0.003792676195043383,0.8888888888888888,0.8202656616449719,0.8233618233618234,1.0,17.0,24.0
01216f95df98fb1b0b5df3908efbdab5713998a69230087aab0bb19b063ff82d,-0.22554446858973595,-0.16138167662572997,0.6363636363636364,0.8333333333333334,0.6938637427495573,-0.10810036504835506,-0.0656483899929779,-0.007443235009263706,0.7058823529411765,0.805128205128205,-0.0507569124771401,-0.01128550796611269,0.7142857142857143,0.8346267224925806,0.8273921200750469,1.0,21.0,18.0
0130b1b5b719bf113e8277703b904d8d85c8c73794d2e891b07e54a0222abb1e,-0.05329869286558602,0.012062271208246378,0.9090909090909091,0.7307692307692307,0.5812809030455445,-0.032428157211081075,-0.16184603077476728,-0.05669356516987779,0.6956521739130435,0.8470157352143244,0.10418163573194006,0.013210030051591505,0.78125,0.7944881395976288,0.8032786885245902,0.8888888888888888,21.0,26.0
0150d065af18ba3ddd02bffc78e3f4f5b0fa148dbe442427fffc8f7a699fa97e,-0.09205101496312953,0.4092390849772135,0.8,0.6,1.7406954416101401,0.07610579472713801,0.01673654817511446,-0.049681125816060136,0.5,0.7878406708595387,-0.16973139378391158,-0.027833516419452056,0.72,0.8148940251009829,0.9,1.0,9.0,10.0
01523a23ad57d06a8c6437b7613c6848656169a9ebe74fb0b1fd7fe031c3ba7b,0.217236059536259,0.10480388270274515,1.0,0.72,0.6573742022992364,0.053093669641529756,-0.18536609870608928,-0.04502404931476285,0.65,0.881471755542956,0.015774109616322248,0.018024839759188914,0.7647058823529411,0.8350294611942415,0.8909090909090909,1.0,21.0,25.0
015c433c81b59d2ba3d8250407d8bb86df70ae916760a67fd054ece15dea2475,0.09532542959412509,0.0813937487145863,0.5714285714285714,0.7916666666666666,0.23914080064659457,0.10246572943783912,-0.09593649004024128,-0.009996557655921603,0.8095238095238095,0.8258703321994461,-0.09798412098433856,-0.028788403729567803,0.7142857142857143,0.7933519032764776,0.7476923076923077,0.7692307692307693,27.0,24.0
0171c9996631141ef899fb6581513a2f7802ed732b2961447c5d2f4e4f415fba,0.5636363636363636,0.46090576921211907,0.8,0.5384615384615384,0.994030099898455,0.13087251202573233,0.6833333333333333,0.178453881608008,0.5833333333333334,0.8165103189493436,0.027481661359187278,0.009025016685504931,0.6857142857142857,0.7986220316864011,0.8928571428571429,1.0,10.0,13.0
01936d8518be388d5d65b714dd00726e96e76bbd934acda7c5a382a19298f0a3,0.022847135459726626,0.001951294224309591,0.9,0.7272727272727273,1.1421043560702353,0.014164311914224105,-0.5043944520724262,-0.04642500415623043,0.6666666666666666,0.7686187807815619,0.10577235802015918,0.025418097377443914,0.8387096774193549,0.7816308337504839,0.891358024691358,1.0,19.0,22.0
0198af384daf6d1669caecb34e506e2ff19ceb92d05d7b3a7c3eac8e087a05e9,0.1762214134094893,0.11614990102184261,0.5454545454545454,0.8823529411764706,0.8485826356872127,0.12377907297062377,-0.22337662337662337,-0.030773231544074933,0.7692307692307693,0.7770270270270271,-0.2744448768256262,-0.05776679616164046,0.72,0.8061744575506044,0.7756410256410257,0.9166666666666666,22.0,17.0
019d4a1575a479342155e1418b1e566fdb6ca0d9a7cbec4a0e0bce8f75586619,0.34884735792491184,0.22777964773984172,0.75,0.7619047619047619,0.6283118834080127,0.12042009201146252,-0.0339277979029216,-0.004470330032825844,0.7368421052631579,0.8168068366793272,0.12359665495294511,0.04862633283986648,0.78125,0.8271036391771007,0.75,0.9166666666666666,24.0,21.0
019f8a83120d65b05612d2401429cc4097e0006a0983c9cabb97369f892b9ec1,0.1580135887496698,0.1589877437761434,0.9,0.8181818181818182,0.5805176950976112,0.035053394134713166,-0.34311522128499733,-0.07063746881525526,0.7894736842105263,0.8420168067226891,-0.006403035794464882,0.0036234148980141268,0.782608695652174,0.7938165135146042,0.8547008547008547,0.8888888888888888,20.0,22.0
01bfc50812d085a1226a9e44e5fefc875207e9f1e5ed754449d8ed93cafa6b5c,0.01580135887496698,0.1158565386915383,0.6,0.6086956521739131,0.6727640914423169,0.0020589224875296884,-0.2693755465351514,-0.04409847563651589,0.6470588235294118,0.8515024293598754,-0.4581610618686384,-0.08203174088985372,0.6896551724137931,0.8139442504776616,0.7692307692307693,0.9,20.0,23.0
01d117e95630543d4a1ffb2da72a71a3ba7e61414c99a0f8340ecff20a22e936,0.25917507050585936,0.19798865289024886,0.7272727272727273,0.6842105263157895,0.4223622139056189,0.100457238577085,0.4176680960783648,0.07131426659359628,0.7368421052631579,0.807677902621723,-0.23376361163827936,-0.03725378947695652,0.6923076923076923,0.8176545637052216,0.786096256684492,0.9090909090909091,21.0,19.0
01da347f5656cd4174474ea6b1bca0604e3e4c85d52dd060bd21d49e2018b1d3,-0.061017057353874214,-0.004137567592422009,1.0,0.7307692307692307,0.6641801696769638,-0.0037235181701578044,-0.39171444227178515,-0.08416078677038608,0.7083333333333334,0.843470387290612,0.01777545501561871,0.011354667787205106,0.8181818181818182,0.8133542717169366,0.8333333333333334,1.0,20.0,26.0
01e414837267d1a9f672bc067293bcb37cd396fe7be861a1821bee6899e0af48,-0.21507476924941596,-0.1166768482043098,0.8181818181818182,0.7037037037037037,0.6775331973548813,-0.06491377356449837,-0.017543863352671392,-0.031532530262029394,0.6956521739130435,0.8198739873987397,0.10159768368007231,0.03352891056716583,0.7666666666666667,0.7916882336244175,0.8032786885245902,0.8888888888888888,21.0,27.0
01f2bcf0e1e37a092f49804edc46b0d0d854e769e8cc569db057ce1ba08a92c3,0.11411051534537114,0.3024398343741597,0.8888888888888888,0.75,1.0647545116404145,0.1484385755388323,-0.3546014939227125,0.030641020048523517,0.7222222222222222,0.8261738261738261,0.30651554149710813,0.07469965767935724,1.0,0.8114962874071854,0.8810975609756098,1.0,17.0,20.0
01fa911852e90d02370267d4d3cdccfefa0a137dcea71b132bdd74d5b7c02539,0.06863208964668217,-0.008546417076530533,1.0,0.782608695652174,0.7578684408259279,-0.07029655206050016,-0.26836906849023157,-0.06949096060377326,0.6363636363636364,0.8741272752492949,0.07346085702719547,0.030206758870245064,0.782608695652174,0.8125665817508108,0.8414918414918415,1.0,19.0,23.0
0213e7ec5fda099ff2f48cd89d929cb9cf2fa02f9f10c35535a0ef1d779fcde6,0.3855325577760461,0.2884215546466404,0.9285714285714286,0.7931034482758621,0.6667706709161306,0.15432369219245592,-0.16742032182030148,0.00696501890936993,0.7307692307692307,0.8197294041330739,-0.12762697710853244,-0.023119367251270513,0.5185185185185185,0.7541479433114413,0.7272727272727273,0.8181818181818182,28.0,29.0
022304f320c8b51a5c40db08fbe08b1b0d4663227f3fb6c91704b20f94167d7a,0.2623968342309825,-0.046246471947090806,0.8888888888888888,0.7083333333333334,0.8003060854852392,0.03256022406096695,-0.3326448055999069,-0.10776571188171728,0.7619047619047619,0.8671538966246262,-0.09477522041030317,-0.015056996866561591,0.875,0.7822803069380599,0.9,1.0,18.0,24.0
0241692587755ceffa1d454ff2b804be00eeb1fe8aefbaf53cd323fc3fc64500,0.37642272858119624,0.12497551470358112,1.0,0.6956521739130435,0.7044099472842701,0.0911511418181486,-0.17993833728881362,-0.056517449223554346,0.7222222222222222,0.8662751106571334,0.10272705795176129,0.034991408369591845,0.8076923076923077,0.8038590909927223,0.9,1.0,18.0,23.0
025d55e67dad4064cb61a4baeb32c57761bbc7b6fb16a69ea1f335ea132f5d0b,0.15969896492618932,0.21707856717566007,1.0,0.68,0.6009628274430577,0.09427817641825606,-0.6704343338882476,-0.12086454406544853,0.64,0.8572512416400485,-0.06873891139738497,0.0008028405539987128,0.8148148148148148,0.8131955381112862,0.9090909090909091,1.0,20.0,25.0
0282b6d0d3250906310987bcce1cc51640f13b66289a7f232bd84a78701d6e81,0.46694239792285064,0.4252870374707163,0.6666666666666666,0.8181818181818182,0.7042945745024392,0.18532702185209957,-0.26297000932891873,-0.047057938623876534,0.6666666666666666,0.8148172154524242,-0.13076069325277975,-0.02826610957735748,0.68,0.8055194805194805,0.9,1.0,18.0,11.0
02871fcfc65641a98690b30f63fe1e82902bd5b51a3ea0d0f4b9030237b5a34c,0.0007698231688328034,-0.02380083748608032,0.6923076923076923,0.7692307692307693,0.8526922588846496,-0.03983805253107438,0.05388762181829624,-0.00353944792826595,0.7142857142857143,0.8659838726210408,-0.026655376213735166,-0.010440130273850958,0.8846153846153846,0.778813666008788,0.6764069264069265,0.8333333333333334,25.0,26.0
028d7db557a15036c7f9201e598664dd524d1d49151e5e8773755b0bbb973561,-0.0029717773149319678,0.013517553524281078,0.9166666666666666,0.7,0.42395725284225905,0.025121572639661246,-0.35611798157268076,-0.07617908468941516,0.7307692307692307,0.858532034003732,0.028408452838056417,0.002331733249596532,0.6363636363636364,0.8056245250941613,0.8437001594896332,1.0,23.0,30.0
02dac0d1bd4a6b52675841a7b51883abde7f406643ad40f9a783ee19bf283ce0,0.1769108029756361,0.10480388270274515,1.0,0.72,0.6591740817670736,0.04165221891442332,-0.18536609870608928,-0.04563618621316416,0.65,0.8874250246187818,0.05801481182082042,0.024907055095947116,0.7878787878787878,0.8177471961547264,0.8909090909090909,1.0,21.0,25.0
031475f3fb20a5ae25c4f0ab0e632e61a9d50f7ab73074af5c77cebe4bdbdb76,0.24686980467612776,0.18681810822161365,1.0,0.6086956521739131,0.8744215396886976,0.1266337558219018,-0.4651170233028494,-0.08499536894480432,0.5714285714285714,0.8592551699441972,0.18118440453623472,0.04778530262442967,0.7083333333333334,0.8378275398267856,0.8522727272727273,1.0,15.0,23.0
0327fb0bbaac8e6673dd62b5709ccaabe7b0535d428944d0d19519412965434e,0.35719870958636724,0.2639685331556402,1.0,0.8,0.6634709223685473,0.16040007109840454,-0.12069931458591711,0.021793094118091518,0.75,0.8398501918838525,-0.4322875375905301,-0.0734113308408143,0.8,0.8115975376962926,0.6410256410256411,0.7692307692307693,30.0,30.0
0330ffc374530453d6b1a60f3c16c9b68bc13588e8a3e2f57eda80a713f7634c,0.11760886173457491,0.10263476335278388,0.8181818181818182,0.8095238095238095,-0.1428826630209714,0.13019387038260213,-0.03611739171421024,-0.002662559987273875,0.782608695652174,0.8291967949970686,-0.024747940686039204,-0.008819273718965424,0.6,0.819513202770648,0.8032786885245902,0.7777777777777778,21.0,21.0
039300cc3c0356021fa5fd65e9adfdbf8a8265645c64f5ab507f4ccda39e6ac0,0.13344655685877804,0.08530970052466841,0.6363636363636364,0.7391304347826086,0.5655312867021607,0.03612272108803277,0.046932475505417695,-0.0016166735995333265,0.8125,0.8266237402015677,0.06813384327184982,0.022832094563861507,0.6666666666666666,0.8218871765066983,0.7586206896551724,0.8181818181818182,22.0,23.0
039604ff6bfdab5dc2f913bcbc68d6659219e66929e4c5e0ca838454165404d9,0.046767582069862,0.03395059764954791,0.7142857142857143,0.5714285714285714,0.9930448666256428,-0.0033113118736070404,-0.15405791740660424,-0.0470986927660313,0.6666666666666666,0.8249799595373514,0.3434671333894051,0.049984048761921744,0.7272727272727273,0.7714116577517494,0.9184782608695652,1.0,13.0,14.0
03cb4899130b03492bb7df768d3358c52b29919747a9a9fce8b4f18a6ffab97c,0.23067502026806208,0.07851492187959318,0.8888888888888888,0.5789473684210527,0.8043858643347337,0.08560258449397305,-0.06871170816495467,-0.014240754345732893,0.6923076923076923,0.8403369575864433,0.30170289092138897,0.053592760265508396,0.675,0.7931170942094091,0.7810810810810811,0.9,17.0,19.0
03edd4082573bfb9437e68c07355e8a1456e61e9ce9ee9f760ec105e54470f05,0.5714285714285715,0.6839721965233211,0.75,0.625,2.086612764611018,0.3162811264089005,-0.10714285714285716,-0.17239087882839138,0.5,0.7791831357048746,-0.009839392125845055,-0.0005417840881184884,0.75,0.803962768995238,0.8909090909090909,1.0,7.0,8.0
0424ce379fb77bf6d9c8229c3c7863280012702e66cb48eb076ccf25f999d8f2,0.262116844344705,0.036745201832529634,0.9166666666666666,0.8181818181818182,0.5343288718727586,0.03734649255786238,0.09594465623183542,0.005117484033731871,0.7272727272727273,0.8462646264626462,-0.03804897833727079,-0.0007519859589316792,0.6666666666666666,0.8203605965381342,0.6782051282051282,0.8333333333333334,23.0,22.0
042bcccbd846e712cbc51b84615d1f514460143f0bc5af2d2f5b06013160a217,0.2815948530325062,0.20294316273115715,0.7272727272727273,0.8571428571428571,0.409198439955999,-0.02775491760419492,0.2838566590809601,0.11912585257214175,0.8333333333333334,0.788547977330467,0.07869281792784559,0.03695023216877549,0.7142857142857143,0.8178163588516175,0.7756410256410257,0.9230769230769231,22.0,21.0
045e9214ab2df0b57d2432c41f83197646c7f2fcb46695de6734abf573c2a28e,0.03083707921053342,0.07511716176301436,0.7142857142857143,0.6923076923076923,0.6432394632756218,0.03343074507140763,-0.2479348250927589,-0.0680944866506819,1.0,0.7247188869830378,-0.2806052400691818,-0.03463144011074981,0.7272727272727273,0.839954998874972,0.8596491228070176,0.8333333333333334,14.0,13.0
0466494a110432b02ee77f4e932583d15eddaed8c3ff4a4185aa2ec96b7279ed,0.13939393939393938,-0.18200379217414006,0.8,0.5714285714285714,1.2860958255903472,0.00864650343583054,-0.5151515151515151,-0.14254432220137636,0.5555555555555556,0.726923076923077,0.15552859806805167,0.01572936340198455,0.7105263157894737,0.799092243402171,0.8928571428571429,1.0,10.0,14.0
047c372f274e55e74d067f1e2e663f193dce9967f3c6cccfdeecbc5e1f94c7b7,0.06288700930516707,-0.06842379042229996,0.6666666666666666,0.6296296296296297,0.4209496155002744,-0.014178942984987074,-0.38326413545038823,-0.041098988785997374,0.5217391304347826,0.8172120014816643,0.20030649065918896,0.051707885658186944,0.64,0.7686263701603825,0.7471751412429378,0.8333333333333334,23.0,27.0
04a06e311c2fe1ef64e02f71fe5c543ef4bdaac2de5d65a9cde7f3f29137de08,-0.08237107906510997,-0.15860774427242075,0.5384615384615384,0.6774193548387096,1.10889152470572,-0.09985437757792025,-0.24172447501350028,-0.0808315389494798,0.65,0.768099104143337,-0.20474806103560486,-0.044520730482301776,0.7142857142857143,0.8276927559344907,0.8503401360544217,1.0,25.0,31.0
04c72cb6138cc96f3802daf999ed9f39fe46eb7a4ae6742a6845e77d8e3ef87a,-0.3175320566829391,-0.2748015958447223,0.7142857142857143,0.5625,0.21936954143606455,-0.143511684049902,-0.30620951809508673,-0.04523550718669854,0.6923076923076923,0.8295162278015921,0.028614483471141407,0.004269161181775035,0.6206896551724138,0.7834985320883789,0.875,1.0,14.0,16.0
05415d92681e0b060d1eda931bb0df4cff32daac6a5aab663a2b53ef71983e31,0.06021832969069282,0.046809010654724745,0.7,0.6956521739130435,0.7213739956396233,-0.02343150694342606,0.09409114014170755,-0.003800896364697105,0.75,0.799856763450807,-0.40042139479040945,-0.07406331970280126,0.825,0.788746551466028,0.7246376811594203,0.9166666666666666,20.0,23.0
05b0006e07ab67f38427ac35a0806a7d284c8ee84c75302d8647780470abc763,0.5272465217267093,0.2457786433025598,1.0,0.65,0.5052326014995314,0.09447591029450138,-0.07511053801134686,-0.014090710109051649,0.6,0.8287714543812105,0.16138829815861336,0.03265651077626566,0.7142857142857143,0.8192063401235978,0.8,0.875,16.0,20.0
05bd727ef4854864a9b12d6e8492dc0269275d59acc6173fd1ab5868bc344e86,0.24518045506586147,0.2436454015406766,0.6666666666666666,0.7916666666666666,0.3546259391108829,0.11742189645132771,0.011299436831599754,0.011379020829011271,0.8888888888888888,0.87170361663456,-0.2882035241521539,-0.05375285538088296,0.7894736842105263,0.8085798567214498,0.7139001349527665,0.8461538461538461,23.0,24.0
05c7f038ffe4d27d18883d22385f5db4e6d759ed22213a92a0a44356ff55f156,-0.005502068478807295,0.0035164511915896646,0.5714285714285714,0.7222222222222222,0.2851326691925785,-0.026025444452230734,-0.013755171197018235,-0.038219074981171504,0.8125,0.865862503340077,0.09220186180838315,0.02928635495941704,0.64,0.7712130258564376,0.8022222222222222,0.9,19.0,18.0
05d51054705de7c8ffeaa45a79f228482089b26eb6e6f8232ee67f75ad7b6308,-0.10914501764366427,-0.07195488385234684,0.75,0.8,1.1056582108620632,-0.05189439276474006,-0.5722738762938072,-0.06493693932630443,1.0,0.7303030303030303,-0.1328934416521256,-0.032909624982839905,0.8235294117647058,0.8269220061249652,0.8951048951048951,1.0,16.0,10.0
05d64ecad163d7c05a5bbabfef255ccf95206d5199f15bf1cee3cac61230d589,0.24483882336281437,0.3973920734578684,0.5,0.8461538461538461,1.324524756452753,0.1313708051408357,0.1533929977694741,-0.013798761258874694,0.8333333333333334,0.8094470686301751,-0.0681746127172556,-0.01893153304428802,0.7674418604651163,0.7842992693332864,0.8366013071895425,1.0,16.0,13.0
061161e567bc5e0224ce71a1531dac23bed08d0bd8120f262f90b860eaea2a90,0.14080269449286015,0.06624206544516864,0.9285714285714286,0.6896551724137931,0.8831201280110849,0.046676711308439194,-0.14600746335543668,-0.033449689539507825,0.6666666666666666,0.8431131974821295,0.2002960711856853,0.03122627362077168,0.6363636363636364,0.8294463940271075,0.6077519379844961,0.8666666666666667,28.0,29.0
06265df08a132b22409973ea8067604b58c87ac13a533b94b250056fc9e2135a,0.1197475808313569,0.07355137655901192,0.6666666666666666,0.7142857142857143,0.8770155250296425,0.03913072584511869,0.19551514106647,0.010867975659109528,0.6875,0.8566103669190448,0.049803407854673395,0.016191171043174274,0.6,0.806557591778897,0.6713286713286714,0.8181818181818182,24.0,21.0
0649a23afc597a5efa3b7621d5e0a57e1c41f7cab7bf6919e6f3b70de195076d,-0.12074303405572755,-0.019443206245551126,0.2222222222222222,0.8333333333333334,1.1633240592016232,-0.06512363294696531,-0.07352941176470588,-0.019727982969731387,0.8333333333333334,0.8012072434607646,0.32866350407514755,0.0856440043059275,0.7368421052631579,0.7906029259642383,0.7714285714285715,0.9,18.0,18.0
0654c35b6cce4ffd9ad70f35230ed8b365416f2e9ef8c26de59764bc94bef2b3,-0.04103833019889112,-0.0005134672393528605,0.75,0.8095238095238095,0.7505940889629091,-0.01747207047251713,-0.18491970475162983,-0.023402283641158414,0.8888888888888888,0.8844146767617937,-0.08114303273224387,-0.03891368732330808,0.75,0.795091912519914,0.696969696969697,0.8181818181818182,23.0,21.0
0673e563ffa3aa1fbf39361ffdb6590c199b1def31bb80d3ccc88fdc03f9b616,0.36002529269226824,0.09181528531364322,0.8666666666666667,0.75,0.3742929431289136,0.0227411231693107,-0.10388666773368399,0.00022722778557595822,0.9047619047619048,0.8466473695204558,0.061047837946246186,0.027591254372031162,0.75,0.797022784009001,0.737719298245614,0.6666666666666666,29.0,28.0
06d689b475f9d7aca9487223d66a441636a4d2f57e13a67f762988879109ff0c,0.13678932826016343,0.037922089611472795,0.8235294117647058,0.84375,0.16579754756267437,0.03547844210060713,0.2945438479362324,0.05950533219276684,0.78125,0.8369572175397418,-0.1974281832347101,-0.014768810569698879,0.5945945945945946,0.8098294052704842,0.7145669291338582,0.75,33.0,32.0
0712c626ea4c83caee54aa33198b2645011707541851fc58166999201419aa50,-0.16151843306094393,-0.13061111810023007,0.4375,0.7407407407407407,-0.06782677439395389,-0.01008401655552487,-0.3368988055107616,-0.03905090321504666,0.7096774193548387,0.8863396521399258,-0.10852331439932963,-0.028869011901268744,0.5769230769230769,0.8146231267789171,0.7087020648967551,0.6666666666666666,31.0,27.0
072196ea936df019024ddeb186c32a320d5b837485069505c913a2f936052464,0.2207393360532965,0.13596737685442298,0.7692307692307693,0.8,0.7456075028264236,0.09798466197943594,0.10198192963335485,0.009444123735716183,0.85,0.8622746185852983,-0.010133233430430313,0.0009791905450103426,0.5454545454545454,0.8079110224363563,0.7027027027027027,0.8461538461538461,26.0,25.0
0723a09ad8ec1ff26ae4905d88d4e8178fa2ea3118672479a3cad7ba104cc554,0.16196331210310744,0.05650434975080629,0.5555555555555556,0.6363636363636364,0.22355745314731873,0.11213712108748312,0.3814437126458595,0.1570714996773753,0.6363636363636364,0.8030729188531127,-0.23336049737882533,-0.0375145442233876,0.8,0.7935219396749499,0.8027777777777778,0.875,17.0,22.0
0763fe7d0c53aa2888e1b5cdea5af1570394eb774ec246a4baa75a4bb3bc6f19,-0.05933252558875824,0.005668669266626181,0.75,0.6956521739130435,0.7303560888753988,-0.10446861536092486,-0.08800991295665805,-0.024908683341835526,0.7142857142857143,0.8678427842784279,0.07346938977647187,0.025370947982048912,0.7058823529411765,0.7966535206953325,0.696969696969697,0.8181818181818182,23.0,23.0
07780cca9fde5c5b261885970474ff2284bbc4836a993423aa977bb346974ec9,0.3357882875801389,0.23795821072347154,0.625,0.7692307692307693,0.9682032493205005,0.1051943914632669,0.0132548008255318,-0.01584418033006447,0.8333333333333334,0.8220448314787937,-0.19240993157301017,-0.05361008091887973,0.6363636363636364,0.7942678710828593,0.8311688311688312,1.0,16.0,13.0
077e5d126f672c30df1df4651e4116f86cdeecf02b000c20875257908433fbd6,0.6778302010921357,0.12751312462919184,1.0,0.7,1.7638885669151692,0.06427966351399839,0.050209644525343385,-0.014935171948530505,0.6,0.7529869408168938,-0.03685538695595595,-0.012479276854254227,0.5483870967741935,0.7889643091183526,0.9204545454545454,1.0,9.0,10.0
07b2ce6d17d59b5e69b4cb0dd7d0d63dce90e06e1e963572c5563b37cac7df39,-0.07954549699128208,0.06927562989981882,0.4444444444444444,0.8333333333333334,1.346750249724828,-0.008540477453596622,-0.057395159026262875,-0.03048641792905497,0.8333333333333334,0.8300144300144302,-0.03599837124750485,-0.016416904620278186,0.6842105263157895,0.790085202235952,0.8181818181818182,1.0,18.0,12.0
07c206eeebc39ab30da5aa5a2035ba3aab6616926b7139e10c5ee6c877491438,0.24848484848484845,0.40630198474338597,1.0,0.36363636363636365,1.2562395442786838,0.15533078733818534,0.09999999999999999,0.054123327358618786,0.6,0.7974461597103105,-0.18712378768107932,-0.03800575634702794,0.5789473684210527,0.7903672713555777,0.8928571428571429,1.0,10.0,11.0
07cd10629d260a4441c61fe6eedf0914da7a55eba451caff675246e397ff487b,-0.15994811963266706,-0.16402829057647222,0.5454545454545454,0.6551724137931034,0.36739925422047315,-0.07947600015756671,-0.03689763220538758,0.002745297992563438,0.76,0.9087669948429442,0.08903144298661084,0.024495505159687896,0.7727272727272727,0.7885011062726365,0.7101449275362319,0.8888888888888888,21.0,29.0
07ce156206e623c67b901dc5b9429665ecf7f8e2292ddc9b1e5c9742f9930923,-0.11403508771929824,-0.17857316411922336,0.7,0.8333333333333334,0.9585556414603387,-0.04582005893640487,-0.232843137254902,-0.04202495912401716,0.6363636363636364,0.7800144300144302,-0.2526581094120409,-0.060715365632941914,0.7575757575757576,0.7935582975739258,0.7632135306553911,0.9090909090909091,19.0,12.0
0811f4e70e97eb26c20efde1d44501439ae5ef6f89ba1e6c6475a11b3e5bb90f,0.34411764705882353,0.2043014187900318,0.625,1.0,1.289835544211305,0.18870135230722535,0.1357142857142857,-0.02316732559712397,0.8333333333333334,0.7291836734693877,-0.11398968190719076,-0.03632612324460185,0.8,0.7542658160727269,0.8366013071895425,1.0,16.0,10.0
08208847e176e56c5f42eec32d5e3dee2fe0bebf4a6921ffc6e4e22dc672eebb,-0.21666666666666667,-0.0017426930580879407,0.2,0.6363636363636364,1.5792871735155611,-0.3747829042263441,0.07142857142857144,-0.010235079364681566,0.75,0.6752062527138515,-0.12785764254105564,-0.07976105011133608,0.9166666666666666,0.7651235899939389,0.9,1.0,9.0,11.0
084d4f5d430db03727b38819bd902b5af3c31e1185c0a0ad15b25fef5b42af88,0.15101314743016844,0.28511557685682865,0.5555555555555556,0.75,0.7834685990475986,0.15880912226860167,-0.10564048844147479,-0.047701902317754605,1.0,0.7848982334869431,-0.2764326969772226,-0.07262648185926683,0.782608695652174,0.7750280397526781,0.7810810810810811,0.9,17.0,16.0
08758e1a1ae129894e5b2d440038f499b173514c930bc796f1b6ebbd0a5907c3,0.09405696058772561,-0.030099955264927408,0.7777777777777778,1.0,0.92983919767119,-0.015322111608232308,0.22898068839524896,-0.019672853200791075,1.0,0.7836480025929827,0.16066957892399023,0.04100417164706227,0.76,0.7918635759531905,0.7941176470588235,1.0,18.0,7.0
08b2fb261a37f98109e585ac6d5aab1ae21dc357c579a36a6c5be6a6c6a77de2,-0.03932083786383928,-0.03477085345785808,0.5,0.7777777777777778,1.3415918329269332,0.005376160891200075,-0.2043956043956044,-0.0653998073983838,1.0,0.7835337650323774,-0.13582992816193987,-0.035329496593047134,0.7407407407407407,0.7976350491645413,0.7758620689655172,1.0,15.0,9.0
08c25d70dd913749c25dba4cd8eb6bb70cb6b704307665937cc5dd28cf502466,0.19230769230769232,0.1686666755551494,0.7142857142857143,0.7777777777777778,1.618372716494131,0.018685134396263167,-0.054945054945054944,-0.025936590767471037,1.0,0.6667873303167421,0.14583787204717266,0.017578337775302034,0.6,0.7654720875534008,0.8047619047619048,1.0,13.0,9.0
093a8ccf0a50d6dc9ec61f7fd73bc706143f369514289666ea007d436fab8b05,0.0,0.3057256731271524,0.5,0.7777777777777778,1.3376446527054044,-0.004458508952674107,0.10303030303030303,0.0014453078259696816,0.75,0.7718175188396402,-0.10464342858736188,-0.022656653278098765,0.8636363636363636,0.7932817302219692,0.7515527950310559,1.0,11.0,9.0
094c6e688c23a420a734abccb74b529a2fe0919deadcf350b4ec14c0cea88bdb,0.15713808969190501,0.13616705327696765,0.5882352941176471,0.8275862068965517,0.4314298878641942,0.08419438848420949,0.24523572082768577,0.05108905253828519,0.875,0.8690538033395175,0.17842212289480644,0.04103398198511176,0.6428571428571429,0.815793591890621,0.7269692923898531,0.7857142857142857,33.0,29.0
09a8ce609efa0fbeab543f5a9d2cee339f1cc26b5f963bb2f5d3b924054680c7,-0.5264705882352941,-0.5129141947124259,0.25,0.9090909090909091,1.2235880147334515,-0.20587830951119365,0.2642857142857143,0.010305614075132998,0.6666666666666666,0.795440963032528,0.08401182050813868,0.004524852190668873,0.6363636363636364,0.7840813183428309,0.7485380116959064,0.8888888888888888,16.0,11.0
0a12359310a24233d838e0c1358422d96ba6007faff6b61f2b81d3e6d288c394,0.12296705271372266,0.07830373314493685,0.5454545454545454,0.6521739130434783,0.6009849611894464,0.034648862605397776,0.06028651427153557,0.005663088030238738,0.6111111111111112,0.8762377240052649,-0.2712306838208355,-0.08091553653576933,0.8518518518518519,0.8441483943759347,0.8273921200750469,1.0,21.0,23.0
0a341794fa8843749132a75b1bace2688318916c38b6f98d98d1de70a0c22781,-0.08391608391608392,-0.05973134829749438,0.5,1.0,1.5662204463188918,0.12596640553563626,-0.22727272727272727,-0.007015907364910035,1.0,0.8406692406692409,-0.0842140129638087,-0.03199519092666695,0.6818181818181818,0.7656312258457432,0.75,1.0,12.0,6.0
0a4149ee459ac28076f66be70f0a7d70fc843b3ad454c36da921e62b1a022058,-0.04569252899454617,0.03882894204186389,0.5454545454545454,0.7222222222222222,0.6810473228017923,0.0007718343019664772,-0.1657986052087818,-0.03397347926137572,0.5789473684210527,0.7682031346414908,0.02001272649428861,0.0033690908109915295,0.6538461538461539,0.8041800535231192,0.7736842105263158,0.8,21.0,18.0
0a4de482dbc4a56b643be2b750d3f50cb9d034146816077734a6ec54aadac8f8,0.2699419015367041,0.07223247415395367,0.9285714285714286,0.6451612903225806,0.46612730947894127,0.038903119039250735,-0.15014788636272708,-0.02287508696895756,0.6538461538461539,0.8510808962760361,0.1758505604786187,0.03907200324354213,0.6666666666666666,0.7575507078600198,0.8369690011481056,0.8461538461538461,27.0,31.0
0a50a94c44aa5d11280b247f324dddc3ca46b4199cc8dea571c7d25de46e0619,-0.03736263736263736,-0.0472186254509743,0.2857142857142857,0.8461538461538461,1.4307141303356172,-0.0028996351358327823,-0.09010989010989012,-0.02685673622022249,0.875,0.8733273862622659,0.2808227635539072,0.06121729682830504,0.8,0.771147881142572,0.9074074074074074,1.0,14.0,13.0
0a974d6a7bf1d058835069f5a1839692c5930e99b5ec2943989888fb4b02dd92,0.12737091992619393,-0.015009070682625691,0.7272727272727273,0.782608695652174,0.22504374848423178,0.03503403901890491,0.16982789323492523,0.04836769095658712,0.56,0.8534218590398366,0.028929161372627535,-0.00008833434095241411,0.7777777777777778,0.799839098328799,0.6558265582655827,0.7777777777777778,22.0,23.0
0ac1b9d1cc58d4de184ac3a6d8f3c6f8961b93e9eb7d43ab33d86ef2341f9396,0.13636363636363638,0.23573188009979362,0.5,0.7,1.591233636655199,0.015253518706565708,0.049999999999999996,-0.041498376494345166,0.5714285714285714,0.7537549407114624,-0.06282432190846624,-0.01910236725740414,0.84375,0.7936055432644805,0.9097744360902256,1.0,11.0,10.0
0ad97b2fe268613e6bdf94196d8e0ea55ea131869125571e8cd54d42cfbea1d9,-0.2697731960158091,-0.15443075038291143,0.5555555555555556,0.8333333333333334,1.2537879245406298,-0.03850590159832408,-0.05298014679347341,-0.019099501366675764,0.8571428571428571,0.7715034965034965,0.16568719182263666,0.03666232918525651,0.782608695652174,0.8000949035431794,0.8304597701149425,1.0,17.0,12.0
0b339171acf30e5949500a17402118c05efea91fd376dc2c0c172060087cfa55,-0.24306089451283328,-0.380890915158736,0.2727272727272727,0.7272727272727273,0.7962180089372898,-0.25444991033321723,-0.1495759350848205,-0.012750712282545784,0.5714285714285714,0.8417273236282194,-0.06649230826228232,-0.00599720061126357,0.7,0.8151653243911994,0.8066666666666666,0.9166666666666666,22.0,22.0
0ba466e48c108a63702c3325651d67a54a655afe59c19f5fac1d61022eb925f4,0.47060485181697,0.46212860152531626,1.0,0.75,1.51058380053142,0.2639609212661807,-0.235302425908485,-0.039961775457771916,1.0,0.8825450180072029,-0.07998875945033171,-0.030707200869757093,0.5238095238095238,0.734139973526215,0.7043478260869566,0.8,9.0,12.0
0bc5d53c4718ec512b77a4943875a4262dd714c68aafb2aba756876bfe4b14e0,0.34137636509060465,0.46584531506314103,0.5,0.7777777777777778,1.2191770654723462,0.20846093431367083,0.45534220441992507,0.09951595503961112,0.8,0.8315331010452963,-0.38257094821835425,-0.08149600373672118,0.6206896551724138,0.7919846271204752,0.7258064516129032,0.9,15.0,9.0
0c89e94727cd4979416f3352fd51e17dd54ca8ffae6e8ec5e7361c0530397971,-0.10366402709557626,-0.12361907581650808,0.875,0.6470588235294118,1.0854212941042714,-0.015068732908794836,-0.15013410820738635,-0.021336735707582228,0.6,0.8615637559371574,0.06847250390807452,0.012214979571335166,0.5238095238095238,0.8037212185517102,0.7575757575757576,0.8888888888888888,15.0,17.0
0c9744fc24e6c3b828f671ab44861b760464f04d97eac31fdc7a11f59d50f12c,0.030508479445319335,0.1163003681416532,0.5454545454545454,0.8333333333333334,0.80306326878444,0.018501875981292007,-0.3319259674899602,-0.03689593594460375,0.6428571428571429,0.7939960508453661,-0.25115427402357743,-0.055595150867745524,0.8181818181818182,0.8014434078507304,0.8148148148148148,0.9090909090909091,22.0,18.0
0ccd4605b91f9585b7ae33ea09eaa0e77a60895698ab7ad341a7a990c98062b5,0.17255876192063851,0.1519454908612149,0.6666666666666666,0.7307692307692307,0.6854852511503158,0.07506786908593696,-0.2941904393775929,-0.034315004785965234,0.7619047619047619,0.8674393843760557,0.06757557842390818,0.03400858954868961,0.6,0.8167319359616907,0.7177747625508819,0.8181818181818182,23.0,26.0
0cd37ac6385d4a1bd4c18b9dd13468590acff1efef86285a168ad80e76220473,-0.001950586824788623,0.03729116378812329,0.6363636363636364,0.7058823529411765,0.6133892803567758,0.01073231992870358,0.17815359666402752,0.02220403738032546,0.7857142857142857,0.7312004230565837,-0.25377218442841865,-0.094865515299632,0.7894736842105263,0.787566129747303,0.8018181818181818,0.9,21.0,17.0
0d39944c29f968c94faa707aa13dd080709fedf302ef4dbd0384e9fc0f97dd90,0.15705898493472786,0.16410585047688253,0.75,0.75,0.6889626465043198,0.08581167713646282,-0.5265761646002294,-0.05331962100876843,0.6086956521739131,0.8101343784994401,0.05583840723358473,0.016290617905340348,0.8181818181818182,0.7906324712019126,0.75,0.8333333333333334,24.0,24.0
0dfa25dfa2499d196c20fecdde908d705059814c4812ca50bdc50d6308e8c0f2,-0.4512621378343993,-0.2705830098318437,0.3333333333333333,0.7142857142857143,0.9036958077254184,-0.15742194924087924,-0.341741017815455,-0.0714019306123976,0.6666666666666666,0.8309413998914813,-0.07591992406696743,-0.014674950742191441,0.6206896551724138,0.8145533328460159,0.7058823529411765,0.8333333333333334,24.0,28.0
0dffcd131c49001e8a10c25eb45c932c657b5acbcda92d6f70537a08e1fa2cae,0.09622789610410043,-0.04620705197707575,0.7692307692307693,0.7272727272727273,0.7684147622110552,0.015300697467624793,0.14819096000031465,0.007094694522815219,0.7894736842105263,0.8787515429377535,0.10957559406054257,0.03886288427585474,0.625,0.7675884885820052,0.6592827004219409,0.8333333333333334,25.0,22.0
0e2aec01f7ecaa2667ef508ed61d857c87bcef3e3426d19c5589b8b012111c82,-0.2601697312769176,-0.15361805733106976,0.5,0.7727272727272727,0.8266351289386561,-0.08969119163318393,-0.002610398641574424,0.0025679904238330685,0.8235294117647058,0.86262349119247,0.021956001392115086,0.004364960386312747,0.6785714285714286,0.7650105859464407,0.6857142857142857,0.8333333333333334,24.0,22.0
0e49d45ae7c627b8b14a7b028dc4616e933c7eb0af888abe398152f6dde0d4d4,-0.07884369318758724,-0.03979829095319659,0.6363636363636364,0.5925925925925926,0.7688054517711645,-0.014861342706941104,-0.33806360532231655,-0.04144805003349232,0.6,0.7992679605039156,0.12107198679072512,0.04297956507981926,0.5925925925925926,0.7598290120596619,0.7756410256410257,0.9230769230769231,22.0,27.0
0eec6a5262a3e957e88d3ea4a24966a5bf5a1a7ba87b1e8af3d4837617e34b26,-0.36285895591354883,-0.3824084936808959,0.42857142857142855,0.8,0.6904667800012705,-0.13954690534370195,0.07147221858903234,0.0014046006783513152,0.8260869565217391,0.8415831787260358,0.09562690840773871,0.0026345894221521077,0.6363636363636364,0.8331579004121638,0.6756255792400371,0.8461538461538461,27.0,25.0
0f02a0bc84c765b75008e5a9e99abdbb3f33d12abf579587ad5eee6461421ebd,0.11401222768815099,-0.06088572458680255,0.5833333333333334,0.7307692307692307,0.5327438410798698,0.01495769416446732,0.029590959857993388,0.010931108426539347,0.9047619047619048,0.8562152133580705,-0.02233863891826974,0.008980439530499465,0.5862068965517241,0.7818708012694358,0.8,0.9166666666666666,24.0,26.0
0f0f384d92dd5e595f00daebdbb98f6372749b73dd09794d47ee5c4133f8ddfa,0.09557875441464252,0.06329848061443552,0.36363636363636365,0.7777777777777778,0.9933923403898729,0.030121024729597913,-0.05344376760048989,-0.004543769438290271,0.75,0.843084045015564,0.05431275187093125,0.005553790124766383,0.5263157894736842,0.8025610374556256,0.620253164556962,0.7777777777777778,21.0,18.0
0f54bf92626381c2058f9e4c8767802cf80fd8d1f804f3c80005fd7ba3a27f05,0.10132183169175267,0.02224081794387489,0.8571428571428571,0.4666666666666667,1.2463123907442692,0.06208628927120049,-0.007017587058225039,-0.039711891338820075,0.5454545454545454,0.7591041869522882,-0.26902537381655933,-0.081804925446779,0.6842105263157895,0.7668586824828215,0.725925925925926,0.8888888888888888,14.0,15.0
0f676a60fb5f4db984a0df4065627ef880e57d4f058ba892e55dd26681a5e45c,0.18007831194627621,0.11302526310234332,0.4166666666666667,0.7916666666666666,0.4577225066765065,0.09768667999303311,-0.23140498056864478,-0.02477084637302998,0.875,0.8229238160603979,-0.3078215866302933,-0.07207687449436274,0.775,0.7909743402887937,0.844574780058651,1.0,24.0,24.0
0fd35942728ec0b71f6ac666a8127b99c3e0ce79593197a7dbffe21c935206e8,0.31652450695992895,0.21201436456054218,0.8125,0.7666666666666667,0.7816370274259415,0.11883347341466086,-0.2560897511610664,-0.011520846799505317,0.7894736842105263,0.8431993681993681,-0.10081110947383512,0.004785450571927512,0.7291666666666666,0.8263032866488507,0.723644578313253,0.875,31.0,30.0
100c3bdc02931604272430286c537313c0b28f86a0013f938357dd3ea35155f7,-0.01978021978021978,0.10589201341133478,0.5714285714285714,0.8461538461538461,0.9040265277744941,-0.04476436212437974,-0.17032967032967034,-0.040257681391518974,0.7272727272727273,0.7948175568482283,-0.16882198252502537,-0.04375317865765355,0.6206896551724138,0.8057947011036256,0.8909090909090909,1.0,14.0,13.0
10e435b6d063fc72c77908911974e8e3c68ada99f778d5551108790c2f8c6db9,0.2591636896738362,0.18508574272202416,0.7777777777777778,0.5909090909090909,0.779254305051055,0.071944385960368,-0.4388229805234278,-0.05110968583153175,0.6111111111111112,0.8456153592150574,-0.3147270119480639,-0.06598559918461243,0.5945945945945946,0.8369169930913274,0.7363636363636363,0.9090909090909091,18.0,22.0
1106c1d92c8e5a40d3fa388fd1408c92cf80ee7830ec7b9111e09c2f12918961,0.049419324463966886,-0.10406016887812161,0.75,0.7727272727272727,0.5584444469867305,0.03243551096474856,0.01729676356238841,0.01703529533797328,0.8666666666666667,0.8112993981345437,-0.22871893649211614,-0.056151594341124496,0.8125,0.7913549634853626,0.696969696969697,0.8181818181818182,23.0,22.0
110ec0f5515f010a0aaf10bdb664e359bc8dbafaea8bffa51b65cb0bd5215b0b,0.21486344717318226,0.30014945521674524,0.6153846153846154,0.7692307692307693,0.6086721112842298,0.09225085223623315,0.24423181474494943,0.06067340321948138,0.7727272727272727,0.7729096989966556,-0.12463871059804013,-0.024914783094467687,0.6785714285714286,0.8221014736235779,0.7309941520467836,0.9333333333333333,25.0,26.0
11470703f65be0fbad719431d8950b49ce7c9a37c7894b43da5ac9e4aff38ae5,-0.012034600324555753,-0.0265044313091993,0.7,0.7142857142857143,1.0343281044544432,-0.03525291146132896,-0.19504643962848298,-0.047321925967092275,0.75,0.8382187839049011,-0.3025049080691412,-0.08419140296112082,0.85,0.7889270704257739,0.7692307692307693,0.9,20.0,21.0
1172636454818ddf71add0701751c65719268bf1754d4ef6e330ff715eb4bb2f,0.0994065768175202,0.13489021822782396,0.75,0.7368421052631579,0.3296561685438977,0.05791480775819766,0.1790307502882702,0.021972678352262322,0.7777777777777778,0.8856839363168475,0.014074021388727636,-0.008324772606497643,0.7058823529411765,0.8058785576026954,0.7450704225352113,0.8,23.0,19.0
118256fc131a09008f927a6db8a22c3cf11214043652e765a358c252b968ebd5,-0.16695983605184841,-0.014241022037317405,0.6,0.8333333333333334,1.0404903406850115,-0.12519166390294756,-0.5992979378282137,-0.1444693034411809,0.8571428571428571,0.715187969924812,-0.13874067046537553,-0.03876134603458468,0.6,0.714080514080514,0.8317972350230415,1.0,19.0,12.0
11ac74526083ecaf817a892b63ee0ac5ead8133686b243b097763e7c6fdf6bb8,0.04157194113377193,-0.055718326879647145,0.45454545454545453,0.7368421052631579,0.2967637921707703,0.033767167407196035,-0.32117339616158164,-0.0460962165273771,0.7058823529411765,0.8189915750209018,0.12922217608799758,0.02713782408512225,0.45454545454545453,0.8359657123959183,0.8181818181818182,0.9090909090909091,21.0,19.0
11d092e387d36122043ff76d3289a1945dbdd48ef7a6b8122cab07c9f1a5958c,-0.37224759904143917,-0.24427671756761082,0.2857142857142857,0.7333333333333333,1.0637684452036091,-0.11851705543096956,0.30396549507525805,0.04731286284175469,0.6666666666666666,0.8521968164293621,-0.00043787634192352093,-0.01008381286609963,0.7647058823529411,0.7599098942689976,0.8909090909090909,1.0,14.0,15.0
123b3079c38f50a9e16a3ed1238ab3f957690ede9c7204c3828891542341b303,-0.3573610929451618,-0.3276625637600515,0.5714285714285714,0.7142857142857143,0.4007094522888896,-0.17346165053861562,-0.13609164158552794,-0.03024172450887791,0.6666666666666666,0.8700202709911448,-0.030587969800979373,-0.0005264433292243921,0.7142857142857143,0.8035861330238889,0.6942857142857143,0.8571428571428571,27.0,28.0
12b072ab84174e33491aedd1fd8afbc0c30d3b0351110f3e35176500f4026cd8,0.2207296621656267,0.23557602594743476,0.35714285714285715,0.75,0.3084550398729688,0.17230596402237808,-0.15234315549190555,-0.03163520216206827,0.8,0.8387533875338753,0.22712156824362684,0.04100559324440288,0.7727272727272727,0.7888183937482125,0.8010989010989011,0.9285714285714286,27.0,24.0
12fd8d5aaf7af9ef16e081ab5f4d5408a0d1ce6109600803b4222e97860cdf90,-0.006843458449150714,-0.13129008681455895,0.38461538461538464,0.6153846153846154,0.769795679271063,-0.01758217213946926,-0.21093154826018815,-0.05728312603336381,0.6842105263157895,0.7807172799254775,-0.14895134747628222,-0.013125542337144106,0.75,0.7726358540825619,0.7788018433179723,0.8571428571428571,26.0,26.0
13251c7b6b23cee3322329b78f22802aa9cf2b96c47297b15c2f76530883cdee,0.016554386878250033,0.010623223119381464,0.6923076923076923,0.8260869565217391,0.6707821401196092,-0.0020353915978527388,0.003464871672191868,-0.0029414837437459042,0.7619047619047619,0.8549400342661336,-0.10810372806970957,-0.007841094647444275,0.6956521739130435,0.793269524312389,0.6967670011148273,0.8461538461538461,25.0,23.0
146f3ffabd10b9cb1fbc7779c8d205116a68cacf7feaaf16d1fbcb2faeec7fbb,0.0035026323416917316,-0.08059871936298178,0.8333333333333334,0.75,0.633732628609904,-0.0014242381889752764,-0.32924744011902274,-0.07756592067309252,0.6666666666666666,0.8262949812394551,0.22736738771224768,0.028750413035050295,0.7297297297297297,0.7635045138375016,0.8571428571428571,1.0,12.0,12.0
15464a4fb5a1f3c45664c7cc7bd69b227c57d76a8d1e71aa4e35a9159425e7fb,-0.012861746170045289,-0.07815063456066412,0.5833333333333334,0.9333333333333333,0.6586558616889187,-0.03303169368027972,-0.1221375266165087,-0.012869960583699637,0.8461538461538461,0.8104164492224195,-0.09726763229085365,-0.03788806649652559,0.75,0.7891081706282898,0.7633477633477633,0.6666666666666666,23.0,15.0
155619bfbab37489b69d8d41aa5b34174c9063c78e82689d6b521c0538758534,-0.03401981831166137,-0.14210321189998049,0.5,0.8666666666666667,0.5691947930038112,-0.013367416333257673,0.5765463945449981,0.12515630896818833,1.0,0.7809881075903904,-0.040405068470446545,-0.012813247792878795,0.6206896551724138,0.7885087175598126,0.7601351351351351,0.875,15.0,15.0
155ca9b7d972312a44e75fd81484761bb2469fda427e05dd233427d85bca7769,-0.1531637624326517,-0.03354891552085315,0.7142857142857143,0.7931034482758621,0.7611242378518128,-0.041274747705912315,-0.3329780195285847,-0.03401766919591856,0.75,0.8512172393709959,0.05940256291385588,0.02750582493581257,0.8571428571428571,0.7815200857536625,0.7967213114754098,0.9333333333333333,27.0,29.0
156b60d1522ad2706f8b425c4ecbc4186921049e75e2311a5babe0dddaa9fa93,0.11500977086751245,0.18318405005689328,0.5454545454545454,0.6666666666666666,1.0648779419985968,0.33141629435104947,0.0669676638034315,0.06304530011825071,0.7058823529411765,0.8528650579572792,0.11196447178880785,0.013015668910605826,0.5833333333333334,0.7867298901781659,0.7289256198347107,0.8181818181818182,21.0,24.0
1599f2835e5aae1e422cf3c72932b5628160c61a953df9fcabfc3d0fc784f40e,0.28281310762706013,0.13183044247365797,0.6,0.6818181818181818,0.7263807507634178,0.20771412915904547,-0.0436254261765146,-0.001797377958267717,0.5714285714285714,0.7924242424242426,-0.10941846357192804,-0.04394954376720814,0.696969696969697,0.8153985344839788,0.8264462809917356,1.0,20.0,22.0
15f12ac2540778b67dcbf6da230cd17785ea19269df2d3b2c336632152d05a16,0.10178826685793495,-0.0018703612274046724,0.5714285714285714,0.6666666666666666,1.3546129318219637,0.002965930003303938,0.006060606060606061,-0.011545982592471974,0.6666666666666666,0.7432947086945952,-0.17545146872988682,-0.03826362086565613,0.5416666666666666,0.7973953880277065,0.824390243902439,0.6,13.0,12.0
1606877f8d3b54b4deea39e045428390269f386b5a62bb4c9802c06d8933668e,0.52120959543436,0.6648007050648108,0.9166666666666666,0.7692307692307693,0.3592680989103249,0.35345143670091406,-0.14922778901000458,-0.08101566543562601,0.7241379310344828,0.8389779645031296,-0.06279686823698459,-0.013507868817862817,0.5555555555555556,0.8162591620759092,0.75,0.9166666666666666,24.0,26.0
1612ea4ba1432b7178e068b10afe36b9f72612520476b0d5e36195e13a0bbb94,-0.015254239722659668,0.07573463885668738,0.5454545454545454,0.8333333333333334,0.8295990443920133,0.01609865570073731,-0.39883081025212447,-0.04455037613199847,0.7142857142857143,0.774916163648558,-0.21962309671678348,-0.047334457795441626,0.7391304347826086,0.7982057416267943,0.7586206896551724,0.8181818181818182,22.0,18.0
161cf575185f97ed51584959323bff66c89d6e112d95ce546cf52e8121282a79,-0.2645220001749188,-0.37060749131524084,0.625,0.8,1.0123003255290977,-0.0701158204221405,-0.34663031416485957,-0.12556877310111952,0.8333333333333334,0.8741858445505862,0.04175173888290839,-0.0032684852477189476,0.5,0.7748342509676678,0.7758620689655172,1.0,15.0,10.0
164bc0f0ba20ca39f8687b199e977e9bdab7c72ce6cb465e2cee722e18dd03fe,0.035122460695123675,-0.08505925383298966,0.6666666666666666,0.6296296296296297,0.8786250453593979,0.015971558984156514,-0.1526719082706359,-0.02871270882344169,0.6666666666666666,0.8327639040541018,0.1412239155102827,0.05048633986789959,0.6,0.8214599982422162,0.7398601398601399,0.8461538461538461,23.0,27.0
165133a888dc0841fdea479b3c190612fb64ef866a2db668c1cf45bb93aedc4e,0.20070940177129437,0.12283216669106051,0.6875,0.7407407407407407,0.505674626793661,0.06667213596190204,-0.24411130057811373,-0.03528780571966436,0.7083333333333334,0.8329056130822714,0.1473292548782887,0.048856844812124996,0.76,0.8167630686399834,0.7718875502008032,0.8,31.0,27.0
168e437aed64178c2f05fc0d596cd118643a09691b79c9539bb082e54ac797ba,0.2838285545889597,0.23906406505860991,0.5714285714285714,0.7142857142857143,0.09638043060860392,0.0008537796023895326,0.1716172655654175,0.07504090747964495,0.75,0.8346364632809646,-0.261310347426836,-0.047337062003737586,0.6206896551724138,0.8171854544064572,0.7205882352941176,0.875,14.0,14.0
16b69f7579393f2973eb257771f80144cd17d8afe2b6be367b761f1e60be8de2,0.2686323566601898,0.007421924648881403,0.7647058823529411,0.8214285714285714,0.7472050677258804,0.04064035760852905,-0.23530452687504155,-0.03694094436659578,0.8181818181818182,0.8302181000789778,0.10367207855165038,0.03780161430951487,0.6956521739130435,0.7904208013373559,0.771793054571226,0.8823529411764706,33.0,28.0
16cc2343b6db8812241e802e2b659b76720cf7ff6181e38d27c701a37d4bd720,0.24175824175824176,0.07067687365404242,0.5714285714285714,0.6111111111111112,1.2054466753844595,0.10617663778726934,-0.7181818181818183,-0.10960804480113731,0.5714285714285714,0.7834469328140214,-0.06270793458624871,-0.010951135089929964,0.7,0.789510237755944,0.8894736842105263,1.0,13.0,18.0
175baa95447ab1c6527fe74bf722408ef0d164b81f6052e2afd0ddbf0f614830,-0.46946296741994503,-0.16464032924499572,0.625,0.55,0.3216871087668264,-0.09514783215383299,0.013245036698368353,-0.012464190134175213,0.5789473684210527,0.8936925903245562,0.2330244930810707,0.057950395675714444,0.75,0.7661705171521628,0.8421052631578947,0.875,16.0,20.0
17651f37f3d1adf286c0b2d83b8479598b0ea515f7ef3e4ce2a0ebd89e44dc06,0.1484410598866516,0.04414771844757868,0.5,0.8125,0.6699439555484537,0.061921508684204915,0.14668436095308174,0.02454692244501988,0.9230769230769231,0.7900152282174754,0.028066556789034507,-0.005178903688861495,0.7741935483870968,0.8011462488900297,0.6192109777015438,0.8181818181818182,19.0,16.0
1811f5eb4a270a66146eb0ae2fbafc7d656e1a285a9701e1334236669837aeb3,-0.32731776616464964,-0.16589217102359785,0.4166666666666667,0.6538461538461539,0.9115942859033619,-0.17015157643639708,-0.4283697498422671,-0.06055039593120067,0.6666666666666666,0.8292064386601389,-0.08617499640226534,0.0034227307960070564,0.68,0.8320603858915123,0.6670870113493065,0.8461538461538461,23.0,26.0
184a3d9e97f93eaaf40dc7306f8cd1a4826843730b115d1125870432d03a5b1a,-0.13999516023549294,-0.22297158972232778,0.4166666666666667,0.7307692307692307,0.628106908910699,-0.028665005494639236,0.21815500234576815,0.03610348250554778,0.7391304347826086,0.8348347773973693,-0.04266503523606895,-0.010761147003751918,0.6333333333333333,0.7720364239874774,0.6997354497354498,0.8333333333333334,23.0,26.0
18ede8db2cde6e733248c1729fe6b812351d775ac81fd4999c44d4bd6f028c3f,0.10750838821515239,0.2064779655881062,0.6666666666666666,0.8333333333333334,0.33381009891897295,0.10634988404326015,0.0135618379629206,0.011729980022467503,0.8695652173913043,0.8300627986199541,-0.07047797706603978,-0.02836600971076746,0.696969696969697,0.8124383666998523,0.798670465337132,0.8461538461538461,29.0,24.0
18f87df75588e3b7ab8f4836a9d02cc259e9fdd0c5011d1b11219be0b77c6998,-0.019298245614035085,0.1831750456626007,0.6,0.9285714285714286,1.2238138779711647,-0.010611275688823685,-0.1496388028895769,-0.09409175089804947,1.0,0.8125915750915751,-0.4043739791365688,-0.06566611599379159,0.9166666666666666,0.8177784958170313,0.8004434589800443,0.9090909090909091,19.0,14.0
193e8cff4d6b7de29bb5bb213405958f727420db1a68ab5edfcd5ca86ce86d96,0.18573629946081618,0.09210296596728286,0.5384615384615384,0.9523809523809523,-0.07132340869320751,0.06330014839435691,0.16487089565398416,0.026701434353699358,0.8695652173913043,0.8092371396719223,0.19635976436358973,0.0481556272791537,0.7,0.8631341096559499,0.8284313725490197,0.9166666666666666,26.0,21.0
19c9eaa9fc5f7aaf0af237adeef7a0ecb3f49ac052e6b1ec9aa3394b1726916b,0.16687129125774705,0.055521262060672955,0.5555555555555556,0.8571428571428571,0.2757795277656182,0.05390358831854253,-0.32024563984023513,-0.059224043734887835,0.7222222222222222,0.8015705578996719,-0.21976125405935884,-0.03479793027537356,0.6333333333333333,0.8112920316310146,0.7831978319783198,0.8888888888888888,17.0,14.0
1a5ebfd5af54e852f42ef0859fcf8460c360f2487f8e5ca9ad593bd525a8b1a0,0.09315074086741607,0.1500142126438403,0.35714285714285715,0.84,0.5628876290368305,0.08873261447383439,-0.1876713455711177,-0.006993373164037533,0.75,0.7818781878187817,-0.1719342648561917,-0.02152114350767874,0.65,0.8112344880013923,0.7063063063063063,0.8,28.0,25.0
1abd60452ca7fe52e413ffd33f3882b00dcc36e60556aa092f068ffa97fb1b5b,0.2559868080077333,0.18234885151743144,0.7333333333333333,0.7333333333333333,0.6224770254942449,0.06922960868059766,-0.37146889641659075,-0.04302053193165399,0.7619047619047619,0.8326798385708547,0.08094728225490001,0.028647650901535218,0.8461538461538461,0.821617837326128,0.7896713615023474,0.9333333333333333,29.0,30.0
1b15e9c87b4816ff3306ee3e914dad9d18eebbb7071ea674b95694a29613eb9d,-0.28540358481213707,-0.24934319338480493,0.5,0.7619047619047619,0.9515995438143859,-0.0580648654528856,-0.328906588929023,-0.04719857859337371,0.8461538461538461,0.8388559792669383,-0.3912361718826891,-0.0665669316071616,0.8333333333333334,0.8395430232044112,0.7741935483870968,0.9166666666666666,24.0,21.0
1b9293aa9222267fe1f3e9c96766e3c84070ad1cef73c3424d279b922e8eb969,0.21287684015877142,0.17723145063827128,0.7142857142857143,0.7916666666666666,0.5786421196940653,0.10114895749160914,-0.12836195410865703,-0.024156274864078297,0.8333333333333334,0.8576900527652922,0.08961572496378209,0.02633746450327552,0.6521739130434783,0.7903001985435016,0.784,0.7,28.0,24.0
1c47cc8d36ed4ebc62dc3c6976e5542012d39b0588f7958610173c29cab00e81,-0.028796817246045242,0.02071996822610247,0.6153846153846154,0.696969696969697,0.5384629048164743,0.002035096443404005,-0.18066574629364096,-0.020436044362421937,0.8181818181818182,0.8250116703344861,0.01569204027993529,0.01227435155283646,0.7878787878787878,0.7985393681095648,0.8125,0.9230769230769231,26.0,33.0
1cbb349354a0903ed2c86a52e3f16444cc7cbf88ccca8555bda548f1a631c7a7,0.18229283846994726,0.03701008794983691,0.5833333333333334,0.7727272727272727,0.9080841843852401,0.03642347948261009,0.04993820903720485,-0.004807260524199369,0.8125,0.8270666406097322,-0.3432131591569062,-0.05907341192382395,0.8461538461538461,0.8566502142195462,0.7912087912087912,0.9285714285714286,24.0,22.0
1d62eafb140bba50bd8bda0bd76a9c22a5a2941d1487c36c0abdb936fbce7117,0.08815460447742537,0.08592974684498275,0.8571428571428571,0.5625,0.6747292933232375,0.03085338393068095,-0.013774156949597716,-0.021274006786901348,0.7,0.8588369963369964,0.3764744405665655,0.058069826107471516,0.5925925925925926,0.7725063211125158,0.6525096525096525,0.8571428571428571,13.0,16.0
1dac0c0c8fcfb0ffd14d53f99abac6cee783cc33ec240ec0314b40bfdb4dd460,0.11776799813137331,0.039510727036537505,0.7692307692307693,0.6818181818181818,1.2703189145261813,0.050469243815809736,0.018829185747748643,-0.0024936700096264306,0.7333333333333333,0.8236518040164604,0.03047913056422946,0.0032793591159226945,0.5833333333333334,0.7936780540995997,0.6353383458646616,0.8571428571428571,26.0,22.0
1df36013f2233ec3f359fb587f6171bc2f955a2df88a90c10f2403d2e763c7ee,-0.054054217213200174,-0.26869539848700463,0.4444444444444444,0.8125,0.6091074459352515,-0.12006557937609166,0.16953368125958238,0.006481389850551709,1.0,0.7490867341613611,-0.07352069716968616,-0.05735564156753594,0.6071428571428571,0.7855869896939185,0.8257142857142857,1.0,17.0,16.0
1edef8c871c0a2375280120317186d93f84c59a91d09badc985cc94b135d85cd,0.26761014277951345,0.04640823362684554,0.9090909090909091,0.75,1.1321424407454979,0.037231199691328126,-0.2059409978260949,-0.020966120508872168,0.6428571428571429,0.7868547360172398,0.06956962917091923,0.03286167947950637,0.68,0.7578311244477786,0.8066666666666666,0.9166666666666666,22.0,20.0
20e093a1ab41a58b0e785415fc4c9abde906c859f6f127477cb7ad0208802ea5,-0.2323460432081132,-0.22414263943641557,0.4166666666666667,0.7407407407407407,0.8723271650016137,-0.16125306185682822,-0.05153640222568004,-0.02893539698634023,0.7727272727272727,0.8384572901325478,-0.014803849745610076,-0.01661159458116541,0.5454545454545454,0.8153156702452476,0.75,0.8333333333333334,24.0,27.0
20e58dd2a4b70cf357f4f056ee7f3b5b650f6916f736aa6f16b374eabdf3ce7d,0.25131685067804627,0.1554429621193476,0.7,0.625,0.6400329149360994,0.03233585346078264,0.05191875058917722,0.003567986862928746,0.5909090909090909,0.8571413023367183,0.08359095746994907,0.014308895986745047,0.6842105263157895,0.8155082212257102,0.8403361344537815,1.0,20.0,24.0
21024915a958ca2b7d07ffb37045193ddfed812950d3b94ebab38f1f74c8da91,0.2994733729636599,0.21981865769479644,0.8,0.7777777777777778,1.3653316093933192,0.05648297977172003,-0.6997368807477162,-0.16879832219607407,0.8888888888888888,0.8032600311081324,0.25007234256202704,0.10874801022403263,0.9259259259259259,0.8179225717248529,0.8333333333333334,1.0,20.0,18.0
213a1f898dc234e9db9688179c741e2cf1512a47ad9ea9cfb3942e0c2bc7fd91,0.010507897025075192,0.21372148435890745,0.5,0.5,0.6831629714105455,0.046554344436009254,0.22767110220996253,0.0638573694441722,0.5,0.8328775701910033,0.15982131170092498,0.033091182532939786,0.6923076923076923,0.79536680353982,0.935064935064935,1.0,12.0,12.0
2163981974f67f35afa1e230abfd50d25773f643de5a6d95c1df0f78d63c9914,0.2028095601665275,0.2943224997937061,0.6,0.7272727272727273,0.5007920905115322,0.0595094033582268,-0.06935911365002456,0.06845210410391181,0.7222222222222222,0.8394430510000644,-0.09650838969380074,0.002979397289585105,0.7058823529411765,0.7958580778087504,0.6685185185185185,0.8333333333333334,19.0,22.0
21ac990d15a9a2d89d69c36160bf6f03ad866d40d196d5c574c93568b5876731,0.012292621046471813,-0.049609252574934204,0.7777777777777778,0.6190476190476191,0.8097875459151826,0.025068532231367898,-0.39068351308929644,-0.03569239893302304,0.6111111111111112,0.8623923444976076,-0.32836160484114757,-0.04127613731665327,0.7272727272727273,0.8579206617690583,0.7810810810810811,1.0,17.0,21.0
220057e3d93b55fae5a4d7e73904347d558787beb65351ef99baadc0f9ea70e1,0.026098306079170467,0.007429898928684786,0.6666666666666666,0.7272727272727273,0.6621121455633933,0.035600196420331985,-0.15475854895576946,0.02690726526114373,0.8235294117647058,0.8276466298799535,0.19142211612104137,0.049629846319477526,0.7333333333333333,0.8206714781373227,0.6486486486486487,0.8333333333333334,24.0,22.0
2229f7965a7d2ecf82797c244485f3e136afa088319b2f1352ac83d4101168cf,-0.17097449295215167,-0.08590056107632926,0.5714285714285714,0.7931034482758621,0.4809008624499202,-0.05956985015052848,-0.31319835560465714,-0.051871859313375415,0.7307692307692307,0.8271354933726067,-0.04020566727497628,-0.008847944761081389,0.7111111111111111,0.7895193381714561,0.7476923076923077,0.7692307692307693,27.0,29.0
224a867fa9ea652466e63df9bf88d1f45eb180ae1c4dff6c133bbb8b7873bb4c,0.05357931747388017,-0.03464936281438896,0.9,0.6818181818181818,0.5458981707735739,-0.012008574025065973,0.01141854306820397,-0.01427310870749232,0.7333333333333333,0.8225738396624473,0.2957056560671531,0.06286208888327892,0.7352941176470589,0.7973787997043811,0.8022222222222222,0.9,19.0,22.0
225482ce991f0b647c6668973a9d533069f6593e570e78510e846acf3bec4871,-0.04894583863979986,-0.06950264026749406,0.9,0.8235294117647058,0.7742993924809174,-0.08893897590790854,0.054808803886822535,0.05522798642506082,0.8,0.7613636363636364,-0.3177821437529589,-0.08411830316124404,0.6666666666666666,0.7847464622941964,0.8695652173913043,1.0,20.0,17.0
229c77a9575766c09dfbe09ab12fd632382911b9071c3cb9b87a007b3a26d5af,-0.18087877036101083,-0.30195033227740453,0.6666666666666666,0.7272727272727273,0.7439180959269129,-0.045115623948640916,-0.19121470009592573,-0.03525419930842462,0.7647058823529411,0.869127988748242,-0.28073810520227105,-0.08349554396962613,0.631578947368421,0.8124775648448356,0.81,1.0,18.0,22.0
22d3cb52fb598ee62f64512069819b1b8a1db60964f79077ffdceeb21ceeacc9,-0.18579981872842052,0.05536567785831696,0.2222222222222222,0.6086956521739131,0.23190863829081707,0.021960311697916433,-0.5658449024910988,-0.0336669480188503,0.6,0.8482969270640506,0.04557284326791365,0.015882332460266345,0.6176470588235294,0.8022309597724149,0.782608695652174,0.8888888888888888,18.0,23.0
22ec92fb22ca2c6f5ae8846bf0d560b0799d39b7d66649e1a770c39d01222b1d,0.20351622696396587,0.22676876733144125,0.5833333333333334,0.8666666666666667,0.5474444840727767,0.036597860968599565,0.052795285653586634,-0.013101603062751287,0.75,0.8234509585996111,-0.19476310399658076,-0.04948141163179,0.7777777777777778,0.7359388774610639,0.7666666666666667,0.7,23.0,15.0
22f05df1cc71e636ef34ec85845eb6489e69517259884fd6a2e691ae53135374,0.04417018745463268,0.0023126735867971676,0.5454545454545454,0.75,0.7667706192246045,-0.004867847496256234,0.08950733991388339,0.01533910350552679,0.75,0.79020825721593,-0.01597645892649189,-0.022225567850717103,0.7142857142857143,0.7443340972752737,0.8181818181818182,1.0,21.0,16.0
22fe6b8be36d02c412b1fea6c299ce82ad0ddcfe6b2f9c3c27e41614d314abaa,0.22303921568627455,0.19295496782720312,0.6666666666666666,0.47619047619047616,1.233686294830369,0.10828840828153324,-0.21071428571428572,-0.0399927438186713,0.4,0.7992378346687512,-0.3674692844313734,-0.08457157900796237,0.8260869565217391,0.8010773668003606,0.76657824933687,1.0,17.0,21.0
235a6a2678a190f9c274258329172fb87af02f36bef60f67bc0dcc6d483e9082,0.3181413245346996,0.19576213407915088,0.875,0.6875,0.7020518724493541,0.10774245475663399,0.19124225688321828,-0.00007334052145232301,0.75,0.8592496606195238,0.2577825144511053,0.04531332881233913,0.6333333333333333,0.819264800132027,0.7575757575757576,0.8888888888888888,15.0,16.0
236e6ccc6197f25feb98698db1a63919643243095542284c3aca0fc7dc581b01,-0.04930301125780251,0.06970004246051413,0.4375,0.7142857142857143,0.47822508524619356,0.010525707455837743,0.19498936829417796,0.05014022744049127,0.75,0.8661269656377403,-0.30145218882603353,-0.06197053584489146,0.7906976744186046,0.846992680454015,0.6903735632183908,0.875,31.0,28.0
240b52aa0820fbce94579cffd9b460fbc05eabf82083b284be177fd63710a104,0.08713860393319584,0.03740727649167938,0.7692307692307693,0.8666666666666667,0.4709618511087053,0.01321920307648343,0.15569919318171196,0.018003322048721713,0.8181818181818182,0.7059143388257313,0.16456350367268013,0.0006960890234660532,0.5384615384615384,0.7462835274053644,0.896551724137931,1.0,26.0,15.0
244824e1e6d18a9d2d21813efdc12c34a672e4974ef8c1811fc210eba5a710ab,-0.20620149057602863,-0.1267879377656445,0.6363636363636364,0.7142857142857143,0.7073684914117564,-0.06578973461562412,-0.3130912045219152,-0.03834362314992638,0.7058823529411765,0.8319185657426651,-0.13854767325050044,-0.031828146802639366,0.6,0.8010047310149735,0.786096256684492,0.9090909090909091,21.0,21.0
24521af20253c5df6420d8de410a5257393211e1ad31ef88be857006063c01bd,-0.10681283551450137,-0.09716719360605414,0.46153846153846156,0.7692307692307693,0.7953739021604652,-0.0785671817588878,0.043528557064896445,0.0005351612430876713,0.85,0.816867301231803,0.0017135703398747705,-0.005083204787697906,0.696969696969697,0.8395718004047574,0.7222222222222222,0.7692307692307693,26.0,26.0
24b2c4392040d5c68ddb000091bb4a41a42d5120e8fc81679bcae18586d43b25,0.15536386656646634,0.07163780771616941,0.4666666666666667,0.8518518518518519,0.9715326811025246,0.06213958998238427,-0.0219482287689135,-0.013626703054375086,0.85,0.8319994574064027,0.016719037907769418,0.009045421845625283,0.5714285714285714,0.7952811971452818,0.8228962818003914,0.8571428571428571,29.0,27.0
25d461e10e273ece65bd0f81d6896a527022e779a1257104e11b7f406c1ce849,0.48479505121181626,0.2505568516173093,0.875,0.6111111111111112,0.625451482812693,0.13930068795200276,-0.07334537675160317,-0.02399767423338647,0.8333333333333334,0.8710227272727273,-0.026650402601019193,-0.0022797937933789346,0.6206896551724138,0.8125732858232488,0.7839721254355401,0.8571428571428571,15.0,18.0
2627770a5d232d5bc5998fff578014c3e98d51ec13679e2afde526c54c64e530,-0.10273182753509923,-0.09156957949158435,0.5384615384615384,0.7241379310344828,0.8929705096662436,-0.030015929252548503,-0.11570249028432239,-0.008563824195230859,0.7619047619047619,0.8509210665351699,0.03306147426202849,0.0035076287279079818,0.6842105263157895,0.7811030316185515,0.7396449704142012,0.8461538461538461,25.0,29.0
26997f4cf9ca073e87e1b1e6c7d8dc670b28cf9f09fdcbf823d52581dd4e86ba,-0.11151266328595341,-0.002501030096307144,0.4444444444444444,0.6,1.0407832187341732,-0.032574912447760285,0.21581855681264728,0.03020029888329653,0.6363636363636364,0.8641421736158578,0.1676946443733064,0.017283279589045367,0.75,0.7485731688746764,0.7941176470588235,1.0,18.0,20.0
26cba459506d50eda3ce8c47ce9bba29666ef91cbfc3e71ccc46b00b32a24929,-0.3696438282997345,-0.4701580680535228,0.3333333333333333,0.7222222222222222,1.0396190532079221,-0.2154208148015564,0.1398087207049993,0.0423639043511955,0.7142857142857143,0.8133098852276937,-0.0714517738236705,-0.04608220002720007,0.8333333333333334,0.8159996701948943,0.7941176470588235,1.0,18.0,18.0
273745f4e591587898b88e63dde14dad1fe805001e446864929ca8920aa5ebc3,-0.20114202789374686,-0.12340346372948785,0.5,0.875,0.7956755676756936,-0.0427667557070493,-0.38559541591858026,-0.10154533850355928,1.0,0.8463280964559737,-0.09969904375100938,-0.006811854822173468,0.7368421052631579,0.8162081680373329,0.8395348837209302,1.0,19.0,16.0
27d0036c61ae03e494b6b86a2d419815ca4e717d81b4cffbd76c57194e84bce6,0.05276077591237591,0.006263145480068427,0.7777777777777778,0.6666666666666666,0.832109919781379,0.019887569070690506,0.13251543717526973,-0.005159118379466398,0.75,0.8549804625753991,0.3655177348055953,0.06109427852561382,0.6774193548387096,0.8087962800182834,0.8233618233618234,0.8888888888888888,17.0,18.0
27fa47181cf71c822a6ed947458597d6f9eb64c8fcefd56479552e15b0f35755,0.2889022008332574,0.15909171684856613,0.9230769230769231,0.8148148148148148,0.30142232797175217,0.04525363708762256,0.25493388980891957,0.034322325779993,0.7391304347826086,0.8554636665127408,-0.08358557058691012,-0.02706660681001471,0.68,0.7694298526585525,0.6828282828282828,0.6666666666666666,26.0,27.0
280f162397b9a1f720ad4ae8a0851f75bc15f131f5c1741aec39626d93ebb6f9,-0.02340704189746347,-0.07035675390673751,0.7272727272727273,0.75,0.7159208721176129,-0.0050644021143779845,-0.1261379480029976,-0.018912882945388187,0.5625,0.8645522857982452,0.3619926925591495,0.06864336027220944,0.625,0.8193847957453951,0.7564322469982847,0.8181818181818182,21.0,20.0
28238c589671eabfc52715150583f1041c9eaa6634c226d8d073b7f78b8cdca2,0.11685650640020655,0.11153920818784434,0.8888888888888888,0.7,0.4294471225732745,0.0493100291035582,0.19751851966760572,0.001941840956106787,0.55,0.862681669010783,0.2041986940130805,0.03837387695514499,0.6666666666666666,0.7668532298188443,0.8181818181818182,0.8888888888888888,18.0,20.0
28ece490b13dc36ab33b9737da5900996a8baaf71918153fed58d8621cf56bf2,-0.14187977350514105,-0.2545514817062383,0.5,0.75,1.0890675793013647,-0.05994470241817935,-0.2746060132357569,-0.1626537094800927,0.8333333333333334,0.8255087881591119,-0.03381052986508618,-0.00723322479759863,0.6666666666666666,0.7570215783920089,0.8768115942028986,1.0,11.0,12.0
29c9f05ba66efbd482f4c0c485a6823b02be4fd71c0923f1dbe565f04b0826ea,-0.014304303381783234,0.03165417683393659,0.5454545454545454,0.7,0.9726172374072154,0.026287054908038725,0.06241877839323594,0.013578739760912067,0.7368421052631579,0.7994539106562023,-0.11988760955336285,-0.02207959845560171,0.7058823529411765,0.7942424823053296,0.7217675941080196,0.9230769230769231,21.0,20.0
29ed3f2fbba587a4191250cf483dbed2c0774d8ea8258e7b51a4fc798374d7f8,0.08153713573363443,-0.027380125707049063,0.6666666666666666,0.7333333333333333,0.8321246898085962,-0.01602190387112487,-0.10764872602899772,-0.014621214930066512,0.7037037037037037,0.8548517520215633,-0.14959307714291092,-0.03085119095951541,0.7419354838709677,0.828549235027204,0.7435897435897436,0.8461538461538461,29.0,30.0
2a22d5a754427b99d067c6a3759d28e6a57456e588d0143e3eef77beb8b79eb2,0.4186053209725645,0.17244195785551036,0.75,0.6363636363636364,1.3492982886849298,0.08374481444297813,-0.2325585116514247,0.004893468275937545,0.6923076923076923,0.8211882799782962,-0.10757946335875648,-0.025409232855574535,0.75,0.7861894781223269,0.7758620689655172,1.0,15.0,22.0
2a2745ee27c4aaeebb569d783d1e6216e80221fd67ebf9688a2817a0f3487dd7,-0.08344319934456748,-0.060842740039712,0.5,0.8666666666666667,0.7817794992046426,-0.01771286907879291,-0.15810290402128577,-0.02689437674724908,0.8461538461538461,0.8392130257801901,-0.2041123627949682,-0.04718966485629261,0.5833333333333334,0.7805751168920187,0.7292929292929293,0.8888888888888888,19.0,15.0
2a6e7043e4faeacf99f7ea64bc26a0b8e254758e8fbcd9cdb6847c677158656d,0.015402397646823099,-0.059689257846774535,0.5384615384615384,0.7407407407407407,0.8893778649726329,0.0006401525856237188,-0.021948416646722917,0.01072089192463182,0.7142857142857143,0.8454692092394595,0.0994043847722835,0.022896569893827497,0.59375,0.8100994527169025,0.6469979296066253,0.8571428571428571,25.0,27.0
2a7b8be83000bbb5739e2135758c9f821aea705c520e0f073d77f6b2e380619e,-0.15297176007674057,-0.13817060869106515,0.6666666666666666,0.6666666666666666,0.2225452148853041,-0.04915174797369116,0.04134371893965962,-0.0032674536821234875,0.5555555555555556,0.8468908653662633,0.12585989845061538,0.025973053280221748,0.7037037037037037,0.7986935537075295,0.7788461538461539,0.875,18.0,15.0
2acc7bb2bcd0cb6466abb593976ec43f626a7b70541f9d7ac262116b84a56c85,0.20227669016699568,0.1321011539301764,0.5454545454545454,0.6153846153846154,0.64904522496298,0.0761099327698632,-0.16195143360637274,-0.024931854648649766,0.6111111111111112,0.8438686923494303,-0.1621737621472991,-0.013170582059635106,0.8,0.8099702603909046,0.8076923076923077,1.0,21.0,26.0
2af4edb017b75b08a3c2fa6b89f88fa0f183837052efe508ca7e18b8686f55d1,0.015837126871865538,0.03272700375973056,0.7272727272727273,0.9333333333333333,1.3945967839350628,0.0027884622822337006,0.04943095965495714,0.0011469992159335184,0.7,0.7876592890677396,-0.09316417005633018,-0.030994755239524233,0.5217391304347826,0.7412615121010924,0.8231292517006803,1.0,22.0,15.0
2b9448ffc60fbb2acd9462ef772802428b5eff4278fd15843dd23b9eaaa38f79,-0.14400549184715214,-0.016136268087482798,0.46153846153846156,0.7241379310344828,0.9678514413978968,-0.005985668925593579,-0.2274389449558971,-0.058243748784357036,0.7619047619047619,0.8406097605028358,0.25378986271318754,0.039356484157287736,0.6,0.8377215533238391,0.7027027027027027,0.8461538461538461,26.0,29.0
2b9cdff116fe246d8d984d77754b4e0223d3f084b353aa9630f47b6480681f17,0.3698869269115355,0.06894412391886498,0.7692307692307693,0.7037037037037037,0.4114200865675864,0.08065929610679576,-0.17181595247978423,-0.02242366515601856,0.68,0.8415163628712964,0.18119650884073785,0.03881861636890143,0.6842105263157895,0.7987263645304954,0.7566585956416465,0.8571428571428571,25.0,27.0
2bf1f5d6418f3b0ad90397bbb31e11dfc4aaadcd29cdefc743aa1edc81c36b6d,0.07017545341068557,0.16719501307368417,0.6363636363636364,0.8,-0.10526316074201095,0.02615966912414351,0.09255081626766375,-0.0011376701194285928,0.7727272727272727,0.8012658227848102,-0.06228579827115758,-0.005590986230709272,0.6,0.7975457965613024,0.747457627118644,0.8,21.0,20.0
2c0e7861c345aa32fa45269c674f97b1f65716ae821b911918838f8442774c94,-0.2548334339738739,-0.019190585159013403,0.8,0.7727272727272727,0.5573030391635805,-0.049473929665216985,0.007029887833762038,-0.027463497355626202,0.8823529411764706,0.8484463552863005,-0.1007194307330467,-0.0314729393673381,0.7916666666666666,0.7344533816305476,0.7864923747276689,0.7777777777777778,19.0,22.0
2c40e1f3b02f9cbb6acce0edcfce8d70d3a2d0302e6919420e2efc21f905ad19,0.05324296580709923,0.004417405296587185,0.5454545454545454,0.8095238095238095,0.5994980496712499,0.00017751711749023805,-0.19654584186237692,-0.016728986071263278,0.8888888888888888,0.8568384347152268,-0.20873162822368374,-0.04564349532211529,0.5789473684210527,0.7790090924669867,0.7333333333333333,0.8181818181818182,22.0,21.0
2c86c8c284723f6aea5bc7bf3f27190419d9327dcd7ca9180c33c4da14915042,0.4106180564334888,0.23102995725400993,0.5333333333333333,0.8125,0.48181563237251684,0.12117578415249226,0.08520157390417857,0.006083201100429886,0.8148148148148148,0.8819694868238559,-0.13287762699620892,-0.030139913634949455,0.7209302325581395,0.8282084001182677,0.8035714285714286,0.9375,30.0,32.0
2d35bbc07d356974f086b5ed98d8f7682fb28a821c5aa88719c813ded0745f97,0.2944704745393191,0.24729126500200088,0.9230769230769231,0.7586206896551724,0.6775023943871477,0.1850070924837636,-0.17360061696678467,0.007612735718937204,0.6666666666666666,0.8597938144329895,-0.006480685195120965,-0.0037553013084302726,0.6363636363636364,0.7834182491894395,0.6679841897233202,0.8181818181818182,26.0,29.0
2d815bf94cd1557e7c8d3092d56771754c89e5d304480a695f0524312de8ff0f,0.03178753963886929,0.0780431959365128,0.75,0.6923076923076923,0.6042399607076229,0.0388969529219124,0.301410994163015,0.07487193694303408,0.6818181818181818,0.8934763444019982,0.23547781312165358,0.0674845342898978,0.6071428571428571,0.7936667383398619,0.7146401985111662,0.9230769230769231,24.0,26.0
2e2d5a7f9ffcdbc09ea8848f1f546ce53adc804f79c9519c1b530d4011c42c5f,0.1448993158387304,-0.06209911306047075,0.7272727272727273,0.5769230769230769,0.8084230426702688,0.01379840008630346,-0.02923977225445232,0.003128539437446009,0.7368421052631579,0.833476668259277,-0.01531790767756222,0.006807090213604013,0.7391304347826086,0.7858083400724306,0.7889087656529516,0.9230769230769231,21.0,26.0
2ebc171537bf17b5d5f7d7bffebb30c09fd097e1ec8456ff08c8bf44ad5df110,-0.09043354750581441,-0.05532222564824819,0.6666666666666666,0.5769230769230769,0.18077157115527956,-0.0747072789373106,-0.276106289969443,-0.03504795386290733,0.6363636363636364,0.7991318502441671,-0.024638520858894317,-0.00009528064339589962,0.6818181818181818,0.7942368791124844,0.7700534759358288,0.9090909090909091,24.0,26.0
2ed8f2fc3a306e3a3d7e8ec626627a5c4a74f49b813b35a082690151095f8cfe,0.24551471840825945,0.02217547542746666,0.6363636363636364,0.8,0.8609851682905559,0.01618576155244606,-0.10447434825883381,0.001271626642775147,0.6666666666666666,0.7475688868093932,0.1680456815880364,0.012247168784603038,0.6,0.7794412157047432,0.8320754716981132,0.9,21.0,15.0
2efc4ed828fb61da871fc98935e450b2893e27cb7c47fc406c78f0424461b90f,0.23695558905709357,0.09688674179509311,1.0,0.5416666666666666,0.4975398585137222,0.061286505920009345,0.246777582385885,0.006848369205750108,0.5333333333333333,0.8556611268923934,0.08288268031286995,0.0362487660047114,0.7419354838709677,0.8158787463819986,0.7831978319783198,0.8888888888888888,17.0,24.0
2f678584ec5e88bb099b2b767b9254ed086213ae89249b19e204369746c64a6e,0.06637314336691683,-0.14167043188130102,0.5714285714285714,0.9090909090909091,0.2126654745771182,0.02756055994665868,0.3716896028547342,0.07151205807119224,1.0,0.6982548915917502,-0.05340216449077312,-0.025656575425543806,0.6666666666666666,0.8166527258478611,0.8166666666666667,1.0,14.0,11.0
2f7e8e63bd30ee748508f6c606ff003659841bf6b86cf71f2463dd9533d0e84f,-0.12882262665247135,0.04628779932181364,0.7272727272727273,0.64,0.5607658409945837,0.006610678590752053,-0.05124353713080523,-0.015100487855428061,0.7,0.86839387821155,0.24847519047767266,0.049791753747104026,0.5925925925925926,0.8344601167315173,0.75,0.9166666666666666,21.0,25.0
2f875900e1e82b31357280606c8bfe34d583014005253a758aaeda8069713423,-0.614038867594691,-0.16480036557393063,0.5,0.6666666666666666,0.9194722967682937,-0.04012154623261562,-0.26315951468343896,-0.04777004545224723,0.7272727272727273,0.8322552447552447,0.16342561779810608,0.022414987902427148,0.7428571428571429,0.7417180066748812,0.9,1.0,12.0,15.0
2fda3a71eec267e9b26f57de0137047a80fab6d10612feb751921bc5c7bc4e06,0.11700241803153637,0.10963790037286014,0.8571428571428571,0.7272727272727273,0.9952232228938727,0.0892960774107184,-0.034799314028115036,0.0032481279235950363,0.7727272727272727,0.8682956435732588,-0.03381422533009324,-0.021147955587266898,0.8461538461538461,0.8008545917935247,0.7538461538461538,0.8461538461538461,28.0,33.0
31674eca427f03959a7a9066c5ced030bafd4b583cbd68ff9697f370b40e6846,0.12548775239473473,0.26633031363217496,0.5454545454545454,0.7647058823529411,0.82559571792964,0.07876638847425582,-0.005272415875321529,-0.006988851110424066,0.8571428571428571,0.8540688633839316,-0.36520513504224283,-0.09007854428247043,0.7083333333333334,0.8240255330150257,0.7538461538461538,0.9230769230769231,21.0,17.0
325529ed04bdce65961bae3fc1aa48e58ecb008ebd5f7fa6cfddb2beee25dc05,0.12581638941406487,0.04165448313072745,0.75,0.8823529411764706,0.7356412010879224,0.03062359436558192,-0.1838237940484393,-0.043631024680366726,0.8333333333333334,0.7958752515090542,-0.35080383280823985,-0.09770952325060825,0.6785714285714286,0.809789853407013,0.8347826086956521,1.0,24.0,17.0
3260ef87c3b2fd2980f96fbf2ce1d9840ea2c07a041a49b773fea44df58fee31,-0.0318328007860187,0.03377172026841314,0.125,0.52,0.19693079050721451,0.01825854298367505,-0.37582283366403235,-0.03665739957625054,0.631578947368421,0.8331721194879089,0.13806719077268145,0.03792576567485951,0.5384615384615384,0.7802532833020638,0.8,0.875,16.0,25.0
32b3105fd2dc9c8b713e278f36256dbc15dda275c461c511fd3eee10b4411e37,0.24122593159705727,0.2484978090008308,0.8333333333333334,0.9166666666666666,0.5589318120262289,0.12443909843562882,-0.24576275108729465,-0.005762540119029589,0.75,0.7770894714310898,-0.06447673664733952,-0.060984915754501066,0.5714285714285714,0.821669120353331,0.7633477633477633,0.8181818181818182,23.0,12.0
32baa535a66a5157ad0d40d18891c0a5637876f51dfcbe54ad0bc1da2e8d0977,0.6338429306488488,0.2913371923165451,1.0,0.6086956521739131,0.6105650847041934,0.11884526146840421,0.15398444077909884,-0.006855641807390527,0.5294117647058824,0.83955285221108,0.4123235704060036,0.08348771323216529,0.75,0.7972505936176717,0.7714285714285715,0.9,18.0,23.0
32bb1db74ce26aa962f24acc14e38da9546f70e1c47eb134cf54f616014bd9bc,-0.04424126160372972,-0.0348828895288382,0.5833333333333334,0.7037037037037037,0.3803746670111736,-0.02344160151736251,-0.6447665285190357,-0.059145869018126296,0.68,0.8217474941783943,0.016330363130746088,-0.012593863473155505,0.71875,0.7661747599784716,0.75,0.8333333333333334,24.0,27.0
32f72c0169a19c3e9b95d8e8c3e3a7d81ecfce259fe42c6aee7a8deadd0ba02f,0.09955527475831936,0.0013420507468433671,0.7692307692307693,0.7931034482758621,0.7563286854762169,0.035539316826775975,-0.2712966765750765,-0.04901065341215932,0.6923076923076923,0.8594100074682599,-0.136311405893751,-0.005186826799145114,0.5625,0.7652484556158837,0.7316017316017316,0.8181818181818182,26.0,29.0
332d105856ddecf31d1f03752e448faf80f8b7969c0aed748f640676b9958a7e,0.2331290098453819,0.13542988327459296,0.8888888888888888,0.6363636363636364,0.827079730388886,0.08141464214536229,-0.07361968731959428,-0.01652022985666761,0.6,0.8711896828335186,0.1959388238361907,0.029144024704024555,0.5882352941176471,0.8019471434123592,0.8233618233618234,0.8888888888888888,17.0,22.0
335b3a5e4f7b25d391758ab78b7bf3a887b28b13a012a9dfc1b4413c00bc7b9b,0.25836008207763106,0.24168398944901676,0.6428571428571429,0.8260869565217391,0.12142313136337969,0.15636792427985313,0.025347383939058363,0.019553158627479028,0.8571428571428571,0.8188935771214252,0.31817346385152484,0.0662636814106982,0.7,0.788048846188381,0.7282717282717283,0.9230769230769231,27.0,23.0
34b7b80fb708bec052155b2a7a40d2e72ac97186d25add6eb78bc1692202829a,-0.1606231415508089,-0.1532926933039448,0.6666666666666666,0.7647058823529411,0.45560786792503133,-0.04926137239612019,0.5378511441095051,0.07100795058255567,0.5217391304347826,0.767534380200065,-0.17424616205310944,-0.01898865697674916,0.7666666666666667,0.7789453443127318,0.7363636363636363,0.9,18.0,17.0
357cd09a36a61c17e005465761a5f2cfd6ded9845833c592bb000354f2b10695,-0.055320677205924915,-0.05616978316689702,0.45454545454545453,0.7727272727272727,0.894299336337515,-0.019530859893829834,-0.3724098903684333,-0.07294684465045059,0.75,0.8333979077876793,-0.10134089156917685,-0.023470013104320238,0.6,0.8178411226491447,0.6795069337442219,0.8181818181818182,21.0,22.0
359325db0d03380e2260930431a4876dfda73de2ba869981438001fa942777d3,-0.23602100579942334,-0.17432475788975654,0.8181818181818182,0.625,0.4341737164126736,-0.05672983893457694,-0.08810250955163974,-0.01641643797346205,0.6842105263157895,0.8652213188798554,0.28960987505227914,0.0375201978061453,0.5405405405405406,0.7755611765903536,0.7777777777777778,0.6666666666666666,21.0,24.0
35a2f74920fdb3956d7c63a1133c8090492361e2bff2cba16a9eb241440a4c72,0.3333345981802647,0.6178360975744571,0.7142857142857143,0.8181818181818182,1.6439927375014536,0.224713824453674,-0.07762638004612794,0.05534284891405965,0.4,0.7173321234119784,-0.1545668225839875,-0.038547741113649024,0.5833333333333334,0.7264636741068939,0.7788018433179723,0.8571428571428571,13.0,11.0
3626da098a7970d9b69dcca71a97ddb2cf51ae7ab4bc68f8057b205bd23e853a,-0.1539606978940277,-0.2850406523437091,0.5,0.7777777777777778,0.7602493637289875,-0.16951264220895762,-0.1236579843426557,-0.08546001031853691,0.7333333333333333,0.8063219499646281,-0.012637819607682597,-0.014924730094505807,0.8823529411764706,0.7580317696500185,0.7883755588673621,0.9090909090909091,23.0,18.0
370e6d7212e518c007c1587eb92c74502c38373a67a35ebc51d8029af2a6a9cd,-0.0034850861999764916,0.17849074501591333,0.9166666666666666,0.7307692307692307,0.7860289771155665,0.02884656855469874,-0.22480867893343187,-0.01669033042327217,0.6818181818181818,0.8767751946139278,0.11747062597652708,0.01787496201166797,0.5,0.7965848249007712,0.7384615384615385,0.8,24.0,26.0
37124e7486368e17fc1ac881a030e4c7369762a196cdac8441c0057780494e69,0.3424759185352905,0.3823950127906257,0.5,0.7619047619047619,0.5146144623561945,0.23641918861947453,0.182999160079085,0.03815437278643527,0.7142857142857143,0.8358649789029536,0.014342020979554103,0.00006918658323075536,0.5769230769230769,0.7942684347777839,0.7633477633477633,0.8181818181818182,23.0,21.0
377a1a2a3cd0fa1f0c9345fb4384bfb5fde7b942c1fe9701c5cf7f64c9ca275e,-0.12033900225653738,-0.12999242743373454,0.5454545454545454,0.7894736842105263,1.3191902625804643,0.02823278023603934,0.018193636069437,0.04339292396976672,0.7692307692307693,0.7919475655430712,-0.17096304906257387,-0.015614319186555675,0.8,0.7908048007875108,0.8066666666666666,1.0,22.0,19.0
3802dc571c491762dccf682407b34c2c0afefc62fd799046c7a9d9514ee8275b,0.09965190893353655,0.039329106281719546,0.5,0.7727272727272727,0.8414488185371459,-0.002309137672890524,-0.27942644727312893,-0.03954730814117834,0.75,0.8760152890587675,0.30308978632817546,0.06792043376520435,0.6190476190476191,0.7912830286851867,0.75,0.8333333333333334,24.0,22.0
38ac2f3e1711578777118899ecee1e38195b3552dec4a78adff8b593fea4e0bb,0.11892476315065267,0.042940229938585664,0.6666666666666666,0.5,0.9528058325998844,-0.011685913428892684,-0.02825561354326373,-0.012394993371781696,0.6875,0.7687329852278305,-0.09345009329808804,-0.00484349802060843,0.6956521739130435,0.8340177120099427,0.7714285714285715,0.9,18.0,24.0
3938733c8e9c95f8aa555458b34bbc461bf4f1416031d891b73867066b032e11,0.34210526315789475,0.09206714382280523,0.8,0.7777777777777778,0.8962067203095108,0.08632408316656631,-0.443859649122807,-0.05853646108750245,0.6111111111111112,0.7741488602493598,0.13281031622473993,0.03840703568616424,0.9230769230769231,0.8271937825713568,0.8004434589800443,0.9090909090909091,19.0,18.0
39a3ff1298b9d760ac983f4a0256c51ed7516b05cdcc362ab9765d740976e591,0.4946874378843085,0.2557459938582728,0.75,0.7619047619047619,0.5039338733015923,0.15213725285160498,-0.2871262751356476,-0.07496475299144098,0.7619047619047619,0.8655260469867212,-0.413369953730438,-0.09445196322821194,0.7878787878787878,0.8235188875195325,0.8672131147540983,1.0,23.0,21.0
39ca8f0ec0a50cab24831dac94a68c984a54e37d574906e3a8fed6a18b23f42f,0.17579156233955634,-0.00587768020113108,0.75,0.6428571428571429,0.9086342662717436,-0.0015267533881339057,-0.2473295678573907,-0.029781213304524105,0.6,0.8133605125218403,0.06441065391296198,0.015321330512143107,0.75,0.7904676892570626,0.7639257294429708,0.9230769230769231,24.0,28.0
3c44ffb22e542883f616c288126c02b2b7d3bbe05aeb3e9881bb18386e4bdd1b,-0.3799709569985782,-0.314061309444269,0.375,0.631578947368421,0.3771160543215937,-0.18397743109960926,-0.16789414379006945,-0.021422530521291474,0.6666666666666666,0.829644040170356,0.18001790110575713,0.03825792138978183,0.8235294117647058,0.7733545088239573,0.7529411764705882,0.9,16.0,19.0
3ca6caa8c2fd6f42dbc841ebae75c156fbf5ca127d3d7455ac0fcedcd8195c46,-0.2659132288047216,-0.18490730556432924,0.6666666666666666,0.8947368421052632,0.18586026898193397,-0.07382557731212828,0.5963754470331575,0.06907886780755121,0.6153846153846154,0.773969741278983,0.0629155282125913,0.018498120282825332,0.7857142857142857,0.818547138129473,0.7700534759358288,0.8181818181818182,24.0,19.0
3cd07336647eb7fb5b474f32a21e4e163b09cab00fc69b1345b09500556203d6,0.6585488279846325,0.5142017997309389,1.0,0.6428571428571429,1.2742098215029185,0.2535195850154362,0.08536744066467457,0.1008113166340839,0.6666666666666666,0.8776127082127468,-0.09694648308038865,-0.0073546737317511865,0.6,0.7602157701642205,0.7692307692307693,0.8,10.0,14.0
3ce00553b3f6ffa22057cb93dd5cf8cecc43b5267fa3c14f7b0e098b866d7016,0.42431586824434936,0.276543358409843,0.8571428571428571,0.47058823529411764,0.8777586167607154,0.08525388455673878,0.3535965568702911,0.05169807958394466,0.5,0.7826961770623743,-0.10842232876711518,-0.04489079008437013,0.875,0.8474012474012474,0.875,1.0,14.0,17.0
3ceaf39846b3e123ca0905abb5278db14eb69a1ff4bc292fc8b07d8c4bbe7e7f,0.17432453263703024,-0.01610327417236325,0.7142857142857143,0.7241379310344828,0.8225295375660274,0.04355454115462078,-0.293902679027757,-0.014290665977631022,0.625,0.8501140751140751,0.07697764162452635,0.01776692040109512,0.8333333333333334,0.8217467697152794,0.7476923076923077,0.8666666666666667,27.0,29.0
3e9dfbc342cde1fe4e780ef561af8f8c1323a1e25f05c67110dfd9a424f33359,0.1480192816636057,0.1669681326448013,0.6666666666666666,0.85,0.6090427746816923,0.05801413053491708,-0.08708569713354973,-0.015082899209716035,0.8333333333333334,0.8565247232252096,0.2805649950888373,0.04609688204949199,0.68,0.8344358260056527,0.8520710059171598,1.0,24.0,20.0
3f0c14afaef7824f2d9fa9cbd3b5ac6233fcf0e1b1e9d15c38cc036d22358474,-0.0961496832979913,-0.1426307631785994,0.5833333333333334,0.7272727272727273,0.9791018728100495,-0.08051414012946527,-0.14354342540888634,-0.018337468685732376,0.7058823529411765,0.8366103067733117,0.022719086265521087,0.021085913813123264,0.7083333333333334,0.8262282145653392,0.7093596059113301,0.8571428571428571,24.0,22.0
3ff5a3f437fb91e2f22d6e3ad3488813bec94f46aac1e45248ea55b1e03f99b4,-0.21076415391742492,-0.19327655317278994,0.3,0.7142857142857143,1.097044132923236,-0.11608375066246635,-0.23409875667256838,-0.07115406021031236,0.8235294117647058,0.8462725296304089,-0.2607841804874488,-0.03627875500557611,0.7941176470588235,0.7909427308215533,0.7272727272727273,0.8181818181818182,20.0,21.0
4011f3b39fec3c5f5fb01d9f011b88b981585cee7503eabaaeeb185bae47ead4,-0.1922993665959826,-0.14218428059668392,0.3333333333333333,0.9375,0.6155647526096354,-0.053275351012370846,0.1409147482733008,0.005512726098142543,0.8,0.8018522091452828,-0.14519661223185648,-0.02871931222977695,0.9411764705882353,0.7230220942426989,0.7700534759358288,0.8181818181818182,24.0,16.0
4084c2b4acb3ea2b657f013860fb1f616bbc26754356443286ae587168668a1d,-0.13586959271957522,0.027668539976434647,0.42857142857142855,0.7142857142857143,1.2583738113171936,0.002066778306297713,-0.2991793059454856,-0.03307857214935407,0.7777777777777778,0.7439036098310292,-0.237827876199336,-0.03802687095417264,0.6428571428571429,0.7884855757692123,0.8166666666666667,1.0,14.0,14.0
4132c6ac8e02f7cacc59b5b226d3fd0bc9785fe6e34077baa128197d33d993e1,0.19280364901757793,0.07844631192429768,0.75,0.72,0.6142671882016247,0.022334021102877945,-0.2442761164023612,-0.02989736836217274,0.7777777777777778,0.828854214363707,-0.03761044211629346,0.001682439264303838,0.7142857142857143,0.7957846095812902,0.7619047619047619,0.9285714285714286,24.0,25.0
41436c4d1e44e0998d2a83194fe3a0763afa77b28dd00aa1e3df3c54554d7579,-0.35381199913086137,-0.24705263904434588,0.36363636363636365,0.7916666666666666,0.2949457746844723,-0.1944922440887359,-0.23217084901644952,-0.020137937894430833,0.8571428571428571,0.8335677449601501,0.16549913326595286,0.04768452893887699,0.5161290322580645,0.7934888398431436,0.7806451612903226,0.8,22.0,24.0
414cad80ca8a5ab930d22d0b377b20f78dd834cde66dae5e8ad3941f1862349e,0.052271506814115444,0.01072743540187382,0.5454545454545454,0.5454545454545454,0.8431530454461644,0.010631329380575181,0.02417557190152839,-0.002382658754527919,0.5625,0.8113381001021452,-0.05739081289419532,-0.01841630754212277,0.6,0.8192172790712938,0.8166666666666667,0.9166666666666666,21.0,22.0
41dd0d32893b0f398ecb650f2c5efc14ebcf21973d7795a18b4a5d94b41a36df,0.049047852055374735,0.20470939178682152,0.9285714285714286,0.8888888888888888,0.646608917179271,0.11502647689436585,-0.26409928698275015,-0.00835103317208662,0.7142857142857143,0.8910807638962979,-0.2270737592935759,-0.04742847410576405,0.6842105263157895,0.7798016438929145,0.6805555555555556,0.8333333333333334,28.0,27.0
4251d7030bcd68e59b5049b31ec748accb121f85efd2129ae1c8f81c04784593,-0.012815724972193047,-0.051069863180853645,0.8,0.8,0.8921947224480803,-0.013053460869568446,0.27416562551671947,0.057989046200467735,0.6923076923076923,0.7523138832997986,0.07524697885262609,-0.0000894857663192575,0.5555555555555556,0.7231851442709307,0.7936507936507936,1.0,20.0,15.0
42cf9aea15f558cd5538964a94fb45b11428a997835aff81540564ac9a5aa2be,-0.08302513504345556,-0.014970121916128065,0.7142857142857143,0.7083333333333334,0.4768600733519798,-0.018338630670238436,0.060606132550534285,0.029508716687862143,0.75,0.8552795031055901,-0.29178045344563724,-0.07374362245981576,0.75,0.8129860160265763,0.8235294117647058,0.9285714285714286,28.0,24.0
43c05ed8e84268b0a77691c2f3363d2bb4ad7d1cb4651eae1b8ead0a70d340de,0.08601088544649173,0.021008913927681647,0.5833333333333334,0.8421052631578947,0.6748111292250988,0.076599966365503,0.2605042335074778,0.03438706686505304,0.8125,0.8727709877780003,-0.3471629688266966,-0.060775375491090154,0.6296296296296297,0.7987633086118354,0.8015151515151515,0.9166666666666666,23.0,19.0
43cd385705725f5eb621a478b0dd300060b8073f0520a240c21f3cd6207671a5,-0.18784562241313635,-0.23235559867946262,0.6666666666666666,0.7,0.6249271263085983,-0.12653612052804272,0.28297784701171064,0.05435391309134753,0.631578947368421,0.8523909985935303,-0.057350045420208336,0.0002986230180473421,0.6842105263157895,0.7931595027391488,0.7810810810810811,1.0,17.0,20.0
44a5a78435b6609a1a2e9f68c00a4450db0cbcc95c8ff56900440b5082f57c04,0.3744854517934969,0.16455175087999496,0.8,0.8333333333333334,0.8190861486991261,0.07580218110088398,-0.20029061090563444,-0.015107049333876361,0.8947368421052632,0.8327958483921788,-0.12691467151349567,-0.018910619373952095,0.7111111111111111,0.8297411954838275,0.703125,0.875,30.0,30.0
45c1a941a3ab7507cc7c55b9fc4e6125e2706e8f9c51f4c0cb593d1bba71854f,-0.3850801099094335,-0.39803877913607505,0.3,0.6666666666666666,1.030395283412241,-0.251407270685566,-0.30729538912031834,-0.07888208821128928,0.625,0.839951402247646,0.23737649212668008,0.033356360409894856,0.5769230769230769,0.7756092066627025,0.6944444444444444,0.8333333333333334,20.0,21.0
4635ae636b2a192fd365d2ddaff7bcc77951e7b3d0cddbdf1b45f1e745aba792,-0.2877810930156362,-0.08289778781514617,0.5,0.75,0.3171870972422967,-0.06352109138913506,-0.5991794793790601,-0.051431839477034676,0.6666666666666666,0.8358003442340792,-0.03656667944405397,0.005686327405071551,0.6071428571428571,0.8182366584025502,0.7639257294429708,0.9230769230769231,24.0,24.0
4656ac38f1ec5283b1bfdc389dc87912ccae7110cc942e4cd3273502c06fc93d,0.13550560486564475,0.07695903769327186,0.7272727272727273,0.8571428571428571,-0.16084388373078054,0.13100719130583816,-0.14943502624106966,-0.1306005855351141,0.8636363636363636,0.8377272154821376,-0.06584064498211138,-0.013924946545015117,0.68,0.7996017919362868,0.8032786885245902,0.7777777777777778,21.0,21.0
466882a7861fcb0b8cac24e08b828a80618c765f2b426035b4161457dfb816db,-0.19569118093322013,-0.006495146769764565,0.5454545454545454,0.8947368421052632,0.5782258315155226,-0.046684623400002685,-0.03970545700094322,0.016180151024503577,0.7368421052631579,0.7701246122298754,-0.14650198104149836,-0.024214516973642287,0.9411764705882353,0.7703294610550371,0.6648351648351648,0.8571428571428571,22.0,19.0
466dee6293a13d280fa38e2c84b595d64b08a3387541ddfc0aa839ce4ab9eea4,0.10234672369253739,0.08306458195219586,0.45454545454545453,0.68,0.842772250829572,-0.003275410880209229,-0.21713338065157106,-0.025793839907533846,0.7857142857142857,0.8370334180183701,0.05956964096829751,0.005654665144272683,0.5769230769230769,0.7983982455078567,0.7333333333333333,0.8181818181818182,22.0,25.0
46a96f57bd7ea56cc96ae98a71f5a0c7f38ee3d0f145d5bd67b18266f05b4cf9,0.25588534939056495,0.14848441915371352,0.8571428571428571,0.8260869565217391,0.5902820304531726,0.08628318095100533,-0.059322104318531445,-0.014449117094506952,0.8260869565217391,0.891039413898771,-0.07273640573427957,0.013942609453184021,0.8695652173913043,0.8489171017776576,0.826530612244898,1.0,27.0,23.0
46bae7e7340cd9b4ff59b53e0a18372e4784b58f655326101eeeb6da1fab0335,0.044449034256222014,-0.04391625982422837,0.75,0.8333333333333334,0.25547108136975016,-0.035363281522921924,-0.15860223586879219,-0.018642025814078367,0.8846153846153846,0.868034533829426,0.13945850804892906,0.05189253045131867,0.7368421052631579,0.7957363588449055,0.6933621933621934,0.7857142857142857,31.0,30.0
472487a96ac11c15dddbfa6d886676d9608781f6773c8201eb551987c0617014,0.06772010946414421,0.12354969379714162,0.7,0.7368421052631579,0.8315047517305321,0.0804566245214027,-0.5460932745609529,-0.06860209801301846,0.6842105263157895,0.7906737457299254,0.08653972844755796,0.02565414145828022,0.782608695652174,0.801112693561206,0.7272727272727273,0.8181818181818182,20.0,19.0
47d1137e5d6191c231e176b00a8e8424f00cfc3ab01a7865e5f85510b224f7c3,0.06368162805065498,-0.04369510454461304,0.6875,0.8620689655172413,0.6341157237219853,-0.0004571629375314204,-0.19852848282553773,-0.025155613984000496,0.8260869565217391,0.8048543689320389,-0.009442571434557318,-0.001410670406445416,0.6938775510204082,0.806917751726375,0.6600274725274725,0.875,31.0,29.0
4847949c8ceee76fee52ffaf1e7b0c1c35f4c29f1e9af16d40449fd4d43e5116,0.066754559475654,0.18794959846394044,0.7,0.8,0.9099564845903215,0.029471579597244914,-0.33873379887470156,-0.021739073203014728,0.7142857142857143,0.7091066827908933,0.25188167362379443,0.05749746377855821,0.625,0.7619057182449628,0.733739837398374,0.9166666666666666,19.0,15.0
48651b888974609f74190ccfb9d1ff80290db0ac5528addda342a3cc2851c04e,0.24428921162697137,0.11945771548822084,0.6666666666666666,0.7,0.6452325278560073,0.0676022218593598,0.14657352697618284,0.028790779654002063,0.5625,0.7847093669011479,0.1556813623713765,0.03031057777159955,0.8333333333333334,0.7751082659181291,0.782608695652174,0.8888888888888888,18.0,20.0
48bd4fe055835bfad19b8b6549c0ce9df8279660ec4c847f9762629fcf1c6bd3,-0.0021400208431707943,-0.012580436515674948,0.6428571428571429,0.7692307692307693,0.5398317490554546,0.00467186612301917,0.028424699205878274,0.007076916270364628,0.6956521739130435,0.9024568054239263,-0.02896871595001023,0.011694392381665196,0.6206896551724138,0.7796717966885923,0.7476923076923077,0.9333333333333333,27.0,26.0
4908730b138d051483e9f614022072eaae72e5427af6e73dc6134f9661a01d57,0.48480357299151516,0.39681168249879395,0.6666666666666666,0.6190476190476191,0.6872762042412948,0.1493291290379954,-0.08598962456730239,-0.04645360298119558,0.65,0.8807286346612191,-0.35003059704890327,-0.07619561682619205,0.8,0.8239856575410068,0.8518518518518519,0.7777777777777778,23.0,21.0
49b9962346435e79cd460f6f37c17d83ac68e626bcf7db54c897ed0d6183ed2b,0.061742344355015945,0.16318988262603276,0.8571428571428571,0.5,0.7872495398773754,0.07071597482755768,-0.049586965018551775,0.02280811474870565,0.5,0.8294518215866531,0.06920184087142513,0.013793749364771483,0.7692307692307693,0.8040194758106288,0.8099173553719008,1.0,14.0,20.0
49d887a472509e199815b408a31d4873ab58d0ccecf72d80222be838ba76f41f,-0.278162952239145,-0.1844187638007333,0.2727272727272727,0.65,0.5428593258387395,-0.14870299649372112,-0.08921281827074314,-0.018440687729926627,0.5238095238095238,0.7667333114499716,-0.06363348081508867,-0.021315110486551877,0.7027027027027027,0.7635693006100156,0.7538461538461538,0.6666666666666666,21.0,20.0
49f23c4afd200f63332b1dbfef409b904f485c7c65bbb3781046424701305845,-0.046274153987112036,-0.003085178421126808,0.6153846153846154,0.6666666666666666,0.7748972465868075,-0.005478354268026361,0.10377556156877811,0.011902110857847226,0.6666666666666666,0.7404811383889262,0.0721591613242963,0.017959911726323226,0.75,0.8040817735520601,0.7183908045977011,0.6,25.0,15.0
4a77fc292574f1d629143e8196a8cff930b757720419648fb4536c49b83cb9f2,0.17748568029527945,0.07932806337777928,0.7857142857142857,0.8076923076923077,1.0863975053250037,0.01815432023893633,0.2382909596556992,0.058274392152811605,0.7,0.8433094887439511,0.06539779037139819,0.008858884642007847,0.7083333333333334,0.8215884089856416,0.593939393939394,0.8666666666666667,28.0,26.0
4aa699d22372356b717176ff38e6ac95e12d77a52e3c18c7e0dc81a3eb14cfc9,-0.08056054385890982,-0.42470493685905214,0.6666666666666666,0.75,1.52557661873695,-0.14951917189829697,-0.6409817185295869,-0.24460255180018206,0.7,0.7837268847795162,-0.08398525418323899,-0.028211380599770682,0.8,0.7854980456796875,0.8,1.0,12.0,16.0
4ac74afef08ce8fdc74418f7c019d493d2c33c4c071d8fb2498b430f722323ff,0.42857142857142866,-0.01299905771555726,0.0,0.42857142857142855,0.9805626540814103,0.09876401109289722,0.8571428571428573,0.06477448976712644,0.3125,0.8349733101807191,0.12825695845891597,0.004217631037211456,0.6190476190476191,0.7346078879244708,0.8909090909090909,1.0,7.0,14.0
4b983496b0b4c11c875147ba4b37e275a71868531c5df7db9376c6f12e6c5e8d,-0.1508853410912295,-0.08897997596975067,0.6153846153846154,0.782608695652174,0.8514742515026746,-0.049124451523984786,-0.21758058719112788,-0.028782421153852645,0.8,0.8386685777990125,0.05590018550149041,-0.000974626455736865,0.5384615384615384,0.795086043609792,0.7175660160734788,0.7692307692307693,25.0,23.0
4bb43d19ab37f0ca0807024c5058ec783d50eec1bb444db382561a7e2b68a974,-0.21477070709234547,-0.09403585056064173,0.7,0.7692307692307693,0.607463180293043,-0.051222622373106735,0.10993881716342074,-0.04876895415005018,0.75,0.7860823758445622,-0.08526241221066097,-0.03477641298399375,0.8181818181818182,0.7894085136157071,0.8,0.9,20.0,13.0
4bc42af7d6f1dde254ab8c12f2e52fed499d38d10aa437ea9304f2f807c7e295,0.05644176027835562,-0.07325628143918116,0.8888888888888888,0.6190476190476191,1.273209454802002,-0.1086543797165212,0.08689258318959733,0.02865995678349568,0.5,0.8924799010513296,-0.19901562462061484,-0.02678812077313866,0.625,0.8100854856950193,0.6175213675213675,0.9166666666666666,17.0,21.0
4bca86228b9dc69e5d696d30229916c9757a49f75ba76a23b7b81b776f165f97,-0.12713456164058642,-0.03051121183539779,0.5714285714285714,0.782608695652174,0.6856708294375119,-0.016897026504028464,-0.39241100627592257,-0.03938443612845051,0.7,0.8255587109519693,0.04226177962679977,0.036111479813785805,0.6388888888888888,0.7728134298466467,0.7919191919191919,0.9333333333333333,28.0,23.0
4c92c32d1f8ba45d19e0b2dee26aa423e6930d7c3621a880cc539bda602156cc,0.16801035766367145,0.03397255174055331,0.6666666666666666,0.6,0.5131528463279569,0.029035495032293617,-0.3718464533585669,-0.0546514293457733,0.5,0.8287378820338146,-0.019921191967198028,0.031301477002367066,0.625,0.7743033198856787,0.7961432506887053,1.0,17.0,25.0
4ca7c7b1059071fd3644ac0d9d4767a6ee0b803579bc1239d922852dfb7ceb15,0.07256551502157313,0.09548722172164266,0.38461538461538464,0.7916666666666666,0.47469458032934697,0.05401920661357069,-0.14581561037353846,-0.03530066592169823,0.6666666666666666,0.81183790397183,0.008888035914339705,-0.009843713052248793,0.9090909090909091,0.8499627132800383,0.7770114942528735,0.9333333333333333,26.0,24.0
4cc61e50443d256c711ce1cfaac5e37de21d0cbb748cacb9151578351fed5f35,0.21007599857251624,0.2258568672557239,0.6923076923076923,0.7,0.6203840826849001,0.09663229922591415,0.04009607150568417,0.017402861598617113,0.6538461538461539,0.8718936516549104,0.31814289937590595,0.06896790192426686,0.6666666666666666,0.8362156401201839,0.7544642857142857,0.8571428571428571,26.0,30.0
4cfd7be56c2406c42c14546da9c3ecde30e0dec42ea11723376b9c39dc7b833e,0.5330409406392206,0.5226905955163338,0.8571428571428571,0.5217391304347826,1.3583974685363933,0.1422565728659537,-0.2865024645516325,-0.0032852494371486225,0.46153846153846156,0.7908426257100778,0.012831087946841593,0.0043094890851064676,0.7142857142857143,0.7682402861076516,0.9074074074074074,1.0,14.0,23.0
4d4b242689bfc10aa4310e23e53611febd6ccc7cd3d01a69791a17f8deb85183,-0.2585247576579871,-0.18506313371511623,0.6153846153846154,0.8421052631578947,0.9801752745112751,-0.09360518655611531,0.0115584839489413,0.0005535305821354194,0.8461538461538461,0.7934065934065934,0.08816090430638372,0.0106807546200373,0.6428571428571429,0.7552140166577275,0.7548309178743962,0.8333333333333334,25.0,19.0
4d8f1562034c0e4b17f844040282be2a64ada06ac29fab69f35c5c9e6e77650a,-0.07217171251717905,-0.004071075414276759,0.45454545454545453,0.7368421052631579,0.9031261040843565,-0.1093102215383635,0.23710967315710302,0.043395998106732135,0.5714285714285714,0.8602197879609736,-0.1426973082985803,-0.017449417856484805,0.7714285714285715,0.7961544214570849,0.8513513513513513,1.0,21.0,19.0
4f697c269690bd9527fe9815f30f6a9acd91dd9ca497e2f720f5da1d877e6a67,-0.262441849856209,-0.20216132398742986,0.4166666666666667,0.7,0.7466746318313833,-0.05587299050140147,0.4262680120196623,0.02875135189856088,0.5,0.7939393939393938,0.20394101944281817,0.028845326558425307,0.7272727272727273,0.7926027301695432,0.6587795765877957,0.7272727272727273,23.0,20.0
4fbfc50fd666e83871122f782a0b6c506d6fbea9f0d990761a3d396ff2fad2fc,0.07416565698594779,0.14242350550027438,0.75,0.72,0.8783551793483744,-0.002806126849477238,-0.07344819870501487,0.0016896784183881874,0.7777777777777778,0.8268575744031564,0.167625024325497,0.05307502281130107,0.6666666666666666,0.7972437656604224,0.7129380053908356,0.8571428571428571,23.0,25.0
505b5a185a0f95d479834cab01faafd15c4771dd7affb50b219b9f9a9385b689,-0.15081008689895153,-0.16351545386112037,0.5,0.8461538461538461,0.5316284950763884,-0.11088800820705338,0.46140705158369694,0.06839460205511565,0.9090909090909091,0.8195207481005262,-0.09976181349327794,-0.05045981746833497,0.5769230769230769,0.7917724014951478,0.8035714285714286,1.0,15.0,13.0
51c1567438dae41736296bfba407c0d86068200c7166ac4ea0f13bacef5ef142,-0.0005660929774497508,-0.05653610556347523,0.5454545454545454,0.782608695652174,0.4480119333796282,0.0039753559382221,-0.15369652456421412,-0.013294415266593926,0.75,0.8331972877961713,-0.16717260066505416,-0.022784273341620684,0.6428571428571429,0.8130726243138421,0.8402777777777778,1.0,22.0,23.0
523492730a38801b2235672ea59e15969f0e2b4f94b5fd87848254aca70a5bfc,0.4282893828416314,0.28026039207651354,0.6363636363636364,0.8571428571428571,0.5156887865317509,0.17886048267330718,-0.13239064145963245,-0.01900634241444231,0.8235294117647058,0.8693409637675875,-0.1554343367541205,-0.03324592814844699,0.6956521739130435,0.785110385110385,0.7756410256410257,0.9166666666666666,22.0,21.0
52b534878c4de4ffaf7b20a1a8dae235a2a51ec280440c20298421867185350e,-0.409787494454837,-0.2729222843674194,0.3333333333333333,0.6666666666666666,1.0506440362103937,-0.1893609166673338,-0.3749188575737553,-0.05653755874295248,0.6666666666666666,0.848071735802289,0.059765421158752656,0.042429650674370135,0.6,0.8147479826446615,0.6404358353510896,0.8571428571428571,23.0,24.0
532ba2a9d757dbc280c62b613920e7cdd484816cf49eefed597a2981a94817ea,0.2723433208619578,0.11918607704900352,0.9090909090909091,0.6666666666666666,0.7477129115857524,0.0598409652066097,-0.20008777705052835,-0.032424036851070766,0.6666666666666666,0.8531251474126138,-0.2657570411571334,-0.037123732276752155,0.6111111111111112,0.8309263379330644,0.7217675941080196,0.9230769230769231,21.0,21.0
536803493549c7a1ae9ac9579eb7e7cd30313b9c2f3381d4bca48d2b9ae5f477,0.3491368845689305,0.16293278583968537,0.8666666666666667,0.7666666666666667,0.598017886568503,0.07746992342367551,-0.20948213074135832,-0.027059057359532544,0.6818181818181818,0.8337082704055181,0.04655238837200745,0.02278073318143612,0.7142857142857143,0.819857067496513,0.7211538461538461,0.875,30.0,30.0
53f6a35fe67a0e301a047e1254ca585854680e0e96d72b14dea933512adf214d,0.17141295012964777,0.07876601868022871,0.7857142857142857,0.6428571428571429,0.5781007393383477,0.028398536425543464,0.13378133223075286,0.007245622470902079,0.6,0.8488311688311687,-0.2888134894595137,-0.05823541105053175,0.7878787878787878,0.8345596404165077,0.7205882352941176,0.875,28.0,28.0
542dbc2a9420fc4ec04d83d20d019013073e9f6c30234e25dba6687a7009c3c4,0.10004388852526418,0.17079737464819653,0.8,0.7894736842105263,0.662214804059536,0.09163876278847272,-0.5348477739085543,-0.14145791372027372,0.7058823529411765,0.8368210736631788,-0.11931753176502106,-0.04630543310979126,0.9583333333333334,0.8296623475160234,0.8534278959810875,1.0,19.0,19.0
54466cba6720076dc12773d6877742b4bcf29235c9dbce9fd426158791c6cfef,-0.21321792795282676,-0.25201660122289216,0.4,0.6,0.6582531734106595,-0.11001838729276854,0.08610074321478697,0.0009652353266639545,0.5882352941176471,0.8005350454788657,-0.09474419962706987,-0.022219834303287746,0.6896551724137931,0.791937482770011,0.7916666666666666,0.75,19.0,20.0
547549d021c06de5533d4f09c16036a46eaa8d261d6dae632d38acf1cc69098d,0.2696420438149973,0.13535743291075042,0.8333333333333334,0.8235294117647058,1.0270398642968772,0.09024888126064663,-0.09962876986546777,-0.012164143242828948,0.9166666666666666,0.7715424285044538,0.3702728214335587,0.04856330892569846,0.6470588235294118,0.8267425621203378,0.8015151515151515,0.9166666666666666,23.0,17.0
5497457d2dafec8fbae3155db4b7db882c66d76d68d6e9827311e5b5bc62c23c,-0.09288730597077165,-0.1938837359813278,0.6363636363636364,0.8235294117647058,0.7676084420304735,-0.02578051446759593,-0.35920755385899805,-0.047708136964801175,0.7857142857142857,0.7523493360572012,-0.33057851563986534,-0.09175439000067216,0.7894736842105263,0.7598492351711237,0.6795069337442219,0.8181818181818182,21.0,17.0
55c4d6b84c3df88df16c41f5c67cfebd8c5e12078c85a9316474b32941d518a8,0.24927338370816549,0.0998259165737725,0.6923076923076923,0.6923076923076923,0.5030888090618342,0.08173718898542397,-0.28467013413683273,-0.05037338240424827,0.7083333333333334,0.8528095575579631,-0.36477305789919473,-0.08686354189088132,0.875,0.83655699762693,0.8894736842105263,0.9,26.0,26.0
574b8832c03f0b23b4911310ba852d041c5b1241ab9e1041a75d37594fc74e1b,-0.30103809906272105,-0.10817580481663058,0.4166666666666667,0.7894736842105263,0.7425728218533155,-0.06920063105528695,-0.3547020757088438,-0.039062754633778146,0.625,0.7859174964438121,-0.22922707501830525,-0.04764582126144593,0.782608695652174,0.7995552936729408,0.7883755588673621,0.8181818181818182,23.0,19.0
58a9c6f2a8432706c1f9b5bd5fc9dc77cd4ee954a5f90e59d5708a13d26a1335,-0.2693157462001565,-0.24681843658426944,0.625,0.6666666666666666,0.8737489101995395,-0.08292550518009673,0.2698839326108968,0.027176860251916665,0.6666666666666666,0.8699300699300699,-0.4162135950916439,-0.12155923830579907,0.7142857142857143,0.8074414539804818,0.7032967032967034,0.5714285714285714,16.0,18.0
58adfe4b5562389acfbfc90a4e7061d5fc93a5b6acb4b15730e09ec25ed671b6,-0.13261637161751294,-0.17849163921783479,0.8181818181818182,0.7222222222222222,0.9595472797115964,-0.009953290973537714,0.01057814041831867,-0.05596113944234429,0.7333333333333333,0.8206395960446033,0.08722247494136919,0.02049774443268293,0.7222222222222222,0.7604852842564366,0.7682539682539683,0.7777777777777778,22.0,18.0
58d016c76e1c778fd2e2d2a5600435ada1669a17de9f5a57396562d01c673711,-0.011408513603758198,-0.008331878745384623,0.4,0.5909090909090909,0.6992494751685895,0.03656833422743746,-0.10913552020639551,-0.029404357944106393,0.6470588235294118,0.8474330928048238,-0.18515292085007728,-0.05273969720257793,0.7307692307692307,0.7962970232851136,0.7632135306553911,0.9090909090909091,19.0,22.0
58e33e1d2271bee2a570fee8d804272895e3e8e5563a8b4ef544187648ee390d,0.3710424121958386,-0.027400152852257165,0.9,0.6818181818181818,0.7788984175233351,0.023947021203472044,-0.11312268664507276,-0.02825067212300883,0.7368421052631579,0.8445893821446103,0.1157230903964767,0.039759984323058765,0.631578947368421,0.7905252407586191,0.6944444444444444,0.9166666666666666,20.0,22.0
59e450f17a7c016ba149e0940b399f168e19462e761f87134b92efb530a9f90e,0.2725482810011925,0.10988178420102582,1.0,0.6666666666666666,0.8328325583472139,0.053629764991332624,-0.10654160075501162,-0.00409411146775145,0.631578947368421,0.787084837814449,-0.05818730398938959,0.024891880500865615,0.7555555555555555,0.8000840253187448,0.750354609929078,0.9333333333333333,23.0,24.0
5ac03fe05d799aea1017a881a42902327c9080b81cfee4b903b165d2443a996c,0.01009829038903269,0.11708201446175678,0.3333333333333333,0.6153846153846154,0.24431053058434027,-0.02069762512276909,-0.4561597734668978,-0.05401635019612644,0.6296296296296297,0.8984773783480806,0.24626772252223578,0.04475737026898852,0.6,0.8106832292882641,0.7895522388059701,0.8,23.0,26.0
5b8462c69f9f3a3c7afbee2b4787004d9444a620a3d5ea7cfa2589e212d17f58,-0.5529602004071735,-0.5001307191052599,0.4,0.7647058823529411,0.6570486163750123,-0.3281755801591743,0.11131020019203781,-0.023718478850047346,0.6470588235294118,0.8318029115341545,0.061873754648311984,0.007430519906026655,0.5945945945945946,0.8080627036348602,0.7142857142857143,0.8,20.0,17.0
5ce5c48e261722385be0ef3bd7ea71943bab2f09ab1f68505d58ef8cb7307899,-0.14414999403128945,-0.17649910197044696,0.25,0.35714285714285715,0.8984033746792016,-0.09946755156325121,0.2882999880625789,0.06473905835904424,0.3333333333333333,0.82693817104776,0.10269916642848206,0.003159633301763594,0.7391304347826086,0.7506587459289537,1.0,1.0,7.0,14.0
5d64cf06fc5d9a39710d2916c3e60458b7c9f6bfa55fa2df49b3b17be7d28fdb,0.2084274480174216,0.12727632085098994,0.6,0.6818181818181818,0.9821331935326005,0.0835384223042891,0.11587663174975786,0.032109245138165016,0.6842105263157895,0.7965480790260261,-0.14236471728750286,-0.0492070752893304,0.75,0.805245926910104,0.6896551724137931,0.8,20.0,22.0
5da32ca28b3e331d6310799abcb32b256651a6f2fbe99d0c25370531884bb29d,0.16221584428627667,0.09644318855502136,0.8181818181818182,0.75,0.17710234073556924,0.026815339186549395,0.3680801286013908,0.03336469019793975,0.8181818181818182,0.903641536273115,0.31890370071234214,0.06517709094396572,0.5294117647058824,0.7110333962362149,0.7551369863013698,0.625,21.0,24.0
5e19b44e133692b82e764cab81775265c1efdec82e96915584a9dbb1a9556269,0.2952261110725952,0.46297148157352597,0.5555555555555556,0.7333333333333333,1.1004407975062565,0.1180618401726082,0.1346553601863249,-0.012346623527920035,0.6666666666666666,0.8533065400073073,0.19021686735345233,0.033740929593557616,0.7692307692307693,0.8034298029767971,0.7363636363636363,0.9,18.0,15.0
610a668fa02bb5adc82477cd37cf02bcb9c9d941bb85ad3eec7c8fdfb893dd82,-0.1484415292049143,0.04135383341410838,0.5833333333333334,0.7727272727272727,0.6174742565699937,-0.009380353913126919,-0.09276031453521244,-0.01904973343617442,0.7777777777777778,0.8644277071243363,0.22667841761615276,0.026859055395558114,0.5517241379310345,0.8319058321690593,0.7677793904208998,0.9230769230769231,23.0,22.0
62941e45b93ca883106b0f2084673c4c5111225743be9e0f39425ce2780ea917,0.003899904356018489,-0.10434439371446419,0.7272727272727273,0.7692307692307693,0.8715460841654952,-0.04429672912952003,0.09710205662624219,0.012469002835758839,0.75,0.8410618279569892,0.0331386284168966,0.010892589518491671,0.9230769230769231,0.8069289418724332,0.75,0.9166666666666666,21.0,13.0
6327db32c7d71f5fccf751378697fc4b8ee83ca73b93933e5ec6d048429a9bcc,0.4365655681000418,0.27454081824277743,0.9090909090909091,0.8571428571428571,1.052854105847337,0.07228189807904775,0.24780354614011185,0.009132287767954602,0.8181818181818182,0.8789335664335665,0.26561906972729565,0.02696908036017828,0.42857142857142855,0.7178007711725706,0.75,0.9166666666666666,21.0,14.0
636c620b5342ce8d5b6a5eb9f5cf73f908b1785eca4e3b4dcc81d2444f67f8e3,0.09000497271530826,0.05603350843171142,0.7142857142857143,0.7419354838709677,0.7759075017082111,0.00407644327613482,-0.20205197956497775,-0.021525387940901156,0.782608695652174,0.8463249854397205,0.028181042769394253,0.021811093591293074,0.8064516129032258,0.7841086742483698,0.8526315789473684,1.0,27.0,31.0
63d4a35e009489f2d9c22616d51fdaf75b942f12281645eca896f8bc9949e7c2,-0.041757289726672746,-0.1283251672018634,0.5833333333333334,0.9375,0.6308251695295354,-0.07662399149790207,0.15027189181456024,0.004768556892363021,0.7857142857142857,0.7855316039459262,-0.12890487895920297,-0.04093806975406542,0.8888888888888888,0.7426649628348255,0.7933884297520661,0.8181818181818182,24.0,16.0
649270ab8ed15665015f5818734c94c4d2bf30d62058db886770359a9b1b8433,-0.07058823529411765,0.05066705843267451,0.75,0.5454545454545454,1.4067579412765259,0.008197352630113118,-0.5794117647058823,-0.0961268314888892,0.7777777777777778,0.8082843472317156,0.05423729679167882,0.0042713022657927735,0.631578947368421,0.7504090742637824,0.8,0.875,16.0,22.0
64f8d9a586ddbbb556c5a62394d7d74301b178e3f880953c5d9016802fd6bda9,-0.029152671478867045,-0.0910375218381606,0.6,0.65,0.3279685766962995,-0.13077691537468739,0.008324950275114823,-0.03723732991794076,0.55,0.7406428777215294,-0.1633136251119249,-0.03857979861869808,0.7105263157894737,0.7959016969061309,0.7292929292929293,0.7777777777777778,19.0,20.0
6638c98f7d3898a22b0fa232673f4e2bfcc9d5ac35d901342c21336d27ff47f2,-0.11731410966773356,-0.1291984771868867,0.5833333333333334,0.7368421052631579,0.7044036880446088,-0.05290783918179148,0.33217850019941075,0.024149957843872936,0.5,0.8085404792456207,-0.06728548356379185,-0.013704833307901764,0.6774193548387096,0.7399005446365143,0.6889952153110048,0.7272727272727273,24.0,19.0
6648768251566cb445dbacd399451ab596f41f6d74c471fb2b13ab27aa03813a,0.15877863335603457,0.1392511017682053,0.7142857142857143,0.782608695652174,0.430491078500635,0.04325416106721774,0.0396306300978098,-0.010926854330697034,0.6956521739130435,0.7898283027580706,-0.15152937027911997,-0.03110958909167867,0.6896551724137931,0.7994247883655308,0.8127090301003345,0.9230769230769231,27.0,23.0
664f27d7aee560c8f1f3664c52dd89f3c49a4385f0c23594ef4905f8b9e60984,0.34986358651978194,0.04400028734528638,0.8571428571428571,0.5,1.4667510945996451,0.044875442948168476,-0.21366057284319562,0.013773038175818469,0.5454545454545454,0.730924174151771,0.00991309996629703,-0.001278956586429862,0.75,0.7780720651261934,0.8894736842105263,1.0,13.0,22.0
681bc3519670406498a31fb88b0797d1bb7021fc9253c177150a3ba14f78091d,0.06207562692914681,-0.06197410205479924,0.5,0.625,0.339822301188131,-0.016411482430401664,0.16438820012189645,0.010695018936103253,0.7,0.8174110953058322,0.282137141958784,0.019897165918375485,0.625,0.7948482643347298,0.823045267489712,0.8888888888888888,20.0,24.0
68ff95c6351ff911498e565355fa40a81d533bb768f90b3b9eb2cb4076f19dc4,0.33694831882173354,0.20302943210526578,0.7857142857142857,0.7777777777777778,0.873344979909581,0.09958138945222515,0.1682387689719829,0.03784961067133466,0.7083333333333334,0.8664595600187841,-0.2567722965933384,-0.02227668092760991,0.5333333333333333,0.7603076402511235,0.6923076923076923,0.9230769230769231,27.0,27.0
6997f0731e357bc0de8a3e34468da530841a30159ea26b6dc249b978ac2f97ba,0.0750188092509771,0.040863995002939815,0.6923076923076923,0.7857142857142857,0.515570425818785,0.00529603590645899,-0.36270561903912785,-0.046599977081182256,0.7083333333333334,0.8206395960446033,0.05683016480990026,0.05283608629153488,0.6333333333333333,0.8058588087530972,0.8125,0.9230769230769231,26.0,28.0
6a6d327a9f566e98c30cce1135ccc04ad27add834fa3753fdd0c771509921d86,-0.0021079497321998372,-0.08613564280489093,0.4444444444444444,0.6842105263157895,0.46266929361233256,-0.0066008599700863365,0.5277552174255062,0.07445246504086087,0.5555555555555556,0.7484787018255578,-0.049709353955014496,-0.02162554329823822,0.56,0.7623784110626216,0.75,0.75,18.0,19.0
6b8d9bc7a5b66a57566e787c6ae9471ccf117e43ae1dd45acfc6827657e97791,0.606400192460093,0.3358754484222276,0.8888888888888888,0.56,1.2924970836921124,0.13743614663321638,-0.2693037266052706,-0.05167583398212463,0.5882352941176471,0.8141059988351775,-0.13285273354854954,-0.0310766357289693,0.6666666666666666,0.7848770397609746,0.8892307692307693,1.0,17.0,25.0
6c4f97ed4a96eab22571dec1de4534249779a4f1949ad19cb393adc75e7d81ea,0.24180833840239044,0.18583480321214982,1.0,0.6666666666666666,1.2866027173953558,0.03280541262889587,0.20923127455990156,0.0420500832091931,0.4444444444444444,0.875670598058658,0.20785957827308454,0.00721776174687991,0.48148148148148145,0.7788316646338546,0.7936507936507936,1.0,20.0,18.0
6c58722042e5e905f2e7574797385a92aeba45f9fd51c142a771ba76fa5a95a4,-0.06043111875337507,-0.12535868858079202,0.6153846153846154,0.7619047619047619,0.5797272226515462,-0.0487847173588459,0.1963049080523649,0.02066958788300505,0.7222222222222222,0.8382409918636188,-0.3614147016609248,-0.07183539841381603,0.8648648648648649,0.8231074562574537,0.7631257631257631,0.9230769230769231,25.0,21.0
6c7e29c1c2d3e42b6920583652e8431bea45b979b98089ff0ea49765da631073,-0.05156728272241639,0.06613917802059568,0.7272727272727273,0.65,0.7744800301927283,0.012372850881607946,0.11227307124374201,0.008561822102285278,0.5625,0.8223602484472049,0.004048583239724418,-0.01759494329289909,0.7,0.8299351577603399,0.7564322469982847,0.9090909090909091,21.0,20.0
6e140ec6584c17034d0b3a94ae6b861a44d81c4f85f0c2f987844f74e0532b64,0.09092412093166351,-0.13626897467941357,0.5,0.5555555555555556,1.5859614376834041,-0.12782160412556187,-0.753702346348183,-0.10894103531203313,0.6,0.8129455909943716,0.08874628087545855,0.014059207377285955,0.5806451612903226,0.7515792871869245,0.7538461538461538,1.0,7.0,9.0
6e599b3e9fa13e0bea9a23f1f9ea20ac7687f56385c86ff528bbad7be8871a25,-0.002610398641574424,0.0999755465223034,0.6666666666666666,0.8260869565217391,1.013069381502012,0.04362518886366716,-0.2548023005525744,-0.003219076577125327,0.8421052631578947,0.773697650663943,-0.03160120349654593,-0.005952759542913357,0.6875,0.8144053191188797,0.7058823529411765,0.75,24.0,23.0
6e83f4aeea373f4880bcdb688a68ffd02c14e21a77cd455c651aedde165fbb8f,-0.5373310902954379,-0.5070072258264444,0.2727272727272727,0.875,0.6326223407500113,-0.2809724656163743,-0.1847758887338478,-0.11238005896595543,0.6875,0.7963782696177061,-0.1399314675426544,-0.04163672085466836,0.8461538461538461,0.7324468853880618,0.7333333333333333,0.8181818181818182,22.0,16.0
6eb1aea5fc816f27d0e5e74291e8818f852ec012c147791983be3e0352c51d71,0.17695259125359197,0.17724102881641485,0.5,0.8095238095238095,0.4456092116415967,0.024040702091821776,0.03740461763570878,-0.004195532921572062,0.7368421052631579,0.7926492982672758,-0.027884734153607923,0.010070164923818065,0.6666666666666666,0.7584988937930114,0.7177747625508819,0.7272727272727273,23.0,21.0
6f1bc1d79cdff46f314443dd8767ac649991d30acfabeb92180c501e9b349e74,-0.5638551930145305,-0.16030770488330975,0.125,0.7,0.09817020998286605,-0.11356284379679675,-0.43147682695722983,-0.04803623546428702,0.7647058823529411,0.8581658750456707,0.055941922311111246,0.015129780975970526,0.4642857142857143,0.7735491643995336,0.8,0.875,16.0,20.0
6fb26f78ec0f0c85ebac0f7585070b84f35fdd83452c275ee96dbc2e1e30352d,-0.13353827701466764,-0.06917833688105013,0.6428571428571429,0.8260869565217391,0.6715801375111661,-0.02717015190533024,-0.22848521709390376,-0.02428213721396198,0.7,0.79187152258681,-0.05201775833265167,-0.023474957912965885,0.5833333333333334,0.8312937210282345,0.823728813559322,0.9333333333333333,27.0,23.0
70897e2f501f3444bd97be1fba4dbcc1407c04a1740bcaedc458d4fbdc5160f2,0.3977902443138858,0.12845348827714234,0.8181818181818182,0.5384615384615384,0.4830063172659938,0.08412239163667815,-0.2295823819457664,-0.026355749504530172,0.5,0.7947815958066394,0.1350406091661413,0.02027183826346014,0.7692307692307693,0.8183058044104101,0.8698224852071006,1.0,21.0,26.0
70e414089ac3be757ade0d5d307442aaf22f5461d7349721aef235eaf9c0139f,0.366054152689906,0.22679702219410602,0.75,0.4375,0.6245689968540358,0.09918008825676873,0.2833967633728305,0.042986651147127894,0.45454545454545453,0.7839891451831752,-0.04354872183390676,-0.025993738805283675,0.8333333333333334,0.8274437657033306,0.8888888888888888,1.0,16.0,16.0
718dbbfb936d603f56cfce196485802c297efe64fbc171e55d0ddb5358905c61,-0.21227009843816355,-0.12984574671547616,0.6666666666666666,0.7692307692307693,1.1838832105088182,-0.11712283916380906,0.07363778236406555,0.0011046873651131123,0.5384615384615384,0.8347560975609756,-0.22077467742428186,-0.04686078582207367,0.7333333333333333,0.8449578422140684,0.672093023255814,0.9,17.0,13.0
722eb3c42522660a959a2121f7413f1fc58d49838e8c033cb528a87a72b701e7,0.2363412269285536,0.1750974567822664,0.5833333333333334,0.6818181818181818,0.8083092775702055,0.0710234636901219,0.13064679592661937,0.012941051524006987,0.8,0.8085577580314421,0.0002815315513663693,-0.00026114253569244045,0.8,0.8008833543144883,0.7733918128654971,0.9166666666666666,23.0,22.0
723517311a003950e9bc86f0d21bc9dec3066c36b5c345d432384f71db10a5fb,0.5276011635137976,0.2737261153711558,0.8888888888888888,0.8235294117647058,0.4641045215469037,0.19467265416607032,0.1011434296446286,0.0013823676563909733,0.7878787878787878,0.8943900042824394,0.06262154749475934,0.00819360373648117,0.5789473684210527,0.8225269198423562,0.6327479338842975,0.8125,35.0,34.0
72e2ca190e4ec1dc317f4a7840a46e5418d39b60d2de6992a27b33c713f37cb7,-0.09244823014454102,-0.012822706105713816,0.8181818181818182,0.8666666666666667,1.3824351416855436,-0.0013909629844504707,-0.18325875236501787,-0.04768763394879332,0.7,0.7544536626149593,0.10774821911374956,0.0016794887232930284,0.5,0.7106781804380196,0.7819148936170213,1.0,21.0,15.0
731aa9e23557cb49bbcefd8f6d162b3b0864abdeebb64da5594175d586566723,-0.05165040534372152,-0.063219561459286,0.5,0.8,0.7684050913976257,-0.04277557440210625,-0.16687054034125415,-0.018455807325909537,0.8125,0.8001703992210321,-0.29009816032521346,-0.07513469446955137,0.625,0.8302033419680478,0.823728813559322,1.0,27.0,20.0
731fd3e331e06af5c3e8eefdbb9e864d766c61383eb6e6d8d120a9a609de852c,-0.514982736847884,-0.571994563235735,0.4444444444444444,0.5625,1.0338709866216755,-0.21633774466049482,-0.10448925095464312,-0.011321593514270156,0.5454545454545454,0.7850698185696717,-0.042033827177719786,-0.0054836408223460885,0.5769230769230769,0.8033412374597992,0.8027777777777778,0.875,17.0,16.0
733ae0bf3867f4926273e16c6b41dd923850aa73e48f2c6d3db4c9ba28b2b05b,-0.2834957298303013,-0.22796741850608454,0.6666666666666666,0.7692307692307693,0.4666770749841613,-0.07537077551950228,-0.030863272044461102,0.026568584489176986,0.8,0.8299246335711974,-0.29820349461742796,-0.06905706425267576,0.7428571428571429,0.8333387332185397,0.7801484230055659,0.8571428571428571,29.0,26.0
73ab685f69137ab92388ee0fb7b027877baf863c78db1644e57a3e37a3fa7d5b,-0.022847135459726626,-0.06878254926598998,0.7,0.6086956521739131,1.1623744567388918,-0.0012029498881221466,0.21240060573511496,0.08143361817407027,0.75,0.7673311592678308,-0.07635760233662452,-0.014521187292281022,0.7894736842105263,0.7736157499401063,0.736734693877551,0.9285714285714286,19.0,23.0
75168ef7b346f3dccd805359ae036668ef1c3bdf59ed9dadb9eb3e171e18945e,-0.15432519836476016,-0.02354510654641143,0.3333333333333333,0.8333333333333334,0.5453847826435989,-0.018894001038566515,0.09840165394889948,0.019235412112191316,0.7777777777777778,0.8710622710622711,-0.017384975016050637,-0.009928106245051062,0.5454545454545454,0.7520858884800654,0.7363636363636363,0.9,18.0,18.0
77b20f030a9048d729d4c7612a0f71d765cc89d77ae61131ff2f3920d27867e7,-0.04874880445023111,0.03409526727053716,0.8181818181818182,0.8,0.9779880227860553,-0.042464721353346065,0.0037636456056683015,-0.019708114990727072,0.6842105263157895,0.861436170212766,-0.004763437646142729,-0.007078871501510502,0.8,0.7991659716430359,0.588,0.8,21.0,20.0
77cfb1e2f2951b02d8313c4b97ce276f84dbb772bde74bb1e751d6eb0ef144bd,0.32533184014059563,0.1751126158105372,0.45454545454545453,0.7894736842105263,0.8424079865735025,0.10647069010154257,0.01753816266581003,0.017860574916741753,0.75,0.7819215940756574,-0.17587163128108552,-0.06513557392559437,0.631578947368421,0.7564440241009747,0.8148148148148148,0.9090909090909091,22.0,19.0
78ae7f9ce0b85452fb8ab13bd338f18d97a906f5ac78978917060ae5ff801d73,0.05641990166234199,0.13532917097300234,0.5384615384615384,0.75,0.17924002585654353,0.047091906885556305,-0.2962108152504881,-0.0548252295160882,0.68,0.8432728320368769,-0.3251649299224456,-0.04604697732559286,0.7894736842105263,0.8182833300915194,0.8304668304668305,0.9090909090909091,26.0,24.0
7925ca1545ad05f4a91cd1302b82e1d74f604daeb7996a153dbd63b6fc58c9a8,0.49011857707509887,0.4730558227508499,0.6666666666666666,0.6956521739130435,1.0631656820952065,0.29532504667424786,0.02089215132693394,0.033077536536592914,0.6875,0.8380161213260793,-0.32689462728682805,-0.04869218384153569,0.6896551724137931,0.7961087666059947,0.7129380053908356,0.9285714285714286,23.0,23.0
79f9bc8b5f2dd2de4eedb536c52b31f08a0cfaeda5d51928a42798a299c6dfae,0.03356497468494999,0.04150580380894539,0.8461538461538461,0.8181818181818182,0.7054192037565719,0.015132888450797754,-0.29980310910131175,-0.04395121238055465,0.85,0.891566265060241,0.06909527162262406,0.039786486696052684,0.7368421052631579,0.8416485965245373,0.7566585956416465,0.9285714285714286,25.0,22.0
7a5239e8ea16591b4965eadae91fc29c7a35442f10aa983ecb3aec4f9be1bb28,-0.19119128250315456,0.017204824366493218,0.2,0.8,0.739792465451708,0.0011877328481273782,-0.18414275595925947,0.0019731707153464785,0.7222222222222222,0.8200220831799777,-0.0372968485478714,-0.007121081292435603,0.4444444444444444,0.7689258607511688,0.8869778869778869,1.0,19.0,20.0
7b143c2a7b4cd6c2c2bdf161bbe74bc92d2e62f3d71ca249587743d6139e9667,0.021777036532331723,0.001998087566756651,0.5833333333333334,0.8333333333333334,0.7716124592224699,0.022126454123348335,0.03970072128895788,-0.0046284779754788225,0.7692307692307693,0.8230179028132992,-0.10289521379055437,-0.05836219471531322,0.7857142857142857,0.779794005717453,0.7384615384615385,0.8461538461538461,24.0,18.0
7be6655aba58c0ad181f02e8e0754cbebfe477b496c641728da66e362c48ccc1,-0.25587402580728735,0.028749923898256965,0.5454545454545454,0.75,0.6924724097879101,-0.007379876702001062,-0.20384327198558905,-0.024021790079510406,0.8333333333333334,0.8608387866814833,0.15781572805540542,0.014801877525204623,0.5666666666666667,0.8411525880037055,0.7857142857142857,0.9090909090909091,22.0,24.0
7bf1e7b0729e7a64e7482034ce0621da0debce91027c0dc0440dab1b1626c725,0.15086640449131908,0.052963495335722005,0.8461538461538461,0.7222222222222222,0.8891807007110567,0.01331737766694965,0.2867080828342661,0.029405530464256962,0.6923076923076923,0.8551322095625893,0.547553676842156,0.056086292964420234,0.5365853658536586,0.7436415349476,0.7788018433179723,0.9285714285714286,26.0,18.0
7e5859de4c8bb3dd41642a092c7bafaa80ef654b7de53b253ac5a714d302479d,0.2029030954210116,0.09513776186580201,0.9285714285714286,0.6129032258064516,0.8771361174910637,0.016261169960645003,-0.4385029245920958,-0.04581705170961808,0.5357142857142857,0.8851309118688797,-0.09422728471077492,-0.023584026679302962,0.5882352941176471,0.8080675892719633,0.6762523191094619,0.7857142857142857,27.0,31.0
7ed6ce7e18abc0a7e05000a0ee224a497788021246040761f428740f78c1a638,0.29332481087722606,0.14651754894876795,0.6923076923076923,0.6875,0.20993510434694707,0.10292503656818555,-0.16827581255588228,-0.028390954403448666,0.6785714285714286,0.8994960806270997,-0.06682811851069499,-0.008331325444023728,0.8275862068965517,0.8327852880282549,0.7396449704142012,0.8461538461538461,25.0,32.0
7f2725d9a5a8ac9e24402288ec9ed527006691dd8cabca39e575e62e651c3706,0.004555820475782052,0.08647006552190703,0.5454545454545454,0.7619047619047619,0.9085975824195985,0.0209308496766204,-0.03449406931663554,0.007625276645682735,0.6470588235294118,0.8704655879994339,0.2983569189925933,0.042112741808223365,0.6521739130434783,0.776572627997078,0.7564322469982847,0.8181818181818182,21.0,21.0
7f6e623676ad3c7f2442f7784fae1360999f522f68bc2d77cf28a42ea6dd61e3,0.04439856038237034,0.011514127633353272,0.7777777777777778,0.7222222222222222,0.7548136185514196,0.004312661575104438,-0.5369128232286646,-0.11701161444602448,0.6,0.8122337307015829,-0.209545581531258,-0.04758441689339523,0.6,0.8330558183538318,0.8181818181818182,0.8888888888888888,18.0,18.0
7febcd30333806f8e48b3af87cc6715a42091752415360db12d2c218a524e038,0.4385421185720307,0.27217780766650945,0.7272727272727273,0.8095238095238095,-0.3362684252893221,0.19752689157878867,0.16834587136813142,-0.010408061319675968,0.8695652173913043,0.8495131450827654,0.03477427702219308,0.010481726669932594,0.7391304347826086,0.8072888206211298,0.7908496732026143,0.6666666666666666,22.0,21.0
80088611d69da1c1f3f53fea95502fe314753615f6ac56fe89657e7e285803cc,0.3189169086007274,0.2721158070797725,0.9,0.7,0.811368557339966,0.19003400748469138,-0.27378715738364334,-0.0761552001928333,0.7058823529411765,0.8100099061276474,-0.26666287380457665,-0.058202011770803225,0.6875,0.8275600188351866,0.8888888888888888,1.0,20.0,20.0
80c36757727d5c2fe58fe6d4c8de0dbc208ed09984d3fb770c8262af08774262,0.26593406593406593,0.22419859138269083,0.5714285714285714,0.6666666666666666,1.366627800794849,0.12529267648756118,0.07142857142857142,0.0010258221614956192,0.8,0.8192490947207928,-0.2747178200375616,-0.043263764506092095,0.7333333333333333,0.7263219741480612,0.8166666666666667,1.0,14.0,18.0
80d4b68a396ecbc9924dfa8439bade003a19478a5fb3904bec9d7bc35faff267,-0.11280504923747835,-0.03308323039495804,0.3333333333333333,0.7142857142857143,1.1519490827330339,-0.06061603620040052,-0.2628577777034057,-0.07307267467187868,0.6,0.7611562350692785,-0.027792133491596066,-0.006434409954170999,0.7272727272727273,0.8229308841587276,0.891640866873065,1.0,24.0,21.0
810043bd9374275b33d42e0622a8a5840772856cadc8a8556009205cce3c2da2,-0.29185423077898964,-0.20275347995930704,0.625,0.8571428571428571,0.5582672523895644,0.012058285400687764,0.4983489222940573,0.15611790219392066,0.8461538461538461,0.7500095430774515,0.05491144242561351,0.007560820127718082,0.6551724137931034,0.7838681709000517,0.7142857142857143,0.8888888888888888,15.0,14.0
81132f1bb8857ad87e4323f1812da43fd78afe984fa4b7adbf79aed8f1ac982c,-0.31208866583514727,-0.05441321147274634,0.7,0.6818181818181818,0.18077238808782922,0.008577494213040975,-0.24791268666341273,-0.05827834886105252,0.64,0.8219153957239971,-0.029976864702019518,0.010136074163124759,0.7037037037037037,0.824064865935858,0.7292929292929293,0.9090909090909091,19.0,22.0
827f0b0b83bbda799075bccb9b4871679292da3339f290cce598e21615620291,-0.21487805376025995,-0.11290797354703053,0.2222222222222222,0.6,0.3127779921974378,-0.09272967702330381,-0.29860831368955704,-0.036650974665661085,0.6818181818181818,0.8866438824333562,-0.16487916160308713,-0.03581981459726185,0.6333333333333333,0.8044548886413047,0.8181818181818182,0.8888888888888888,18.0,25.0
82894b1f58199bedb4322b1995d03570888b3115ea0aa60075b1e517d97e964a,0.20692255669599616,0.09550908830269096,0.7,0.7272727272727273,-0.12223928169008602,0.0751919867166995,-0.08471078900370299,-0.1251143055053443,0.7727272727272727,0.8077326728516855,-0.17155832177557118,-0.024461738259969692,0.68,0.7932067829893427,0.7692307692307693,0.9,20.0,22.0
8376141b140c014e10ae54fc3eb8f17c77e4f8860886fe81762f020d4c6a645f,-0.005093391658230698,0.008402806880129024,0.7272727272727273,0.6428571428571429,0.6750895704163327,0.026311572992464068,-0.26768602826034665,-0.04048241632217123,0.7,0.8982423681776132,-0.17725702042912314,-0.016047614022760583,0.7096774193548387,0.8183522909628014,0.7515527950310559,1.0,22.0,28.0
83aa5b974b5f22bc8620ee0b20c68007ec3b20e9d872b98109238b7917ca5651,-0.2469689426721584,0.08435740726011928,0.9166666666666666,1.0,1.3900204246506946,0.0010794008529928106,-0.005657719720497114,0.03820511269107073,1.0,0.7946428571428571,0.0877724256825488,-0.0027502443146405144,0.625,0.7552218049654921,0.7677793904208998,0.9230769230769231,23.0,13.0
848823d669c267c373b21a215fe6146ec1e082c20beb6aa84660761f08ca8836,-0.15,-0.10188601398567518,0.8,0.7142857142857143,1.6114936352853562,-0.015388374958005891,-0.6785714285714287,-0.16521647681377005,1.0,0.7401026392961876,-0.14903287607056062,-0.011483929967010946,0.6744186046511628,0.7894942874458485,0.7714285714285715,1.0,9.0,7.0
850c022252e19a57fd35291b594b6a62fd4cd57a65d857a70f9bed6e57234e89,-0.1522112897621896,-0.05852095380443609,0.46153846153846156,0.8235294117647058,0.47350832413978466,-0.05717347291168351,0.22260934995918533,0.02263210169876095,0.631578947368421,0.7705219800247867,-0.17640857629732098,-0.029004983259991967,0.7857142857142857,0.8102097936335672,0.7716049382716049,0.6,25.0,17.0
851d572688c573744d66eeaf4084f3ce08f4216b782d1ca38f76e63ef475918b,0.06319036044767462,-0.001148534815291466,0.6666666666666666,0.8235294117647058,0.3754917991579879,-0.003726656762301841,0.034023274186112486,-0.0015572112552972302,0.6666666666666666,0.7747315975164076,-0.2346762657292188,-0.06996572169864512,0.7,0.8203692513912232,0.7701465201465202,0.6666666666666666,29.0,17.0
86286462764163c69f5de6a7fff278daf797a51ebce95f11d9a0251893128474,0.006937768527552799,-0.026675775592673007,0.7692307692307693,0.9375,1.276787069595129,0.012954629610445547,-0.14462649599335578,-0.03243786398405803,0.7777777777777778,0.7809859154929576,0.01393728433917462,-0.0023727803405591834,0.6666666666666666,0.7160861671934574,0.7370283018867925,0.9375,25.0,16.0
877912388a07033eb75f987fff96f0e13a4d5ab70d16776ce3f8e7ceb5ed7d37,-0.020704033589641818,0.04490634583773338,0.2222222222222222,0.8666666666666667,0.4561162514931285,0.010206169499137718,-0.13871702505060016,-0.011034957955148781,0.875,0.8393998332870244,0.05922062179296197,-0.012847330519825829,0.45,0.8076850065827746,0.7714285714285715,0.9,18.0,15.0
87ed826969c5015be436f7c75638fb45094a13abff2035ec1a6442d69124052b,0.028113079486043774,-0.045979990683255284,0.7142857142857143,0.7307692307692307,1.0829417405569843,-0.017636515079744522,0.3183298536323727,0.028169672056968707,0.6666666666666666,0.8553263190893239,-0.14814170456255313,-0.02789681907408045,0.6,0.7935635468762405,0.7029893924783028,0.9411764705882353,27.0,26.0
888840cabeabe147ad8063c6138704bc6d1cc9f414463b81ebe72939884c8060,0.5350046420070219,0.3414191702616024,0.8235294117647058,0.7741935483870968,0.5696583713349477,0.16826042390085852,0.1369611883537976,0.0338593031424336,0.7586206896551724,0.8520582659311975,-0.000051024313234630994,-0.011101592600166637,0.7058823529411765,0.8231179626486878,0.6316939890710382,0.7333333333333333,34.0,31.0
89af812c546f748c81e318b8fee0d6e4e6ba93038f698add734696b7a9792f33,0.028841975097272748,0.10323707204531266,0.8333333333333334,0.7058823529411765,1.0411953284252398,0.02660198319024729,0.07793159608081097,0.022375712649679913,0.6153846153846154,0.8116041401377869,-0.16314752644659059,-0.037328454681951735,0.5,0.7279343348078371,0.7633477633477633,0.7777777777777778,23.0,17.0
8a987907a93ac539bd79055fdb42c1b2479ae31c212a1d86b5797d46c13e515d,0.2874773584554438,0.20641037596227546,0.6666666666666666,0.7037037037037037,0.6100108414436718,0.10190099367005051,-0.029069031730715945,-0.010262302277691981,0.5833333333333334,0.8732905533347358,-0.18515969191334591,-0.04464022348977323,0.8333333333333334,0.8455769723542976,0.81099324975892,1.0,29.0,27.0
8b2fe1aed3ee9ce5faea29937b53666229db07a626146c1c408bf1ae2f092909,0.22847417737449344,0.10964719459841792,0.16666666666666666,0.7272727272727273,0.3310513662544205,0.025732508847415823,-0.6636311986530792,-0.04114686487570902,0.8,0.8711101398601399,-0.2039128846825552,-0.042333072729302985,0.6190476190476191,0.7752253743258241,0.8181818181818182,1.0,12.0,11.0
8b53752dc01c9a2d26afb64cd409a71de19be1ebaa0f9886bec143da9a354cbc,-0.5565366475033513,-0.4749396435672983,0.5454545454545454,0.7647058823529411,0.20840725487806738,-0.1656833966665331,0.5098062411471279,0.0600694384868204,0.52,0.7392159522517635,-0.03146244111531754,0.0029939535700359747,0.7586206896551724,0.770157243225159,0.747457627118644,0.8,21.0,17.0
8bc95e8bebcf39f85d171fb3cb4c53c2d92b95cf7f73de13e1c399f58a1cbe02,-0.16315510815914663,-0.18009934471720127,0.4166666666666667,0.7619047619047619,0.5018564289845394,-0.14488162849851077,-0.024950608406030243,-0.03990992394503376,0.6190476190476191,0.7955235523552353,-0.1920077006601708,-0.02938276733680178,0.7058823529411765,0.7918230334715586,0.7398601398601399,0.8181818181818182,23.0,21.0
8e16a82030b95e1f6607145603abbf3185b685581ee4c37b6a04b5873f9691ca,0.10245466023393526,0.05546627273311873,0.625,0.8333333333333334,1.4894478192237335,0.009297508378124654,-0.23198916471871645,-0.017028347060586573,1.0,0.8206896551724139,-0.12321282742947484,-0.02220274848027818,0.6666666666666666,0.7354088522130532,0.7485380116959064,0.8888888888888888,16.0,6.0
8e577ab97c4717ad23c4b81ab28fbcf5faea7595b26d3b676a2775237b0ce9e3,0.1959345002823264,0.23402577003401076,0.7272727272727273,0.6086956521739131,1.2031155420889383,0.05417805704243181,-0.25789473684210523,-0.05080748400699348,0.6,0.8368052237617455,-0.3269141887140951,-0.05205642387624644,0.8695652173913043,0.8090250045523466,0.7857142857142857,0.9285714285714286,22.0,23.0
8f342af99e5ba3794f042072514b1ccc734639b4345f642037795c978ccfc434,0.35719759705884824,0.18730400125279478,0.6,0.75,0.4158507465296394,0.1489650072801733,0.262094140117595,0.028045097201313894,0.8235294117647058,0.856838292793349,-0.07060805954148729,-0.01802845931631749,0.75,0.7847108761940892,0.7692307692307693,1.0,20.0,20.0
8f67a1101b33003412b92c84958f2d873de22f431bec97e5725110c2d185ed5b,0.0014829463008015815,0.12318950492045233,0.5,0.8421052631578947,0.7733111678874208,0.030838390701695324,-0.3750353157176311,-0.0456277270928181,0.625,0.7850870048130321,-0.21981353333860468,-0.05230246605082587,0.76,0.8084398389175904,0.7883755588673621,0.8181818181818182,23.0,19.0
8f852025c88e94b2ea30b81963ebf827a00ab608dc229a7b280ea91bfa0de407,-0.0062469911065128406,0.0103903706472043,0.3333333333333333,0.625,1.024533183480166,0.05179689841962209,-0.2080610628517282,-0.027303066366712384,0.5454545454545454,0.7773972602739728,0.22949088321829741,0.039926797421161564,0.7407407407407407,0.804447692904431,0.81,0.875,18.0,16.0
8f893801c1888c48c1df44dd7a2127bf59d17115e6416a11053797e0bbaf72c7,0.006499060202128006,0.03416476949597862,0.5384615384615384,0.8421052631578947,0.5711429489158296,-0.002066203412452287,0.10441594566297697,0.0015496627947237508,0.8666666666666667,0.7873218852758495,-0.17394827194609258,-0.0708087465605784,0.7368421052631579,0.7488787272688723,0.7824074074074074,0.8333333333333334,26.0,19.0
91877cd3aa77a4219152d63772b6d4bdde91b1008b73c9ac42dcdf2b724f9a38,0.21911591998458863,0.08001969810480343,0.9090909090909091,0.8125,0.7636432324175632,0.04226224185491501,0.062362812141729375,0.003332250245640214,0.8333333333333334,0.8132610604267663,0.03897953321184605,-0.015284900193564377,0.6388888888888888,0.7616730518168247,0.8529980657640233,1.0,21.0,16.0
922a47a44fe3116daeb5edf6fafb1f3ef4516c35a090e115c167b01ceea16a0d,-0.6367232654606462,-0.4149030713589643,0.45454545454545453,0.7777777777777778,0.5154310549510401,-0.2211165695407064,0.07231639572223843,-0.011891646192308076,0.7333333333333333,0.7770623742454726,-0.07137384373353389,-0.01668028816717976,0.7692307692307693,0.7647142803213596,0.8344827586206897,0.9,22.0,18.0
92f33c3d179f4fb55afdcad99c095a1de14d1845b15aa37c37af7652a7631e0a,0.0923615218465835,0.0033976528860797384,0.625,0.9285714285714286,0.7321887483508086,0.020712748153005063,-0.134043560532815,-0.011198796883532047,0.7407407407407407,0.8610474343149356,0.24645800349345554,0.04555171781723864,0.6129032258064516,0.8115943127508318,0.6965986394557823,0.8,32.0,28.0
93028dd9299de873a5cbc64bffa83b5b7b33b63282ef103d095a6b260c7a48bf,-0.14660070542635878,-0.14490167460572,0.46153846153846156,1.0,0.39393026513529156,-0.0792621166148861,-0.3908210394660639,-0.058059734906054164,1.0,0.8161744022503516,-0.05073675403460079,-0.009729664374041016,0.6129032258064516,0.8195525291828792,0.7412280701754386,0.8333333333333334,26.0,21.0
9337eaaee31be41880c52d76f98c4533cdedfe045b2f4077fa7be59d5f73c2a1,0.23552722633846404,0.24882701106521846,0.75,0.76,0.6643217739474494,0.11296244177063047,-0.0039592817179663845,0.012095004264508576,0.6956521739130435,0.888010284949456,-0.04138158036770454,-0.005614722501397823,0.6538461538461539,0.7959902678176083,0.7408963585434174,0.9285714285714286,23.0,25.0
935b5f3980ee12e2989dcc9fd2ef2d7e229e046fec302e09e41a171279622d80,0.06491228070175438,-0.0989003071173713,0.5,0.7222222222222222,1.0441619821835004,0.06979647954314055,0.019607843137254905,-0.008620779846808264,0.6923076923076923,0.7897233533436884,-0.020566175293502173,0.0026973892906719875,0.6944444444444444,0.791566583695894,0.7632135306553911,0.9090909090909091,19.0,18.0
93722064d256c721454379998d3d71f8294ca1d62248480c35f264243a9d35e8,0.32153532224755144,0.19323422333777773,0.625,0.7368421052631579,0.633731722897837,0.05383684765975542,-0.10931969861672972,0.01671842841215667,0.875,0.857298951048951,-0.3267061635209761,-0.06240713155385202,0.47058823529411764,0.7789514005933891,0.7272727272727273,0.9090909090909091,16.0,19.0
93964a9d39918fff3b481e2e2c49e521ae6481bb1131fc8edb9d38e8dce5c3d8,-0.05643958427355004,-0.29376520642489257,0.6666666666666666,0.6875,1.5134980916683276,-0.09764733146985698,-0.5291211025645316,-0.12785647240881956,0.7,0.8152629016553068,-0.10400238073439594,-0.017938380814669103,0.6896551724137931,0.8034343587712802,0.8,1.0,12.0,16.0
9492ade17f3ea152e3c3b641945702963f349f557176adc084e407cfbf5bd8d3,0.49355516477177,0.2052591449333422,0.7777777777777778,0.5454545454545454,1.0152232828427736,0.18393727451574088,0.22827712532860323,0.03748070740081097,0.6666666666666666,0.8447026657552974,-0.0708005449579235,-0.01317536129741666,0.625,0.786059601505577,0.8401162790697675,0.875,17.0,22.0
953ae1cb4ab3aa37bfb8beeaa381d32944d6a572eef093a790a2f7bcf3ed0fc8,-0.04068947491905439,-0.2375964134530566,0.6363636363636364,0.6666666666666666,0.5408497001682426,-0.15943241604079972,-0.2320443091831001,-0.0886209104208438,0.6666666666666666,0.7884349575715159,-0.24539015071008868,-0.09570752919764017,0.7894736842105263,0.7881341256182961,0.8461538461538461,1.0,22.0,18.0
95a6f48a9f2001d1837493c204fc7937ba8e9e46c909528f8cca16ef18c0883a,0.29531229239842693,0.09582847400057451,0.7142857142857143,0.8333333333333334,0.6605906694415327,0.089355786377568,0.3246297485207113,0.04148035275106996,0.7727272727272727,0.8384834508952794,-0.2518628269558758,-0.05379986019633787,0.7567567567567568,0.8455895135571981,0.823728813559322,1.0,27.0,24.0
974ebba0c791bd888b25c32b523b6fb0b95533b5e8b167c6f53cee7b7a5859da,-0.266978713656628,-0.09226572708614522,0.4,0.8,0.5990764475646045,-0.07765069302479348,0.45765729214948553,0.06981558553378282,0.6428571428571429,0.7655663303620988,0.06592755373560139,-0.013682093363370703,0.6,0.750268106979821,0.7864923747276689,0.8888888888888888,19.0,15.0
977572a7a9977ee44e5023e308e04c0227dfa52082ca9ff9b01dc2408b141584,-0.02540730091230839,0.08306360163992334,0.8181818181818182,0.9285714285714286,1.486887866866967,0.03837289594202821,0.07568770818941892,0.024117412599662005,1.0,0.7770104895104896,0.02035296460568027,-0.01166502109878831,0.7222222222222222,0.7112638952337444,0.7217675941080196,0.9230769230769231,21.0,14.0
982aeeefdfa358e5d6158fb195b1c45c138bece7a0099606bd42773f1b42208c,-0.37894970114415205,-0.541068616051347,0.3333333333333333,0.7272727272727273,0.8111491738008579,-0.2031169406520966,-0.24912434056698887,-0.14075259691503816,0.6666666666666666,0.8583369518019973,-0.08958229781600754,-0.033930410319335934,0.6842105263157895,0.7449775447617365,0.9,1.0,12.0,11.0
98390c578780529c6ae7e54fbc5b16e37c17bdbc38a5d0aaeebce0b881a69e57,0.07426106572325057,-0.08520412321758862,0.6666666666666666,0.75,1.6632536898589811,-0.03226135063838788,-0.00443973315341838,-0.03213873554274086,1.0,0.7827937095282146,-0.0932365371851854,-0.01945425608957869,0.7727272727272727,0.7673494169981289,0.8304597701149425,1.0,17.0,8.0
99048b427932ad045b403377128168dd55e3a2ffa617c97a9ea96c607cb42017,0.3403455211114404,0.27240705015970845,0.7692307692307693,0.7727272727272727,0.9002139055734848,0.040482808722114016,-0.14792258968921737,-0.010136652756387619,0.75,0.796249413970933,0.1032364645011887,0.013751673472981452,0.625,0.7760796838871351,0.7100840336134454,0.8571428571428571,26.0,22.0
9933db9eefdfdf4e9c0a3a9c64374b5280cc977008f3687606e7999ec7639dfc,0.16728281171312911,0.01905476688093699,0.6666666666666666,0.55,0.6803465668347921,0.006775342755173644,0.38376645040070795,0.05158554516922318,0.5,0.8267389340560072,0.16718250651038008,0.027047688683250633,0.6551724137931034,0.8223819368808247,0.7768817204301075,1.0,17.0,20.0
99c3500c450c568ef422525663c5a86aed8a58ec59d78a97037e6ce79cef9aed,-0.6707441766510146,-0.7755536859904482,0.2,0.75,0.8357912755203062,-0.4510477733226009,-0.5126231421577709,-0.41354209863826413,0.8,0.8452821461609622,-0.11009176892179728,-0.03285965897283233,0.5333333333333333,0.751417324339523,0.8928571428571429,1.0,10.0,8.0
9bde07bfd29ebb1b43ff8613e53cdab6ed112ed6b551e9f3bce6c9bc8fe8b3b5,-0.11579018646071314,-0.12057396986879594,0.5,0.8571428571428571,0.4988969162368515,-0.12159061272659304,0.22807157939231376,-0.007350209006623731,0.8571428571428571,0.769233135439417,-0.3083360314192388,-0.07979091340166611,0.6,0.7766800980014984,0.8,1.0,12.0,7.0
9cd02c6bd9f7f0faaf020ef667e08aa486e81b2731ae7a94cf44c6ee63d7a391,0.43214285714285705,0.23253148581513555,0.875,0.7647058823529411,0.7342251374583525,0.08607049678851623,0.028571428571428564,0.021485382685611,0.75,0.842855651810876,-0.42080770146809965,-0.11294904159397502,0.5833333333333334,0.7811976750386607,0.7575757575757576,0.8888888888888888,15.0,17.0
9e3e9e5f284628a6ca2eb856ffe533f3f98407a0991525ce6ef8479bfceb77e8,-0.2571428571428572,0.049510609185907106,0.6666666666666666,0.8333333333333334,1.426359460821498,0.013791854249580031,0.49999999999999994,0.14735307103522874,0.75,0.7729564553093965,0.021116848875964767,0.017152610058358952,0.6538461538461539,0.771156863975896,0.9,1.0,6.0,6.0
a150abad960c12c4a5f4f4e8cbfbb0655dafb58d4f3f0bd5ddc68b5804262570,-0.02396031156372698,-0.04974922018474767,0.6153846153846154,0.7619047619047619,0.5569133852715686,0.0011860860917915963,0.3204316410093878,0.04465366256998966,0.7222222222222222,0.8408069458631258,-0.25211157184949834,-0.05416969349703107,0.8666666666666667,0.8286832551274141,0.7511111111111111,0.8666666666666667,26.0,21.0
a1e52c2a061fe1606b83e0e01152d176722e93e379e08d041a96bbd74d490e7a,-0.250219587218443,-0.3247421214174744,0.5,0.6428571428571429,0.8552832525635187,-0.10236361220794409,-0.3617413310211986,-0.06747735669747812,0.5,0.7824020737327189,-0.11323676782972497,-0.04218654859846448,0.8125,0.7975669034773782,0.573015873015873,0.8,19.0,14.0
a26a50025184201d8b2794ac99f4d59a413d6576083591e61ba7b083f3392bd7,0.15190433367416836,0.058787785387326014,0.4166666666666667,0.8235294117647058,0.5301644753765168,0.0061032440189337026,0.15578642635581524,0.0032830441877744546,0.8,0.8147652916073969,-0.07071702922064863,-0.023695487961288633,0.8333333333333334,0.7436128428838248,0.6889952153110048,0.7272727272727273,24.0,17.0
a2fc107066c1a25de07e4e2af6d35938b43bbc939684c9a0744f1dc9e04eea01,-0.13047368927546668,-0.25001343330292125,0.5,0.625,0.724927416204616,-0.09528574745642292,-0.3002682164147727,-0.0637833843399495,0.8333333333333334,0.7457934725768248,-0.28768166623966657,-0.10444728175654044,0.8666666666666667,0.7777970188868567,0.8064516129032258,1.0,15.0,16.0
a3c4043fab77f45fda5fc942ffeff6ec552fd5acc1b1598f50657e49341ed63c,0.08698108225981202,0.11727450505502988,0.5454545454545454,0.8666666666666667,0.864722826465296,0.11217387988031942,-0.20751879699248119,-0.003474305772989189,0.75,0.7735842162952139,-0.24590451127760218,-0.04622960916215538,0.6666666666666666,0.797616809549724,0.7756410256410257,0.9166666666666666,22.0,15.0
a3f4208587f87e9e2240e0a14515854a2fd53cbc1e97c04c2b6ec4545e380bd0,0.46337075572707875,0.3723996598592446,0.75,0.7333333333333333,0.6839979259452987,0.1646266166799946,0.13619843299326273,0.0001790435273141655,0.8,0.7887384792626728,-0.11620050650661744,-0.027354050163299348,0.6296296296296297,0.7740377519392557,0.8421052631578947,1.0,16.0,15.0
a61c506f06153f9afc427075e4d97f0bea0aa6146cbdd17964229a02021fd370,0.07227277767514416,0.038749836148439396,0.8461538461538461,0.875,1.289340467106261,0.0182218027294858,-0.0634204127404478,-0.023859826098015187,0.8,0.8008383635144198,-0.0754180770725351,-0.022429408338324852,0.7,0.6540628099400454,0.7222222222222222,0.9444444444444444,26.0,16.0
a65d5e4f885c92e60f7074e491fee30be4c2645098a6f79f03587aef0959f41a,-0.3163179466185064,-0.2463413921077348,0.5454545454545454,0.7894736842105263,0.30237408899937485,-0.14953754276650666,0.6210401156419829,0.05741791889836995,0.56,0.7836103513570376,-0.011974507106626934,0.013943128422534493,0.9130434782608695,0.7866917478288386,0.7289256198347107,0.8181818181818182,21.0,19.0
a67e8a0c66aa33e14e0ae4692ea80f7909e2c9df7089349f06db883e0a46a282,0.17309602928423914,-0.06724981071545671,0.4166666666666667,0.8095238095238095,0.5877697961826829,0.028916895710032718,0.4411475946329752,0.05830899611624627,0.8888888888888888,0.8680430408538186,-0.08713925811370067,-0.017136718115155648,0.8,0.7940649637044322,0.7633477633477633,0.8181818181818182,23.0,21.0
a85becfdbe373fc6453c4d4c2d29089f0a96b405a220afe58f7fb5fa83c197df,-0.1409643286584604,-0.08868214487186893,0.6666666666666666,0.8095238095238095,0.591806329625734,-0.042390006111836506,0.18276490123427347,0.07115532977394848,0.8235294117647058,0.8378711563523654,-0.19996299989288788,-0.05566434352781242,0.84375,0.8122036789843339,0.8035714285714286,0.8571428571428571,30.0,21.0
a90ff70ea790b40dd670f4fde8687113aba81a25041a82b920b647a4545407c8,-0.24907994209796064,-0.12617828774406875,0.4444444444444444,0.7857142857142857,1.027104856682205,-0.04679449838558105,-0.5139917209011775,-0.0378649673337801,0.8571428571428571,0.8458865301805545,-0.1756993479932189,-0.049511452089038996,0.5625,0.8005737554686068,0.8757575757575757,1.0,17.0,14.0
a97b88657e80c72dfc367351263809fc2dfa4b032298c77016bd88d6575a4ed0,-0.22502483806951093,-0.25511286448754655,0.5833333333333334,0.8235294117647058,0.6379853083742059,-0.1699778155526451,-0.14836802510077643,-0.07580842610865812,0.9333333333333333,0.8177218314204617,-0.07552539811739911,-0.038131034009625496,0.8421052631578947,0.721207162257289,0.7895522388059701,0.8,23.0,17.0
aa7a693cb81ea8b2eda87b9fd4b3ee37a3ebced277561a5024f55a9e9524cfa9,0.13786978999989086,0.013243242910680242,0.5,0.8461538461538461,0.5681525383931321,0.08400619032226603,0.35631283389582175,0.08444721914426603,0.8181818181818182,0.8038706722143756,-0.18412389238799007,-0.05755009770118783,0.4838709677419355,0.793858935252724,0.7575757575757576,1.0,15.0,13.0
ab54eaf8bc11d69edd33ee57f81abe0e63720bb910f3745408c6d857d26bf8f5,0.18047382019767266,0.24704993416599025,0.9285714285714286,0.7666666666666667,0.7778923230461746,0.17190551938596882,-0.2812543449818055,0.001894686103723798,0.76,0.8757711293687908,-0.02739983218258324,-0.004765454684460708,0.5714285714285714,0.8101149099163003,0.6666666666666666,0.8333333333333334,28.0,30.0
ab73df09a899bf4c1600efb63733ea765bccff515fc01575d970d15ba6800028,-0.022742045086796246,0.09812217294187969,0.45454545454545453,0.75,0.7638876437057369,0.05569624380222716,-0.133132766090398,-0.020418138092054623,0.6923076923076923,0.7653546851887584,-0.21990559780436642,-0.036761799693199336,0.6818181818181818,0.7860886522163055,0.786096256684492,0.9090909090909091,21.0,20.0
adb892c1da0bd50b6539fb0e50c763748fa957f9d426db4efcb3e9f978c3f926,-0.11715583722580122,-0.421571830301209,0.6,0.6153846153846154,1.5957800675563776,-0.31726177446581877,-0.6694619270045785,-0.14002123160544738,0.7142857142857143,0.8014194139194138,-0.21836397371058833,-0.05907507632492729,0.7777777777777778,0.7902645523897509,0.7941176470588235,1.0,9.0,13.0
adbf5d6c75087b2549e2aaeafd4b1efd9f0b8bb2545bedf0b7392efc6df6648d,-0.5684245517162282,-0.46088759907907423,0.3333333333333333,0.7333333333333333,0.651545392864117,-0.23786891785111436,-0.3403529723239144,0.002979965432910635,0.7142857142857143,0.8012857977790767,-0.08855309943169908,-0.02114910681909202,0.6666666666666666,0.8076497863965822,0.845,1.0,13.0,15.0
ae1c35f5e5b71a54427a86892b4c97c91afe7f3ebbd0a0c9027d8849556ef314,0.22320777626178895,0.16904264897912932,0.5714285714285714,0.85,0.7830521403803973,0.06868069727261156,-0.13397503799141888,-0.034547393880110785,0.8235294117647058,0.8200478645066273,0.07588411047488984,0.020145328334317546,0.7647058823529411,0.7867371827380522,0.7334004024144869,0.7857142857142857,27.0,20.0
b022115a95049888759c6db704fd4f6103d21444610a6618425d4eb80ed75fc3,-0.11888641439260872,-0.1291563835386682,0.6,0.75,0.7828706285452589,-0.02321603873120187,0.08252856560888999,0.010134867969236938,0.75,0.792037256174371,-0.053371293849390156,-0.017221218898243712,0.7272727272727273,0.7699809037978741,0.8695652173913043,1.0,20.0,16.0
b0c1e2ddf245c2b3462d50e5176736c2b3ccfa8ac6412c13343af855b404431d,0.33755716113371925,0.3242518995735438,0.8571428571428571,0.625,1.4124181808673637,0.12944552404201484,0.2246421184310108,0.05280100960202724,0.875,0.7578806170355465,0.06820095691411204,-0.003728037577783951,0.7692307692307693,0.7706641943588972,0.7316017316017316,0.8571428571428571,13.0,16.0
b2658bef778c1028103212dcad1feeb9d75b8ff769499d3af878a2453bb6e470,-0.09809934400574877,-0.21239410219831617,0.6666666666666666,0.7,1.4705521185571244,-0.10460801528664222,-0.6122150296134706,-0.15475355848096495,0.75,0.8488831297050476,0.18230343616266276,0.06146422791121579,0.7407407407407407,0.8043886940474504,0.8233618233618234,1.0,17.0,20.0
b2acdf26ef3cc7dc3e0518c9d79f7c7598c357e3caa580e422058235b38af759,0.16920735626313374,0.20521283949600594,0.46153846153846156,0.6785714285714286,0.6103357733764507,0.05609138069786295,-0.10207245377816569,-0.006940261601230267,0.8947368421052632,0.8473684210526314,-0.02540589166895694,-0.0022528879444475925,0.6875,0.7964650424399438,0.7268817204301076,0.9333333333333333,26.0,28.0
b321ba4b742e37b3f48e3bef57f1ba97d1abd97ccccea6cf8a78ce9e71c22ea4,0.29675051561739,0.14165064057869467,0.6666666666666666,0.56,1.303415916733652,0.06135514664494587,-0.22663729461652515,-0.0012100428781440752,0.5714285714285714,0.7773909938858392,-0.11430042571195605,-0.031167609348328087,0.7222222222222222,0.7719733409525023,0.7100737100737101,0.9090909090909091,17.0,25.0
b4de99a2180d4e6680879e49517da354ca24c6c084726a3216dd5331a253213b,-0.03583715732183279,-0.04020763858268453,0.6363636363636364,0.7727272727272727,0.351775259718487,-0.0037459371548201285,0.6029661797847816,0.07958835506193662,0.6153846153846154,0.7679777365491651,-0.07498221775192201,-0.006227308344056303,0.7142857142857143,0.7772988729109989,0.7586206896551724,0.8181818181818182,22.0,22.0
b57a9cd41392c9e58c37158102c311f64ddaadba197eee9a6123c59c3335d217,-0.09702896511673074,-0.17776452214723773,0.8,0.8421052631578947,0.7399195560426801,-0.13329170059452664,-0.08800301487331394,-0.03084590568455869,0.8125,0.8200716143707621,0.16098563985897368,0.021379420265451067,0.5263157894736842,0.8059735177382236,0.8,0.9,20.0,19.0
b7e74cc40c5655a0ff1238bebb2cfe812fe7ecfccb6bf8ea1d2475eeab799d4c,0.08311693065439028,0.06310876988651076,0.6428571428571429,0.7916666666666666,0.6031114724678794,0.03776808853090497,0.23651656002389,0.02252542400833406,0.6363636363636364,0.8466685330347146,-0.25454021197181664,-0.06207411106704982,0.8235294117647058,0.8291597431411292,0.7714285714285715,0.9333333333333333,27.0,24.0
b88f3cdf81ab8be45aee62453cc087974ef00c9914feffeabb1280bb3433490a,0.2057864262441171,0.16086157996789668,0.75,0.8636363636363636,0.8673545968649655,0.09280403235812337,0.05177290639122608,0.08457737255245734,0.6818181818181818,0.8601974804221997,-0.023071857352957376,0.0032544995885814046,0.6,0.812776245375914,0.8347826086956521,1.0,24.0,22.0
b8b03e603fa22200197710c5a163a9fb5f695ad9c8e6092306176ff5d2a45b89,-0.1509328268185582,-0.11614135541400882,0.7272727272727273,0.6956521739130435,0.8333198478691145,-0.03734554979744411,-0.26486087257087515,-0.03830899933252672,0.75,0.8711637341384028,-0.228599954975568,-0.013857867342941378,0.6666666666666666,0.8517825537294565,0.7469135802469136,0.9166666666666666,22.0,23.0
b8fb7a0f45c56d563bb6fa24f443a93084e284402ed150a36a4b4a00744c2a94,0.29964879552952484,0.11381948117804118,0.6428571428571429,0.7857142857142857,0.4783832040004534,0.054967398477994846,0.042806970789932126,-0.002485619006887171,0.6956521739130435,0.8703055964653901,-0.49181958633299433,-0.11776936485842332,0.6571428571428571,0.8177700988390469,0.7469262295081968,0.9375,27.0,28.0
b9ba11f0c0a3684e28e821fab286e3b63007ebe1498eae1862998061e0b5cc79,0.20091172979727354,0.024261826153875732,0.875,0.8235294117647058,0.681112346316973,0.12884290308579038,-0.16692062143278014,-0.004024319296172078,0.7586206896551724,0.8973650477140009,-0.005073466528582022,-0.0012425099624292855,0.7857142857142857,0.8066852274811197,0.6343234323432343,0.8666666666666667,31.0,34.0
bc9db2e8d25fee6e9298b98132ee42ee38962b4e10184cae2f55d8ccc617493c,0.15530436976153764,0.1338277517301395,0.9285714285714286,0.7083333333333334,0.7197720062794842,0.08321578107429309,0.22164501589983227,0.025372745850530662,0.7368421052631579,0.8177992846623183,-0.01923399234179041,-0.00426321798189429,0.7,0.7943515252651673,0.8091009988901221,1.0,27.0,24.0
bcb3031952db7a0382785ff8ec1e9be8c733b2aecfc6d0741a4954892b439c86,0.09232777637332815,0.019733470544915394,1.0,0.75,1.150217993213488,0.03643430272816811,-0.14527672037879644,-0.013576426792467613,0.631578947368421,0.8515635836813958,-0.18211014496481648,-0.036857965824914275,0.7142857142857143,0.8155871700559478,0.6167832167832168,0.8181818181818182,21.0,20.0
bcdb42a7fd17fa4f3258825d1875013432e87958368c7449a2fc1a573e1f100d,-0.2870940527032662,-0.2080024664128175,0.3,0.75,0.957779394424979,-0.1539736726275592,0.030991752074525487,-0.03399163688661445,0.6666666666666666,0.7836603727014687,-0.1492469371035277,-0.04111430033188005,0.631578947368421,0.7408441396468336,0.7632135306553911,0.9090909090909091,19.0,16.0
bde7ff8d76b8bc95b02b16a50f183a0be9c09d32090de3a73a645ec5916517d7,-0.10135973121412865,-0.1251198235705642,0.5833333333333334,0.8421052631578947,0.7060116046103719,-0.08028368405828375,0.21079408534454563,0.011802637790639415,0.8,0.8242546856510287,-0.14913187939514672,-0.038495516185046014,0.9473684210526315,0.7520023465263274,0.8151001540832049,0.9090909090909091,23.0,19.0
bf541b67d1539afb22a87fc08c79a38df55b71e330796d74d61bc1aff2e8e424,0.4346471705804291,0.3599028210939717,0.875,0.8888888888888888,1.7363612780943272,0.2125342167743416,0.1964085695197208,0.06493292525668463,1.0,0.70386590154032,0.11711645612747876,0.002434003795488988,0.5384615384615384,0.8069658288761337,0.8333333333333334,1.0,15.0,9.0
c100822af71d823ceb92422ee013d3680671fc302d8ac9a7b128bbc25872a39d,0.402178330422369,0.23459873465561462,0.8125,0.7931034482758621,0.6729745667118203,0.12486248559402012,0.01472368010071862,0.02558204015750727,0.8461538461538461,0.8430203957003354,-0.17499588443624498,-0.05000533393579262,0.7083333333333334,0.8215944398190349,0.5877675840978593,0.8,31.0,29.0
c21ac8906cfc53c421c9cfd41a85890aca501c14c848425ab7b8dc5012171eef,0.003466213111308421,0.04370397714612942,0.8333333333333334,0.9333333333333333,1.3905602023804235,0.020580621799796504,-0.1250004238574076,-0.018198334307506638,0.5555555555555556,0.75742993848257,-0.21036542689014257,-0.05757860352621256,0.6296296296296297,0.7249032974770334,0.7197278911564626,0.9333333333333333,23.0,15.0
c22b9dea1db6c0d6f828647a5fb5f4adc687785c34dbb67402445e1e1babf87a,-0.004948050973497144,0.010171836971315233,0.5,0.7333333333333333,0.2594883344941672,-0.018281276019021367,-0.2719757626836665,-0.048509322353047835,0.6666666666666666,0.8162977867203219,0.1877962921591348,0.018274769803148558,0.7333333333333333,0.7314707867696694,0.8518518518518519,0.7777777777777778,23.0,15.0
c29f09c13b091175432b61ad0f55c767f6851378764c8fd6191747df5adc2aa7,0.24012058964163766,0.16891347764917608,0.8,0.7,0.8664099577252486,0.08705814861834459,-0.25503359103361567,-0.03985080891567244,0.7222222222222222,0.845616502578528,-0.29275508730542477,-0.03577369427812237,0.7,0.844694813717464,0.7936507936507936,1.0,20.0,20.0
c2de648ee4bf53665a78b5e342f24477138b36cc822f0de513454efb3fea7238,0.1643139469226426,0.1649966751670793,0.7272727272727273,0.9,0.697389124747143,0.07408706932915224,-0.18802936194240544,-0.06056462798209553,0.7727272727272727,0.8358413132694938,0.05228302862032647,-0.0012435824999018524,0.6451612903225806,0.8307391904241024,0.7756410256410257,1.0,22.0,20.0
c61503eae2cf9c01bff63e000da77236a67aed8748d8c50eb5f42f619a3ef4c8,-0.3227228295692299,-0.117700692713336,0.75,0.9333333333333333,1.389403857335062,-0.05921209814881715,-0.0884109144116753,-0.01208067769000926,1.0,0.8070880526123494,0.08324575966961562,-0.005482482871724015,0.5666666666666667,0.7459618156886185,0.7093596059113301,0.8571428571428571,24.0,15.0
c67a2e0d2a5c64c81f71f8c18a34ab3115523bbbe9359a0ea3e15e46595f9fc9,0.2797768409186754,0.19934250993820146,0.6153846153846154,0.8235294117647058,0.5354467425913284,0.04898992333438099,0.09353928465641687,0.012800203878304346,0.7333333333333333,0.8170019467878,0.031349732773190815,-0.013037955155746949,0.85,0.749018898522763,0.7783312577833126,0.9090909090909091,25.0,17.0
c7c3f9a45f268c35dce1bf29c3c80f3a102ec11a41e8dd153f1ae21a9ce1bddd,-0.2686021681221882,-0.3146116078622068,0.3076923076923077,0.7368421052631579,0.41669320554238864,-0.20505806759252218,-0.20371888859639595,-0.12163470538581928,0.875,0.7986819696408736,-0.1870924829903239,-0.048353060401397696,0.8235294117647058,0.7458679350630075,0.6944444444444444,0.8333333333333334,25.0,19.0
c93ec00305554d300e8b71cf130e34e008cc6b0f1f81f066c9a1f661d15abb20,-0.07416565698594779,-0.05920099636624533,0.5833333333333334,0.875,0.5733941475533989,-0.039700425069172755,0.1565414521191398,0.017813122168071717,0.9230769230769231,0.7994226226926778,-0.16504379296124094,-0.03610136403715153,0.8333333333333334,0.7728294631473294,0.7895522388059701,0.8,23.0,16.0
cb4d6852b1816747c1efd290beb80a145972986395e2429814e647586556d30b,0.25998426920700585,0.1511117041810031,1.0,0.7777777777777778,0.7901756294622235,0.09487743500914127,-0.1871711439787135,-0.052539002626013666,0.8,0.7833482307166516,0.09970344681259284,0.014018938683414037,0.7241379310344828,0.8190477793100857,0.7756410256410257,0.9166666666666666,22.0,18.0
d1144b70c8b24cd180db8aeff2727d13ea3f260a43bda99d5159aede8278ca36,0.12995626238724797,0.018750182624395206,0.42857142857142855,0.6,0.9292372560814517,0.06180755329932446,-0.29473865644545166,-0.09364713561466555,0.5833333333333334,0.7871496562665256,-0.18241819371602652,-0.08077368312585337,0.6666666666666666,0.7902216639574405,0.8166666666666667,1.0,14.0,15.0
d33242bc372ed80a1b52b9691c5c7dcb9e872d43a1102d64dfdbf48da14ca624,0.4400392081707528,0.30838815918134,0.7272727272727273,0.5909090909090909,0.8269685919194594,0.13969203299312957,-0.19564520186026085,-0.024899179837621396,0.6,0.814933352599068,0.07810762034950776,0.031568788995102286,0.8,0.802841695269486,0.8166666666666667,0.9166666666666666,21.0,22.0
d382dd75f758c14f3003f6b94c846f0fbde4a5e08455bf42bf1561b399333101,0.21650663921913033,0.08854607659755419,0.8181818181818182,0.7777777777777778,0.7389610994441491,0.0951664015575492,0.11984179507690765,0.00843047480116557,0.7647058823529411,0.8759238521836505,-0.17625025670028482,-0.028540777029264493,0.5384615384615384,0.8093722491671987,0.6285714285714286,0.8181818181818182,22.0,18.0
d4186ee0615bb52cd1100c74ca837d37581eab9baba66f28122c905a7ee21974,0.21456455072674846,-0.002175861349368341,0.8181818181818182,0.7727272727272727,1.138278313192045,0.007398314041351657,-0.3365967672613928,-0.062307448601697346,0.6842105263157895,0.7962765957446808,-0.13528430344815015,-0.03646756882991274,0.6842105263157895,0.817585046162505,0.7205882352941176,0.8333333333333334,21.0,22.0
d68e3c9ad0eafacacdc925c9b7647dab33bcc659e3e00f8828e0e66a5fca1a5e,0.23353147450286155,0.2758037230120298,0.6363636363636364,0.6842105263157895,0.9568699391134463,0.1846673449307434,-0.3655289385011305,-0.060478465558923084,0.5384615384615384,0.6785682023486902,-0.19541705186282993,-0.05184504989673423,0.7272727272727273,0.780972974394027,0.8148148148148148,0.9090909090909091,22.0,19.0
d7103d6f6c43d7fe0bc245c10fb0ef05fe92651cfac27c82bac10fdd9035f1d4,-0.020878644863336373,0.03204168407661393,0.5833333333333334,0.85,0.8214868442554476,0.015086153638703134,-0.37855202539398636,-0.04436302013651449,0.5882352941176471,0.7840306059484143,-0.1623778539914448,-0.030552718881181284,0.7083333333333334,0.8129741587865295,0.7933884297520661,0.8181818181818182,24.0,20.0
d82162d80441bc08142700d8997d44f6b24bc222da2fc88817ded1e22ac8ca32,-0.041010085203441356,0.01696095476399287,0.8571428571428571,0.7777777777777778,0.5851671534491979,-0.004579154570698158,0.2716588025778241,0.033384955290301756,0.8666666666666667,0.8694190719766167,0.2343620551196655,0.030962983765574114,0.5806451612903226,0.7045684816885054,0.7984665936473165,0.8181818181818182,27.0,18.0
d85bb964ac84c3f34cceb4147cfa55d6736b5519c3c94643f3c9e5cf557133b7,-0.21143723066027245,-0.29963528071740925,0.6,0.7857142857142857,1.0367286573436985,-0.06975092391077037,-0.020650493201102488,-0.0013785619354024449,0.7,0.7312682641729983,0.023410549910787337,0.0027139320392964446,0.625,0.7678884908195253,0.6666666666666666,0.8333333333333334,20.0,14.0
d9b7867d4ae48d4d9e70c86c25981a9364aa57078e11308ede6d5e2c290706de,0.31155788173187393,0.08074863153858233,0.9166666666666666,0.7857142857142857,0.8675001571608927,0.021412427666401706,0.5574344152474275,0.04511129555792221,0.8888888888888888,0.752229020979021,0.1468126511702764,0.0055696009397560205,0.5,0.7467408585055644,0.8039513677811551,1.0,23.0,14.0
dc105e1e2f27bd51431aa8957f0a0779cea02d13de82489a4926a2482b1b71b8,-0.2282086198965262,-0.04452047945987988,0.46153846153846156,0.875,0.6541179902857486,-0.023353827913594003,0.04399407359044692,0.010051429656689008,0.75,0.7897384305835009,-0.2362172982830233,-0.04946691186584498,0.782608695652174,0.8105279104835187,0.7689873417721519,0.75,27.0,16.0
dc9e6645bbdfb7bfd9dfea4d52c4270c4526df8145fd4c14a1849ff0fa6da28f,0.4938947437183588,0.3031122286566258,0.9375,0.7741935483870968,0.7673400615071316,0.19313370017168519,-0.00827531037697291,0.0306366094754174,0.6428571428571429,0.8537116057355938,0.18912387570047187,0.038851449214519586,0.64,0.8126338567386117,0.6471380471380471,0.8666666666666667,31.0,31.0
dd94261223abd69c483328f46fa1d8dd1c0ad80d13ded2a5a7c92193bc64bcbc,-0.3231802185972539,-0.005472064500500272,0.7777777777777778,0.8666666666666667,0.3689645625958841,-0.029031797619433804,-0.06608157824352795,0.005507932535607014,0.6666666666666666,0.8272831645965976,0.0887718583319126,0.020002099425364555,0.7727272727272727,0.7753476778119627,0.7363636363636363,0.9090909090909091,18.0,15.0
de2cb190ec5c1795fee70d8e60a4c96f74bf8c80a73db448357dc10e49a2358e,-0.14387972783444414,-0.052372873566856465,0.4,0.7272727272727273,0.6915929354687508,-0.02433792674033218,0.1770247960266721,0.026619501044973824,0.8,0.9088514646021232,-0.021982455377119774,-0.030881662609763647,0.625,0.7498292369167018,0.8333333333333334,1.0,20.0,22.0
df30fd80817f67f9ac5163af67e525f5231ce0821a6b9230844b285c9b0e4d6c,-0.06762034325933891,-0.039028163684852214,0.45454545454545453,0.7058823529411765,0.783706452311215,-0.017160663999210624,0.18599418683123947,0.006381953448038882,0.5833333333333334,0.7982328755139533,0.17674493901222643,0.012159615991127835,0.8823529411764706,0.7548854405517339,0.8529980657640233,1.0,21.0,17.0
df71921876df998a31d25fe2ddd9af46b780dea8dc08cc073102ac3f1b870153,-0.5916399582187943,-0.23835927046232602,0.18181818181818182,0.5925925925925926,0.11114539217150936,-0.10926378594419414,-0.6524695585653447,-0.038167597977655135,0.6,0.8853023909985936,-0.007859348596117966,-0.0018688053382019912,0.6111111111111112,0.7948190535450393,0.8344827586206897,0.9,22.0,27.0
e04da216efa5451368a8aed81187a512b24a363fc8da47dc9b8da97334bd680b,0.18587573587981596,0.19598857367846448,0.6363636363636364,0.8888888888888888,0.7306399531743221,0.1316570273109211,0.3248863583828036,0.08152749446914975,0.8235294117647058,0.8368184483095564,-0.023598227010740807,-0.01797992148472466,0.6956521739130435,0.798730977649279,0.7806451612903226,0.8,22.0,18.0
e089ea6ddf5c765e819da94e24768c3d3c65880a9de0e848c9dd829f5c7ac871,0.12636022953356205,0.05405255885768842,0.7777777777777778,0.7222222222222222,0.3724291943484145,-0.015172290661910616,-0.45986837633525857,-0.06097553338200661,0.8,0.8463976305072194,-0.18351409286885267,-0.02825237551693304,0.68,0.8071498187205177,0.7363636363636363,0.9,18.0,18.0
e0bd6067745ee584fe283ce2c5444a143ce7d21c069a4eea010bc2761bfd221a,0.34479224651289636,0.16286261199134539,0.7692307692307693,0.7619047619047619,0.6582279665110063,0.0904015595813846,0.3396614095112163,0.036830890522700374,0.7857142857142857,0.8472686733556298,-0.22368218992078087,-0.04389819223382564,0.8214285714285714,0.8159820850122275,0.7878787878787878,0.9230769230769231,26.0,21.0
e119068e1f98085b99093f5303746b26e5769500a78ae9c650887ad24f18bc9c,-0.046543487912012904,-0.07163714132110685,0.6923076923076923,0.6666666666666666,0.6365644880732021,-0.023264919091137422,0.3081612270524676,0.061261332347003,0.6470588235294118,0.8563894523326573,-0.18090984666837492,-0.0486744425468641,0.8378378378378378,0.8181499854099796,0.7788018433179723,0.9285714285714286,26.0,21.0
e2321696db373d59cba1b70ce9e364cdb83a33a392cda49fb69016c4138a063d,-0.20718669654421917,-0.02660639405746207,0.8,0.8125,1.312313400874251,-0.002991521544619898,-0.12688893573197774,0.05490670708903526,0.6666666666666666,0.8478873239436618,0.14876878089236634,0.007292937823671556,0.5909090909090909,0.8286803658361562,0.7936507936507936,1.0,20.0,16.0
e331c679a32b15ffb0748fc3b8e01e8af2385bf4d085781ebea29c58cb001ef1,-0.06576021586087372,0.008506809391466794,0.5,0.8333333333333334,0.7111386503849002,-0.020862105477448448,-0.26723168106733414,-0.037355091172457895,0.7142857142857143,0.7900160434407011,-0.3000642074550396,-0.060349354242445544,0.75,0.8131947726779168,0.8151001540832049,0.9090909090909091,23.0,18.0
e36789326ee84bf0f2158e133b9d782bcaeb0c20cb289ee1977f2a2a2a3c3fbd,-0.09428518022706392,-0.07192760085489187,0.5384615384615384,0.8823529411764706,0.5806749474292888,-0.0738216270101241,0.002610398641574424,-0.00628982881589806,0.8461538461538461,0.794702228717574,-0.016478919424493765,-0.024397702405671944,0.8235294117647058,0.711081260418521,0.7575757575757576,0.8181818181818182,25.0,17.0
e37cc8a31143e459669a1a7253d83a9fcbc15bfeb54af98b95c3ae365f6b137e,0.010737500325861574,-0.05657856893888302,0.8181818181818182,0.6956521739130435,1.0279173305604283,-0.04588948041270018,-0.32325527296804324,-0.03782751547014196,0.6666666666666666,0.8802721088435373,0.0012202564809374226,0.01309414128379754,0.6363636363636364,0.7816512205779728,0.6419098143236074,0.8461538461538461,22.0,23.0
e65469dacd705ce72895eba2a2429496b764a2b1757f9f31f1d4c69ba7b14319,0.2771306468162403,0.2553537139466545,0.5555555555555556,0.7058823529411765,1.009486402752029,0.14762250675610847,-0.21983922987510138,-0.027440771381492677,0.7692307692307693,0.7777955144065768,-0.11503941075563258,-0.040567258118261285,0.7272727272727273,0.8094411079911665,0.7410256410256411,0.9,17.0,17.0
e845dda950f0b2d842c65d499e4867b7705dc5a5cf7c8d2746a47d60f1947ed4,-0.11908397501702593,-0.04032599329834402,0.6428571428571429,0.85,0.7684214935299442,-0.060212135181903305,-0.12309701034008737,-0.013255605961635733,0.7222222222222222,0.7884669479606189,-0.1839973829497796,-0.056301297753149106,0.8333333333333334,0.768569748096016,0.75,0.75,27.0,20.0
ea2c37bf46d2ebb68aea39c3a94120b5a57cfb0624655c9886755424b58219e5,0.11862899016384178,0.14602566263734004,0.6666666666666666,0.7777777777777778,0.45614248040938704,0.11267498935102503,0.13999556250104406,0.009630564751473373,0.6666666666666666,0.8708070155382166,0.07925127832465918,0.03713772099648997,0.6923076923076923,0.8029570861882437,0.7211538461538461,0.8333333333333334,30.0,27.0
eb21a7ad0f26165d256979f8161a167b35e3e7bad7a3d7c79b23b2fb7f1b2c42,0.19614741113473694,0.0414240663220761,0.8333333333333334,0.5,1.1353144057640894,0.18710266245872675,0.19264477879304523,0.06055039486801895,0.5,0.7868988559279134,-0.15508655878308208,-0.04668866763670183,0.6666666666666666,0.7983071653131132,0.8888888888888888,1.0,12.0,20.0
eb5bcc0b569fbe67823853dbae8962947f695b84e3de3f5406411c631461b8c2,0.05066580325678453,0.16543591533003102,0.45454545454545453,0.8125,0.8024328267198002,0.07633361167365534,-0.18070175438596495,-0.00035315046198323627,0.75,0.7795439302481556,-0.2562530974558386,-0.048748707177012095,0.6521739130434783,0.8160676813950051,0.75,0.9166666666666666,21.0,16.0
ecaaf6cfcb7f09f9e4f3583b2269fbeef2374549874d8906afa1c84aa83b4167,-0.519525520714154,-0.17716208729962601,0.16666666666666666,0.8571428571428571,0.7901487853528866,-0.07077085788634642,-0.24163690784004935,-0.00766145847498028,0.6666666666666666,0.7740945621542638,-0.2526677804027125,-0.05091523193451044,0.7222222222222222,0.7962235431510715,0.7633477633477633,0.8181818181818182,23.0,14.0
f0749918b79352a76a2f82d8243dadca1a939490e06a604054f73c01103bf6aa,-0.2330613648836007,-0.09800807832927247,0.8181818181818182,0.8235294117647058,0.8084247370101246,-0.02924444179399534,-0.0742847659361355,-0.0043964206785022195,0.8181818181818182,0.7832506479081821,0.37648059403344175,0.026045537162930062,0.5142857142857142,0.7249082788852945,0.8461538461538461,1.0,22.0,17.0
f5fe6a8b997bb4a499ac9e1f2b1ffc7d3d5e29af6e14260bb1c0e092d0cc9e94,0.0600915132899173,0.04603681971447574,0.5,0.8421052631578947,0.702878002696655,0.04282350470936831,-0.03610288610785559,-0.009182808153879753,0.7333333333333333,0.7977909416265581,-0.15121417845402782,-0.018135769342715245,0.7727272727272727,0.791958499127153,0.844574780058651,0.9090909090909091,24.0,19.0
f7ff7b4652be2c7c7228f82f72698dcb52c4c992c3e5d741d4ea331321b7e15f,0.21232603439355527,0.04832815391673051,0.9285714285714286,0.7419354838709677,0.4667788029960632,0.05677114887845108,-0.48549223493750704,-0.03127299947939561,0.7307692307692307,0.8857571214392804,-0.036260630977857644,-0.00017938070956954283,0.68,0.8034851872682294,0.7282717282717283,0.8461538461538461,27.0,31.0
f7ff7e499f1361f3fa538408906dd36230a40979ffa1a3dfc65da6750602f573,-0.1764330425318329,-0.006760923939081371,0.23076923076923078,0.6538461538461539,0.040372858922129155,0.018162483503408235,-0.5062834899362244,-0.03444416403343484,0.7083333333333334,0.901651344909772,-0.031187031114943833,-0.013922797723162465,0.7142857142857143,0.8253688505058054,0.8086124401913876,0.8181818181818182,26.0,26.0
f9123ab7bfc90345c239c8fd4ee196b260e48b949b6f3c74cff1427a9e586ec2,-0.18881118881118883,-0.16009232942756021,0.3333333333333333,0.6428571428571429,0.3726576993264397,0.024385434543003955,-0.2517482517482518,-0.06242126615475707,0.7,0.7777472527472526,-0.07438984033286991,-0.03232216953541385,0.6470588235294118,0.7894909065858363,0.75,1.0,12.0,14.0
f9debd48d3f8afd3a0c5ba6bc4186209e06813ea13aaf72243f7a73c77675c3a,0.15036626597840255,0.1690254214141506,0.4,0.75,0.42269244241944043,0.15212467904879173,-0.20009524681042662,0.01228606834307173,0.7058823529411765,0.8298311608783133,0.14551013672179755,0.04997103212243464,0.5384615384615384,0.7604059950673495,0.7568134171907757,0.7777777777777778,19.0,20.0
fa0172651f490aa8117b8e4451632f53683c7cac564a6e0ee74d98b1d859e0a0,0.6918907486914374,0.4750738021505092,1.0,0.7142857142857143,0.35459570388625383,0.27836712582422674,-0.020704960060591644,0.026901130360896107,0.7333333333333333,0.872493259786409,-0.08624979476289203,-0.017059505000393535,0.6052631578947368,0.8203362747650296,0.6887796887796888,0.7272727272727273,29.0,35.0
fce520001579af9d33e285f68366850b2b50260c04aa2cf7e5a288f3c0081a60,-0.08256442409801587,-0.003340132898902448,0.8888888888888888,0.6428571428571429,1.099492921681628,-0.018689617436298923,0.23242558673850278,0.014101264411235357,0.6666666666666666,0.8343428730202835,0.10965413721145291,0.018435605161803145,0.625,0.7483343868520861,0.7506493506493507,0.9090909090909091,17.0,14.0
fd9d4ce3fd00b24dcf3a4d388db5133e6530ab5d05f968289987737a727fe40d,-0.041254606515152364,-0.04832197434345828,0.7272727272727273,0.5714285714285714,0.6533932971037815,-0.07804383821232959,-0.5238871518251503,-0.05429858039648849,0.75,0.8490626015966478,-0.3352924819516182,-0.044399395491984066,0.6956521739130435,0.7918620204053931,0.7469135802469136,0.9166666666666666,22.0,28.0
fe71db0074bc2e858c5a304d6b508745d089fda0e00c2affa968d019f44bd19b,0.005886682977052602,0.014877224527181473,0.5,0.7058823529411765,0.9890883657351625,0.09007838821963687,-0.09078412990032037,-0.021610164644920576,0.5294117647058824,0.7370309577432529,-0.14233469045269212,-0.03149099086378784,0.6666666666666666,0.7927723521094342,0.8366013071895425,1.0,16.0,17.0
fec8dab0d1b890f3ebc5530f6074bd887b020ab42696bd267781a409c7355698,0.2368571327227562,0.19175023833460086,0.45454545454545453,0.7619047619047619,0.7379743396891932,0.1856070246436964,-0.20461189776778368,-0.02062175483350951,0.7857142857142857,0.7646794006045405,-0.16933535515992731,-0.03641011998491621,0.64,0.788215705392635,0.8402777777777778,1.0,22.0,21.0
ff42b758dd351c8e5702396b2160e8f10040c728a0112bd6f0bed0299865d5fc,0.3154142124023677,-0.04630930073595098,0.875,0.5,1.275213703328888,0.07104022017515046,-0.09481860025948878,0.04334349829858485,0.5,0.799452533488643,-0.3001918296352256,-0.08201036953341374,0.6842105263157895,0.8071344816202002,0.8333333333333334,1.0,15.0,24.0
